11000000000000000010000100110111
00010111010000000000000011101111
00000000000000000000000001101111
00000000000001010000011000010011
00000000000000000000010100010011
00000000000101011111011010010011
00000000000001101000010001100011
00000000110001010000010100110011
00000000000101011101010110010011
00000000000101100001011000010011
11111110000001011001011011100011
00000000000000001000000001100111
00000110000001010100000001100011
00000110000001011100011001100011
00000000000001011000011000010011
00000000000001010000010110010011
11111111111100000000010100010011
00000010000001100000110001100011
00000000000100000000011010010011
00000000101101100111101001100011
00000000110000000101100001100011
00000000000101100001011000010011
00000000000101101001011010010011
11111110101101100110101011100011
00000000000000000000010100010011
00000000110001011110011001100011
01000000110001011000010110110011
00000000110101010110010100110011
00000000000101101101011010010011
00000000000101100101011000010011
11111110000001101001011011100011
00000000000000001000000001100111
00000000000000001000001010010011
11111011010111111111000011101111
00000000000001011000010100010011
00000000000000101000000001100111
01000000101000000000010100110011
00000000101100000100100001100011
01000000101100000000010110110011
11111001110111111111000001101111
01000000101100000000010110110011
00000000000000001000001010010011
11111001000111111111000011101111
01000000101000000000010100110011
00000000000000101000000001100111
00000000000000001000001010010011
00000000000001011100101001100011
00000000000001010100110001100011
11110111100111111111000011101111
00000000000001011000010100010011
00000000000000101000000001100111
01000000101100000000010110110011
11111110000001010101100011100011
01000000101000000000010100110011
11110110000111111111000011101111
01000000101100000000010100110011
00000000000000101000000001100111
00000000000000010000100000110111
00000000000000000000011010010011
00000000000000000000011000010011
00000000111111110000001100110111
11110000000010000000100000010011
00000000110101010000011110110011
00000000000001111010011110000011
00000001100001111101100010010011
00000001100001111001011100010011
00000001000101110110011100110011
00000000100001111001100010010011
00000000011010001111100010110011
00000000100001111101011110010011
00000001000101110110011100110011
00000001000001111111011110110011
00000000111101110110011110110011
00000000111101100100011000110011
00000000011101101000011110010011
00000000010001101000011010010011
11111100101101111100010011100011
00000000000001100000010100010011
00000000000000001000000001100111
00000000101101010000010100110011
00000000000001010010011110000011
00000000111111110000011010110111
00000001100001111101011100010011
00000001100001111001010100010011
00000000111001010110010100110011
00000000100001111001011100010011
00000000110101110111011100110011
00000000111001010110010100110011
00000000000000010000011100110111
11110000000001110000011100010011
00000000100001111101011110010011
00000000111001111111011110110011
00000000111101010110010100110011
00000000000000001000000001100111
11111011000000010000000100010011
00000100000100010010011000100011
00000100100000010010010000100011
00000100100100010010001000100011
00000101001000010010000000100011
00000011001100010010111000100011
11000000000000000000100100110111
00000011010000010010110000100011
00000011010100010010101000100011
00000011011000010010100000100011
00000011011100010010011000100011
00000011100000010010010000100011
00000011100100010010001000100011
00000011101000010010000000100011
00000001101100010010111000100011
00000000000100000000011110010011
00000110111110010010000000100011
01011001010000000001000011101111
00000000001000000000011110010011
00000110111110010010000000100011
00000110000000000011000011101111
00000000001100000000011110010011
00000110111110010010000000100011
01010100100111010000011110110111
00000000000000000111010010110111
10011000010101111000011110010011
10110100111101001010010000100011
11011001110101010011011110110111
00000000000000000111010000110111
11000010100001111000011110010011
10100100111101000010010000100011
11011111000010001010011110110111
10110100100001001000010010010011
00111101011001111000011110010011
00000000111101001010001000100011
10000110101100110000011110110111
10100100100001000000010000010011
00010001010001111000011110010011
00000000111101000010001000100011
01101100001101110100011110110111
00010000101101111000011110010011
00000000111101001010010000100011
10100100110000100100011110110111
10101110110001111000011110010011
00000000111101000010010000100011
00111100011101111101011110110111
10001000100001111000011110010011
00000000111101001010011000100011
11001110001111101100011110110111
00011111001001111000011110010011
00000000111101000010011000100011
11111010001101001000011110110111
01000111000001111000011110010011
00000000111101001010100000100011
00110100100110100101011110110111
10111101101101111000011110010011
00000000111101000010100000100011
00000011011001000110011110110111
11100100000101111000011110010011
00000000111101001010101000100011
00110111011110101011011110110111
00110010100101111000011110010011
00000000111101000010101000100011
00110111011100011011011110110111
01010001101001111000011110010011
00000000111101001010110000100011
11010001001000010001011110110111
10111101010001111000011110010011
00000000111101000010110000100011
00101110011111001000011110110111
10001000111101111000011110010011
00000000111101001010111000100011
10000010010110011110011110110111
01100001111001111000011110010011
00000000111101000010111000100011
11111100100011101110011110110111
00100010100001111000011110010011
00000010111101001010000000100011
01100011001011000001011110110111
01010101000001111000011110010011
00000010111101000010000000100011
01101011111001101001011110110111
00001110110101111000011110010011
00000010111101001010001000100011
01111011110100000110011110110111
00000111100101111000011110010011
00000010111101000010001000100011
11001010110011101000011110110111
11010000111001111000011110010011
00000010111101001010010000100011
10001011110001110000011110110111
10101111001001111000011110010011
00000010111101000010010000100011
00010111011111101101011110110111
01010001100101111000011110010011
00000010111101001010011000100011
11010000000100101000011110110111
11010001100001111000011110010011
00000010111101000010011000100011
00010000000011010100011110110111
01010101101001111000011110010011
00000010111101001010100000100011
00101010000000011111011110110111
00110110001001111000011110010011
00000010111101000010100000100011
10110101101000110111011110110111
01111100010001111000011110010011
00000010111101001010101000100011
00111101001001110010011110110111
01001110101101111000011110010011
00000010111101000010101000100011
11100001010000011000011110110111
10110011100001111000011110010011
00000010111101001010110000100011
10101101010011111100011110110111
10100001111101111000011110010011
00000010111101000010110000100011
01100010010110001010011110110111
00111100111101111000011110010011
00000010111101001010111000100011
11110111001110000111011110110111
11010011110001111000011110010011
00000010111101000010111000100011
01000001111011010000011110110111
11011011001001111000011110010011
00000100111101001010000000100011
11110011010101101111011110110111
10001011100001111000011110010011
00000100111101000010000000100011
00110110010010000000011110110111
11001101000101111000011110010011
00000100111101001010001000100011
01110101010110011001011110110111
10110011101101111000011110010011
00000100111101000010001000100011
11000100111001101100011110110111
11111001010101111000011110010011
00000100111101001010010000100011
11110111011001010101011110110111
00100010011001111000011110010011
00000100111101000010010000100011
11110010100110110011011110110111
01001100100001111000011110010011
00000100111101001010011000100011
11100010011010001011011110110111
10100011101001111000011110010011
00000100111101000010011000100011
11000110001101110010011110110111
00101000010001111000011110010011
00000100111101001010100000100011
11000110010000100101011110110111
11110001101001111000011110010011
00000100111101000010100000100011
00100001011100010010011110110111
00000001111001111000011110010011
00000100111101001010101000100011
01011001000110001001011110110111
01000011110001111000011110010011
00000100111101000010101000100011
10001100101000000101011110110111
01010101011101111000011110010011
00000100111101001010110000100011
10000110100001011010011110110111
01110010101101111000011110010011
00000100111101000010110000100011
00100000011010000011011110110111
10101111111001111000011110010011
00000100111101001010111000100011
00010101000111100011011110110111
00000000100001111000011110010011
00000100111101000010111000100011
01010001000010000111011110110111
10100111011101111000011110010011
00000110111101001010000000100011
00000100001001111011011110110111
00111011010001111000011110010011
00000110111101000010000000100011
11101111010011001011011110110111
10101101000001111000011110010011
00000110111101001010001000100011
00000111100101110011011110110111
11011011001101111000011110010011
00000110111101000010001000100011
10101111010001010001011110110111
00101101000001111000011110010011
00000110111101001010010000100011
11011010111110110010011110110111
10111010000101111000011110010011
00000110111101000010010000100011
01110011001111000011011110110111
00100001101001111000011110010011
00000110111101001010011000100011
11011011000101110110011110110111
11001100010101111000011110010011
00000110111101000010011000100011
01010100011010001101011110110111
00100011010101111000011110010011
00000110111101001010100000100011
11111110101100000111011110110111
10111100000001111000011110010011
00000110111101000010100000100011
11101101101110111011011110110111
11001110000001111000011110010011
00000110111101001010101000100011
11101010100111001000011110110111
11000111111001111000011110010011
00000110111101000010101000100011
01101110000111010001011110110111
00010011110001111000011110010011
00000110111101001010110000100011
01111100100110000101011110110111
01010111010101111000011110010011
00000110111101000010110000100011
10010100110000011000011110110111
00011110101101111000011110010011
00000110111101001010111000100011
00001001100011111001011110110111
10100011100101111000011110010011
00000110111101000010111000100011
10111011111010111110011110110111
11001010010101111000011110010011
00001000111101001010000000100011
11101011000101100100011110110111
01001001010001111000011110010011
00001000111101000010000000100011
11100100101010100101011110110111
01101110010001111000011110010011
00001000111101001010001000100011
01110010001110000101011110110111
10100110100101111000011110010011
00001000111101000010001000100011
00011100111111110011011110110111
01001110110101111000011110010011
00001000111101001010010000100011
00100001101111100000011110110111
00111110110001111000011110010011
00001000111101000010010000100011
00101010000011011010011110110111
00100010100101111000011110010011
00001000111101001010011000100011
11100011011001110011011110110111
11111001101001111000011110010011
00001000111101000010011000100011
01110110110010011100011110110111
01001101001101111000011110010011
00001000111101001010100000100011
01100111011000011010011110110111
01010000000101111000011110010011
00001000111101000010100000100011
00110110011110000011011110110111
01110011111101111000011110010011
00001000111101001010101000100011
01010011100100101000011110110111
10110110110101111000011110010011
00001000111101000010101000100011
01111010000000011111011110110111
11110100000001111000011110010011
00001000111101001010110000100011
00011010111000110100011110110111
11101100110101111000011110010011
00001000111101000010110000100011
11100001000101001010011110110111
01011111000101111000011110010011
00001000111101001010111000100011
11110111011101100110011110110111
11010101101101111000011110010011
00001000111101000010111000100011
10100111110010001100011110110111
10000101110101111000011110010011
00001010111101001010000000100011
11110101010101100000011110110111
11011001011101111000011110010011
00001010111101000010000000100011
01000011101011101101011110110111
01110011111101111000011110010011
00001010111101001010001000100011
00110100110001100111011110110111
11101100100001111000011110010011
00001010111101000010001000100011
00101111111110111010011110110111
01001100101001111000011110010011
00001010111101001010010000100011
00101111110101001110011110110111
10000000010101111000011110010011
00001010111101000010010000100011
00100110011010001110011110110111
00101000110001111000011110010011
00001010111101001010011000100011
11011000001111011101011110110111
10000011000101111000011110010011
00001010111101000010011000100011
00000001111000010001011110110111
01100001111001111000011110010011
00001010111101001010100000100011
01010101000011111111011110110111
11010000010101111000011110010011
00001010111101000010100000100011
11111010101000011100011110110111
00101010010101111000011110010011
00001010111101001010101000100011
11000101010011111100011110110111
00111010001101111000011110010011
00001010111101000010101000100011
01100000001110000110011110110111
11000111110101111000011110010011
00001010111101001010110000100011
00011010100001010111011110110111
01101000110001111000011110010011
00001010111101000010110000100011
10011010110101001101011110110111
00110000000101111000011110010011
00001010111101001010111000100011
00100110110001000111011110110111
11000001100001111000011110010011
00001010111101000010111000100011
11101010101001010100011110110111
00001001110101111000011110010011
00001100111101001010000000100011
10101000010001110100011110110111
00100100010001111000011110010011
00001100111101000010000000100011
11101101100010001100011110110111
11010100010101111000011110010011
00001100111101001010001000100011
01111110111000100000011110110111
10100101100101111000011110010011
00001100111101000010001000100011
10101001111100001011011110110111
11011001010101111000011110010011
00001100111101001010010000100011
10111110001101011010011110110111
11001000101101111000011110010011
00001100111101000010010000100011
01111000010001110111011110110111
00111011100001111000011110010011
00001100111101001010011000100011
11101001010101010000011110110111
11110001100001111000011110010011
00001100111101000010011000100011
11100010111010011111011110110111
00001111011001111000011110010011
00001100111101001010100000100011
10101110011100101100011110110111
10110010000001111000011110010011
00001100111101000010100000100011
00000011010110101111011110110111
10010101101101111000011110010011
00001100111101001010101000100011
10111010000110001110011110110111
00101110111101111000011110010011
00001100111101000010101000100011
11000110010010100000011110110111
10111110011101111000011110010011
00001100111101001010110000100011
11000000000111111111011110110111
11111110001101111000011110010011
00001100111101000010110000100011
11001100010010000100011110110111
11111111101001111000011110010011
00001100111101001010111000100011
10010101100000010010011110110111
00111100111001111000011110010011
00001100111101000010111000100011
10110001000001100011011110110111
10011101100001111000011110010011
00001110111101001010000000100011
01100101111100001000011110110111
11000110011101111000011110010011
00001110111101000010000000100011
11101110110001010111011110110111
11000110010101111000011110010011
00001110111101001010001000100011
01111110110010010110011110110111
10111010011101111000011110010011
00001110111101000010001000100011
01100011111011001110011110110111
11100001111101111000011110010011
00001110111101001010010000100011
10110001110010000110011110110111
11110001110001111000011110010011
00001110111101000010010000100011
11010010010011110001011110110111
00110000010001111000011110010011
00001110111101001010011000100011
00100011001001010011011110110111
11111001111101111000011110010011
00001110111101000010011000100011
11011100110110001111011110110111
00001110011101111000011110010011
00001110111101001010100000100011
11010000010011011100011110110111
00011011111101111000011110010011
00001110111101000010100000100011
11010110111000000011011110110111
01110010110101111000011110010011
00001110111101001010101000100011
11110010001100000000011110110111
00100011111101111000011110010011
00001110111101000010101000100011
00111001001001110001011110110111
01111111111101111000011110010011
00001110111101001010110000100011
10001100110101110010011110110111
11100110110101111000011110010011
00001110111101000010110000100011
10100001001100011010011110110111
11111110010001111000011110010011
00001110111101001010111000100011
11010110100011110010011110110111
10100100110101111000011110010011
00001110111101000010111000100011
00000000010000000000101100010011
00000011000000100000011110110111
00000111011010010010000000100011
00000000000000000111010110110111
00010000000001111000011110010011
10100010111101011010110000100011
00000111000001100000011110110111
10100011100001011000010110010011
01010000010001111000011110010011
00000000111101011010001000100011
00001011000010100001011110110111
10010000100001111000011110010011
00000000111101011010010000100011
00001111000011100001011110110111
11010000110001111000011110010011
00000000111101011010011000100011
00110011001000100001011110110111
00000000000000000111110010110111
00010000000001111000011110010011
10100010111111001010010000100011
01110111011001100101011110110111
10100010100011001000110010010011
01010100010001111000011110010011
00000000111111001010001000100011
10111011101010101010011110110111
10011000100001111000011110010011
00000000111111001010010000100011
11111111111011101110011110110111
11011100110001111000011110010011
00000000111111001010011000100011
00000000000000000111110100110111
00000000010100000000011110010011
00000000000000000000011010010011
00000001000000000000011000010011
00000000000000000000011100010011
00000110111110010010000000100011
10010000100011010000010100010011
01100010000100000000000011101111
00000000011000000000011110010011
00000000000000000110100110110111
00000110111110010010000000100011
00010000000000000000101000010011
00000000000000000000010110010011
01001100100010011000010100010011
00000001010000010010011000100011
00111110010100000010000011101111
00000000000001010000110000010011
01001100100010011000010100010011
01110001100100000010000011101111
01001100100010011000100110010011
00000000010010011010011100000011
00000000000000000110110110110111
00000000000001010000101110010011
00000100111010010010111000100011
01101101110011011000010100010011
01101111110100000010000011101111
00000000000001010000101010010011
00000000000010100000011000010011
00000000000001001000010110010011
00000000000010011000010100010011
00010110110000000011000011101111
00000000000000010000010110110111
00000000000001010000010010010011
00000000000101011000010110010011
01101101110011011000010100010011
00000000100000000011000011101111
00000101100010010010000000100011
00000100100110010010001000100011
00000100101010010010010000100011
00000101011110010010011000100011
00000101010110010010100000100011
00000000010010011010011100000011
00000000011100000000011110010011
00000000000000000110010010110111
00000100111010010010101000100011
00001000001100000000011100010011
00000100111010010010110000100011
00000110111110010010000000100011
11000000110111100000011110110111
00000000001001111000011110010011
01000010000010011010100000100011
00000001000000000000011010010011
00000000111110010010101000100011
00000000000011001000011000010011
01001011100001001000010110010011
10010000100011010000010100010011
01010111010100000000000011101111
00000000000000000110101110110111
00000000100000000000110000010011
00000000000000000000011000010011
00000000000000000000010110010011
00000111100010010010000000100011
00110010000010111000010100010011
01110011000000000010000011101111
00000000100100000000011110010011
00000000000000000000011000010011
00000110111110010010000000100011
00000000000000000000010110010011
00110010000010111000010100010011
01110100010000000010000011101111
00000000000000000110101010110111
00000000101000000000011110010011
00000110111110010010000000100011
00110000000010101000010110010011
00110010000010111000010100010011
00001001110100000010000011101111
00000000101100000000011110010011
00000110111110010010000000100011
00000000000010011000011110010011
00000000000000000110100110110111
00000000000000000000100000010011
00000000110000010000011010010011
00100000000010011000011000010011
00000000000000000000011100010011
00000000000010100000010110010011
00000000000001000000010100010011
01011100110100000010000011101111
00000010101010010010110000100011
00000000110000010010011100000011
00000000110000000000010000010011
00000000000000000000010110010011
00000010111010010010111000100011
00000110100010010010000000100011
01001011100001001000010100010011
11110110100011111111000011101111
11000000000000000000011110110111
00000000101001111010000000100011
00000000000010110000010110010011
01001011100001001000010100010011
11110101010011111111000011101111
11000000000000000000011110110111
00000000101001111010001000100011
00000000000011000000010110010011
01001011100001001000010100010011
11110100000011111111000011101111
11000000000000000000011110110111
00000000101001111010010000100011
00000000000001000000010110010011
01001011100001001000010100010011
11110010110011111111000011101111
11000000000000000000011110110111
00000000101001111010011000100011
00000000000000000000010110010011
00110000000010101000010100010011
11110001100011111111000011101111
11000000000000000000011110110111
00000010101001111010000000100011
00000000000010110000010110010011
00110000000010101000010100010011
11110000010011111111000011101111
11000000000000000000011110110111
00000010101001111010001000100011
00000010000000000000010110010011
00110000000010101000010100010011
11101001100011111111000011101111
11000000000000000000011110110111
00000010101001111010010000100011
00000000000010100000010110010011
00100000000010011000010100010011
11101000010011111111000011101111
11000000000000000000011110110111
00000010101001111010100000100011
00000000000000000000010110010011
00100000000010011000010100010011
11101100100011111111000011101111
11000000000000000000011110110111
00000010101001111010101000100011
00000000000001111000011100010011
01100000000011010000011110110111
00000000000101111000011110010011
00000000111101110010100000100011
00000000000000000000000001101111
00000000001101110001011100010011
00000000001101100001011000010011
00000000001101011001010110010011
00000000001101101001011010010011
00000000110001010101011000110011
00000000101101010101010110110011
00000000110101010101011010110011
00000000111001010101010100110011
00000000101001101100011010110011
00000000110001101100011010110011
00000000101101100100011000110011
00000001100001100001011110010011
01000001111101111101010100010011
00000000000101100001011000010011
00000001101101010111010100010011
00000000110001010100010100110011
00000000110101010100010100110011
00001111111101010111010100010011
00000000000000001000000001100111
11111111110001011111011110010011
00000000111101010000010100110011
00000000000001010010010100000011
00000000001101011111010110010011
00000000001101011001010110010011
00000000101101010101010100110011
00001111111101010111010100010011
00000000000000001000000001100111
11110111000000010000000100010011
00001000100100010010001000100011
00000111011000010010100000100011
00000000000001100000010010010011
00000000000001010000101100010011
00000000010000000000011000010011
00000100000000010000010100010011
00001000000100010010011000100011
00001000100000010010010000100011
00001001001000010010000000100011
00000000000001011000010000010011
00000111001100010010111000100011
00000111010000010010110000100011
00000111010100010010101000100011
00000111011100010010011000100011
00000000000101101001101010010011
00000111100000010010010000100011
00000111100100010010001000100011
00000111101000010010000000100011
00000101101100010010111000100011
00000100000000010010000000100011
00000100000000010010001000100011
00000100000000010010010000100011
00000100000000010010011000100011
00001010110100000100000011101111
00000000010000000000011000010011
00000000110001000000010110110011
00000100010000010000010100010011
00001001110100000100000011101111
00000000100001000000010110010011
00000000010000000000011000010011
00000100100000010000010100010011
00001000110100000100000011101111
00000000110001000000010110010011
00000000010000000000011000010011
00000100110000010000010100010011
00000111110100000100000011101111
00000100000000010010010100000011
00000001000010110000101100010011
00000000000010101000110000010011
01011011010000000100000011101111
00000100101000010010000000100011
00000100010000010010010100000011
00000000000100000000110010010011
00000000000000000111010000110111
01011010000000000100000011101111
00000100101000010010001000100011
00000100100000010010010100000011
01011001010000000100000011101111
00000100101000010010010000100011
00000100110000010010010100000011
01011000100000000100000011101111
00000100000000010010011110000011
11111111000010110010100110000011
11111111010010110010100100000011
11111111100010110010101000000011
00000000111110011100100110110011
00000100010000010010011110000011
00000000111110010100100100110011
00000100100000010010011110000011
00000000111110100100101000110011
11111111110010110010011110000011
00000000000010110000101110010011
00000000111101010100010100110011
00000001000010010101011110010011
00001111111101111111110110010011
00000000100010100101011110010011
00001111111101111111011110010011
00000000111100010010011000100011
00001111111101010111011110010011
00000000111100010010100000100011
00000001100010010101011110010011
00000000111100010010101000100011
00000001000010100101011110010011
00001111111101111111011110010011
00000000111100010010110000100011
00000000100001010101011110010011
00001111111101111111011110010011
00000000111100010010111000100011
00001111111110011111011110010011
00000010111100010010000000100011
00000001100010100101011110010011
00000010111100010010001000100011
00000001000001010101011110010011
00001111111101111111011110010011
00000010111100010010010000100011
00000000100010011101011110010011
00001111111101111111011110010011
00000010111100010010011000100011
00001111111110010111011110010011
00000010111100010010100000100011
00000000100010010101100100010011
00000001100001010101011110010011
00000010111100010010101000100011
00001111111110010111011110010011
00000010111100010010110000100011
00001111111110100111011110010011
00000001100010011101010110010011
00000010111100010010111000100011
00000001000010011101100110010011
00001111111110011111100110010011
00100111100011001110000001100011
00000001010100000011011110110011
01000000111110101000011010110011
00000000010001101001011010010011
11000100100001000000010100010011
00000000110110110000101100110011
11100011010111111111000011101111
00000000000001010000110100010011
00000000000011011000010110010011
11000100100001000000010100010011
11100010010111111111000011101111
00000000110000010010010110000011
00000000000001010000110110010011
11000100100001000000010100010011
11100001010111111111000011101111
00000001000000010010010110000011
00000000101000010010011000100011
11000100100001000000010100010011
11100000010111111111000011101111
00000001010000010010010110000011
00000000101000010010100000100011
11000100100001000000010100010011
11011111010111111111000011101111
00000001100000010010010110000011
00000000101000010010101000100011
11000100100001000000010100010011
11011110010111111111000011101111
00000001110000010010010110000011
00000000101000010010110000100011
11000100100001000000010100010011
11011101010111111111000011101111
00000010000000010010010110000011
00000000101000010010111000100011
11000100100001000000010100010011
11011100010111111111000011101111
00000010010000010010010110000011
00000010101000010010000000100011
11000100100001000000010100010011
11011011010111111111000011101111
00000010100000010010010110000011
00000000000001010000110000010011
11000100100001000000010100010011
11011010010111111111000011101111
00000010110000010010010110000011
00000000000001010000101110010011
11000100100001000000010100010011
11011001010111111111000011101111
00000011000000010010010110000011
00000000000001010000100100010011
11000100100001000000010100010011
11011000010111111111000011101111
00000011010000010010010110000011
00000000000001010000110010010011
11000100100001000000010100010011
11010111010111111111000011101111
00000000000001010000101010010011
00000000000010011000010110010011
11000100100001000000010100010011
11010110010111111111000011101111
00000011100000010010010110000011
00000000000001010000101000010011
11000100100001000000010100010011
11010101010111111111000011101111
00000011110000010010010110000011
00000000000001010000100110010011
11000100100001000000010100010011
11010100010111111111000011101111
00000001000000010010011010000011
00000000000010110010011100000011
00000000000001010000011110010011
00000000111001101100011100110011
00000001100011010001011010010011
00000000110101110100011100110011
00000001000011011001011010010011
00000000110101110100011100110011
00000000110000010010011010000011
00000000100001101001011010010011
00000000110101110100010100110011
00000010000000010010011010000011
00000000010010110010011100000011
00000100101000010010000000100011
00000000111001101100011100110011
00000001010000010010011010000011
00000001100001101001011010010011
00000000110101110100011100110011
00000001100000010010011010000011
00000001000001101001011010010011
00000000110101110100011100110011
00000001110000010010011010000011
00000000100001101001011010010011
00000000110101110100011100110011
00000100111000010010001000100011
00000000100010110010011100000011
00000001100011000001011010010011
00000000111011001100011100110011
00000000110101110100011100110011
00000001000010111001011010010011
00000000110101110100011100110011
00000000100010010001011010010011
00000000110101110100011100110011
00000100111000010010010000100011
00000000110010110010011100000011
00000000111001111100011110110011
00000001100010101001011100010011
00000000111001111100011110110011
00000001000010100001011100010011
00000000111001111100011110110011
00000000100010011001011100010011
00000000111001111100011110110011
00000100111100010010011000100011
00110000100000000100000011101111
00000100101000010010000000100011
00000100010000010010010100000011
00101111110000000100000011101111
00000100101000010010001000100011
00000100100000010010010100000011
00101111000000000100000011101111
00000100101000010010010000100011
00000100110000010010010100000011
00101110010000000100000011101111
00000100101000010010011000100011
00000100000000010000010110010011
00000000010000000000011000010011
00000000000001001000010100010011
01011000100000000100000011101111
00000000010000000000011000010011
00000100010000010000010110010011
00000000110001001000010100110011
01010111100000000100000011101111
00000100100000010000010110010011
00000000010000000000011000010011
00000000100001001000010100010011
01010110100000000100000011101111
00000100110000010000010110010011
00000000110001001000010100010011
00000000010000000000011000010011
01010101100000000100000011101111
00001000110000010010000010000011
00001000100000010010010000000011
00001000010000010010010010000011
00001000000000010010100100000011
00000111110000010010100110000011
00000111100000010010101000000011
00000111010000010010101010000011
00000111000000010010101100000011
00000110110000010010101110000011
00000110100000010010110000000011
00000110010000010010110010000011
00000110000000010010110100000011
00000101110000010010110110000011
00001001000000010000000100010011
00000000000000001000000001100111
00000000000000000111110100110111
11000100100011010000010100010011
10111110010111111111000011101111
00000000000011011000010110010011
00000001100001010001100100010011
11000100100011010000010100010011
10111101010111111111000011101111
00000000110000010010010110000011
00000001000001010001010100010011
00000000101010010100100100110011
11000100100011010000010100010011
10111100000111111111000011101111
00000001000000010010010110000011
00000000000001010000101000010011
11000100100011010000010100010011
10111011000111111111000011101111
00000001010000010010010110000011
00000000100010100001011110010011
00000001001001010100010100110011
00000000101001111100110110110011
11000100100011010000010100010011
10111001100111111111000011101111
00000001100000010010010110000011
00000001100001010001100100010011
11000100100011010000010100010011
10111000100111111111000011101111
00000001110000010010010110000011
00000001000001010001010100010011
00000000101010010100100100110011
11000100100011010000010100010011
10110111010111111111000011101111
00000010000000010010010110000011
00000000000001010000101000010011
11000100100011010000010100010011
10110110010111111111000011101111
00000010010000010010010110000011
00000001001001010100010100110011
00000000100010100001011110010011
00000000101001111100011110110011
11000100100011010000010100010011
00000000111100010010011000100011
10110100100111111111000011101111
00000010100000010010010110000011
00000001100001010001100100010011
11000100100011010000010100010011
10110011100111111111000011101111
00000010110000010010010110000011
00000001000001010001010100010011
00000000101010010100100100110011
11000100100011010000010100010011
10110010010111111111000011101111
00000011000000010010010110000011
00000000100001010001101000010011
11000100100011010000010100010011
10110001010111111111000011101111
00000011010000010010010110000011
00000001001001010100010100110011
00000000101010100100101000110011
11000100100011010000010100010011
10110000000111111111000011101111
00000000000010011000010110010011
00000001100001010001100100010011
11000100100011010000010100010011
10101111000111111111000011101111
00000011100000010010010110000011
00000001000001010001010100010011
00000000101010010100100100110011
11000100100011010000010100010011
10101101110111111111000011101111
00000011110000010010010110000011
00000000100001010001100110010011
11000100100011010000010100010011
10101100110111111111000011101111
00000001001001010100010100110011
00000000101010011100110100110011
00000000000100000000011100010011
00000000000000000000011010010011
00000000001000000000011000010011
00000000001100000000010110010011
00000000000011011000010100010011
10100110000111111111000011101111
00000000101000010010100000100011
00000000001100000000011100010011
00000000000000000000011010010011
00000000000100000000011000010011
00000000001000000000010110010011
00000000000011011000010100010011
10100100010111111111000011101111
00000000001100000000011100010011
00000000001000000000011010010011
00000000000000000000011000010011
00000000000100000000010110010011
00000001000001010001100110010011
00000000000011011000010100010011
10100010100111111111000011101111
00000000100001010001100100010011
00000000000100000000011100010011
00000000001000000000011010010011
00000000001100000000011000010011
00000000000000000000010110010011
00000000000011011000010100010011
10100000110111111111000011101111
00000000000010111010011110000011
00000000000100000000011100010011
00000000000000000000011010010011
00000000111101010100010100110011
00000001000000010010011110000011
00000000001000000000011000010011
00000000001100000000010110010011
00000001100001111001011110010011
00000000111101010100010100110011
00000001001101010100100110110011
00000000110000010010010100000011
00000001001010011100100110110011
11111111111111000000110000010011
10011101010111111111000011101111
00000000000001010000110110010011
00000000110000010010010100000011
00000000001100000000011100010011
00000000000000000000011010010011
00000000000100000000011000010011
00000000001000000000010110010011
10011011100111111111000011101111
00000000101000010010100000100011
00000000110000010010010100000011
00000000001100000000011100010011
00000000001000000000011010010011
00000000000000000000011000010011
00000000000100000000010110010011
10011001110111111111000011101111
00000000100001010001100100010011
00000000110000010010010100000011
00000000000100000000011100010011
00000000001000000000011010010011
00000000001100000000011000010011
00000000000000000000010110010011
10011000000111111111000011101111
00000000010010111010011110000011
00000000000100000000011100010011
00000000000000000000011010010011
00000000111101010100010100110011
00000001100011011001011110010011
00000000111101010100010100110011
00000001000000010010011110000011
00000000001000000000011000010011
00000000001100000000010110010011
00000001000001111001011110010011
00000000111101010100010100110011
00000001001001010100100100110011
00000000000010100000010100010011
10010100100111111111000011101111
00000000000001010000110110010011
00000000001100000000011100010011
00000000000000000000011010010011
00000000000100000000011000010011
00000000001000000000010110010011
00000000000010100000010100010011
10010010110111111111000011101111
00000000101000010010011000100011
00000000001100000000011100010011
00000000001000000000011010010011
00000000000000000000011000010011
00000000000100000000010110010011
00000000000010100000010100010011
10010001000111111111000011101111
00000000101000010010100000100011
00000000000100000000011100010011
00000000001000000000011010010011
00000000001100000000011000010011
00000000000000000000010110010011
00000000000010100000010100010011
10001111010111111111000011101111
00000000100010111010011110000011
00000000000100000000011100010011
00000000000000000000011010010011
00000000111101010100101000110011
00000001100011011001011110010011
00000000111110100100101000110011
00000000110000010010011110000011
00000000001000000000011000010011
00000000001100000000010110010011
00000001000001111001011110010011
00000000111110100100101000110011
00000001000000010010011110000011
00000000000011010000010100010011
00000001000010111000101110010011
00000000100001111001011110010011
00000000111110100100101000110011
10001011000111111111000011101111
00000000000001010000110110010011
00000000001100000000011100010011
00000000000000000000011010010011
00000000000100000000011000010011
00000000001000000000010110010011
00000000000011010000010100010011
10001001010111111111000011101111
00000000101000010010011000100011
00000000001100000000011100010011
00000000001000000000011010010011
00000000000000000000011000010011
00000000000100000000010110010011
00000000000011010000010100010011
10000111100111111111000011101111
00000000101000010010100000100011
00000000000100000000011100010011
00000000001000000000011010010011
00000000001100000000011000010011
00000000000000000000010110010011
00000000000011010000010100010011
10000101110111111111000011101111
11111111110010111010011110000011
00000000111101010100010100110011
00000001100011011001011110010011
00000000111101010100010100110011
00000000110000010010011110000011
00000001000001111001011110010011
00000000111101010100010100110011
00000001000000010010011110000011
00000000100001111001011110010011
00000000111101010100010100110011
10011001110111111111000001101111
00000100000001010000001001100011
11111111000000010000000100010011
00000000100000010010010000100011
00000000000100010010011000100011
00000000000001010000010000010011
00000001000000000000011000010011
00001111100001010000010100010011
00000010000001011000000001100011
00011000010000000100000011101111
00000000110000010010000010000011
00010000000001000010110000100011
00000000100000010010010000000011
00000000000000000000010100010011
00000001000000010000000100010011
00000000000000001000000001100111
00100000100000000100000011101111
11111110010111111111000001101111
11110101001100000000010100010011
00000000000000001000000001100111
11111100000000010000000100010011
00000010000100010010111000100011
00000010100000010010110000100011
00000010100100010010101000100011
00000011001000010010100000100011
00000011001100010010011000100011
00000011010000010010010000100011
00000011010100010010001000100011
00000011011000010010000000100011
00000001011100010010111000100011
00000001100000010010110000100011
00000001100100010010101000100011
00000001101000010010100000100011
00000010000001010000001001100011
11111111000001100000011100010011
00000001000000000000011110010011
00000000111001111110110001100011
00000000000000010000011110110111
00010000000101111000011110010011
00000000111001111101011110110011
00000000000101111111011110010011
00000100000001111001001001100011
11110101001100000000100110010011
00000011110000010010000010000011
00000011100000010010010000000011
00000011010000010010010010000011
00000011000000010010100100000011
00000010100000010010101000000011
00000010010000010010101010000011
00000010000000010010101100000011
00000001110000010010101110000011
00000001100000010010110000000011
00000001010000010010110010000011
00000001000000010010110100000011
00000000000010011000010100010011
00000010110000010010100110000011
00000100000000010000000100010011
00000000000000001000000001100111
00000000001001100101011110010011
00000000011001111000011110010011
00000000000001011000100100010011
00010000000001010010110000100011
00000000000001101000010110010011
00001110110001010010101000100011
00001110111101010010100000100011
00000000000001010000010000010011
00000000000001100000010010010011
11101111100111111111000011101111
00000000000001010000100110010011
11111000000001010001101011100011
00000000000010010000010110010011
00000000000001001000011000010011
00000000000001000000010100010011
00001000010000000100000011101111
00000000000001001000011000010011
00000000000001000000010110010011
00000000000001000000010100010011
01011111000100000011000011101111
00000000000010010000010110010011
00000000000001001000011000010011
00000000000001000000010100010011
00000110010000000100000011101111
00000000000001001000011000010011
00000000000001000000010110010011
00000000000001000000010100010011
01011101000100000011000011101111
00000001100000000000011110010011
00000000000000000111101010110111
00000000000000000111100100110111
00010100111101001000010001100011
00000010000000000000011110010011
00100000111101001001010001100011
11010100100010101000101010010011
00001100000001000000101000010011
11000100100010010000110010010011
00000001110001000010100100000011
00000000000011001000010100010011
00000000000001000010101100000011
00000001000010010101010110010011
00001111111101011111010110010011
00000001001000010010011000100011
11101110100011111111000011101111
00000000100010010101010110010011
00001111111101011111010110010011
00000001100001010001010010010011
00000000000011001000010100010011
11101101010011111111000011101111
00000000000001010000110000010011
00001111111110010111010110010011
00000000000011001000010100010011
11101100010011111111000011101111
00000000000001010000101110010011
00000001100010010101010110010011
00000000000011001000010100010011
11101011010011111111000011101111
00000001011001010100010100110011
00000001000011000001011110010011
00000000101001001100010010110011
00000000111101001100010010110011
00000000100010111001011110010011
00000000111101001100010010110011
00000000000010101010011110000011
00000000111101001100010010110011
00000000010001000010011110000011
00000010100101000010000000100011
00000000111101001100010010110011
00000000100001000010011110000011
00000010100101000010001000100011
00000000111101001100010010110011
00000000110001000010011110000011
00000010100101000010010000100011
00000000111101001100010010110011
00000010100101000010011000100011
00100001010001000000001001100011
00000001100001001101010110010011
00000000000011001000010100010011
00000001000001000010101110000011
11100101100011111111000011101111
00000001000001001101010110010011
00000000000001010000101100010011
00001111111101011111010110010011
00000000000011001000010100010011
11100100010011111111000011101111
00000000100001001101010110010011
00000000000001010000110100010011
00001111111101011111010110010011
00000000000011001000010100010011
11100011000011111111000011101111
00000000000001010000110000010011
00001111111101001111010110010011
00000000000011001000010100010011
11100010000011111111000011101111
00000001011101010100011110110011
00000001100010110001010100010011
00000001000011010001011100010011
00000000101001111100011110110011
00000000111001111100011110110011
00000000100011000001011100010011
00000000111001111100011110110011
00000001010001000010011100000011
00000010111101000010100000100011
00000000010010101000101010010011
00000000111001111100011110110011
00000001100001000010011100000011
00000010111101000010101000100011
00000010000001000000010000010011
00000000111001111100011110110011
00000000111110010100100100110011
00000000111101000010110000100011
00000001001001000010111000100011
11101101010111111111000001101111
11010100100010101000101010010011
00001010100001000000101110010011
11000100100010010000100100010011
00000001010001000010101000000011
00000000000010010000010100010011
00000000000001000010110000000011
00000001000010100101010110010011
00001111111101011111010110010011
00000001010000010010011000100011
11011010110011111111000011101111
00000000100010100101010110010011
00001111111101011111010110010011
00000001100001010001010010010011
00000000000010010000010100010011
11011001100011111111000011101111
00000000000001010000101100010011
00001111111110100111010110010011
00000000000010010000010100010011
11011000100011111111000011101111
00000000000001010000110010010011
00000001100010100101010110010011
00000000000010010000010100010011
11010111100011111111000011101111
00000001100001010100010100110011
00000000101001001100011110110011
00000001000010110001010100010011
00000000100011001001011100010011
00000000101001111100011110110011
00000000111001111100011110110011
00000000000010101010011100000011
00000000111001111100011110110011
00000000010001000010011100000011
00000000111101000010110000100011
00000000111001111100011110110011
00000000100001000010011100000011
00000000111101000010111000100011
00000000111001111100011110110011
00000000110001000010011100000011
00000010111101000010000000100011
00000000111001111100011110110011
00000010111101000010001000100011
00001101011101000000010001100011
00000001000001000010011100000011
00000000010010101000101010010011
00000001100001000000010000010011
00000000111001111100011110110011
00000000111110100100101000110011
00000000111101000010100000100011
00000001010001000010101000100011
11110100100111111111000001101111
11010100100010101000101100010011
00001001000001000000101110010011
11000100100010010000100100010011
00000000110001000010101000000011
00000000000010010000010100010011
00000000000001000010110000000011
00000001000010100101010110010011
00001111111101011111010110010011
00000001010000010010011000100011
11001110010011111111000011101111
00000000100010100101010110010011
00001111111101011111010110010011
00000001100001010001010010010011
00000000000010010000010100010011
11001101000011111111000011101111
00001111111110100111010110010011
00000000000001010000110010010011
00000000000010010000010100010011
11001100000011111111000011101111
00000000000001010000101010010011
00000001100010100101010110010011
00000000000010010000010100010011
11001011000011111111000011101111
00000001100001010100010100110011
00000000000010110010011100000011
00000000101001001100011110110011
00000001000011001001010100010011
00000000101001111100011110110011
00000000100010101001010100010011
00000000101001111100011110110011
00000000111001111100011110110011
00000000010001000010011100000011
00000000111101000010100000100011
00000000111001111100011110110011
00000000100001000010011100000011
00000000111101000010101000100011
00000000111001111100011110110011
00000000111110100100101000110011
00000000111101000010110000100011
00000001010001000010111000100011
00000001011101000001101001100011
00000000010000000000010110010011
00000000110000010000010100010011
01001100000100000011000011101111
11001000100111111111000001101111
00000000010010110000101100010011
00000001000001000000010000010011
11110101000111111111000001101111
00001111000101100011011110010011
00000000000001111000011001100011
00000000000001010000010001100011
11000001000111111111000001101111
11110101001100000000010100010011
00000000000000001000000001100111
00000000000101011011011110010011
00000000000101010011011100010011
00000000111001111110011110110011
00001000000001111001010001100011
00001000000001100000001001100011
11111100000000010000000100010011
00000010100000010010110000100011
00000010000100010010111000100011
00000010100100010010101000100011
00000011001000010010100000100011
00000011001100010010011000100011
00000000111101101111010000010011
11101110100100000000011110010011
00000000000001000001110001100011
00000000000001101000010010010011
00000000000001100000100110010011
00000000000001011000100100010011
00000010100101000110010001100011
00000000000000000000011110010011
00000011110000010010000010000011
00000011100000010010010000000011
00000011010000010010010010000011
00000011000000010010100100000011
00000010110000010010100110000011
00000000000001111000010100010011
00000100000000010000000100010011
00000000000000001000000001100111
00001111000001010010011010000011
00000000100010010000011000110011
00000000100010011000010110110011
00000001110000010000011100010011
00000000000101101101011010010011
00000000101000010010011000100011
10111100110011111111000011101111
00000000110000010010010100000011
00000001000001000000010000010011
11111011010111111111000001101111
11110101001100000000011110010011
00000000000001111000010100010011
00000000000000001000000001100111
00000000000000000111011110110111
11010100100001111000011110010011
00000001000000000000011100110111
00000000111001111010000000100011
00000010000000000000011100110111
00000000111001111010001000100011
00000100000000000000011100110111
00000000111001111010010000100011
00001000000000000000011100110111
00000000111001111010011000100011
00010000000000000000011100110111
00000000111001111010100000100011
00100000000000000000011100110111
00000000111001111010101000100011
01000000000000000000011100110111
00000000111001111010110000100011
10000000000000000000011100110111
00000000111001111010111000100011
00011011000000000000011100110111
00000010111001111010000000100011
00110110000000000000011100110111
00000010111001111010001000100011
01111011011101111000011100110111
00000000000000000111011110110111
11000110001101110000011100010011
11000100111001111010010000100011
11000101011011110111011100110111
11000100100001111000011110010011
10111111001001110000011100010011
00000000111001111010001000100011
00101011011001110000011100110111
00010011000001110000011100010011
00000000111001111010010000100011
01110110101010111101011100110111
01111111111001110000011100010011
00000000111001111010011000100011
01111101110010011000011100110111
00101100101001110000011100010011
00000000111001111010100000100011
11110000010001110110011100110111
10011111101001110000011100010011
00000000111001111010101000100011
10101111101000101101011100110111
01001010110101110000011100010011
00000000111001111010110000100011
11000000011100101010011100110111
01001001110001110000011100010011
00000000111001111010111000100011
00100110100101000000011100110111
11011011011101110000011100010011
00000010111001111010000000100011
11001100111101110100011100110111
11110011011001110000011100010011
00000010111001111010001000100011
11110001111001011010011100110111
01010011010001110000011100010011
00000010111001111010010000100011
00010101001100011110011100110111
10000111000101110000011100010011
00000010111001111010011000100011
11000011001000111100011100110111
01110000010001110000011100010011
00000010111001111010100000100011
10011010000001011001011100110111
01100001100001110000011100010011
00000010111001111010101000100011
11100010100000000001011100110111
00100000011101110000011100010011
00000010111001111010110000100011
01110101101100100010011100110111
01111110101101110000011100010011
00000010111001111010111000100011
00011010001011001000011100110111
00110000100101110000011100010011
00000100111001111010000000100011
10100000010110100111011100110111
11100001101101110000011100010011
00000100111001111010001000100011
10110011110101100100011100110111
10110101001001110000011100010011
00000100111001111010010000100011
10000100001011111110011100110111
00110010100101110000011100010011
00000100111001111010011000100011
11101101000000001101011100110111
00010101001101110000011100010011
00000100111001111010100000100011
01011011101100100000011100110111
11000010000001110000011100010011
00000100111001111010101000100011
00111001101111101101011100110111
10110110101001110000011100010011
00000100111001111010110000100011
11001111010110000101011100110111
11000100101001110000011100010011
00000100111001111010111000100011
11111011101010101111011100110111
11111101000001110000011100010011
00000110111001111010000000100011
10000101001100110101011100110111
11010100001101110000011100010011
00000110111001111010001000100011
01111111000000110000011100110111
10010100010101110000011100010011
00000110111001111010010000100011
10101000100111110100011100110111
11000101000001110000011100010011
00000110111001111010011000100011
10001111010000001010011100110111
00110101000101110000011100010011
00000110111001111010100000100011
11110101001110001010011100110111
11011001001001110000011100010011
00000110111001111010101000100011
00100001110110101011011100110111
01101011110001110000011100010011
00000110111001111010110000100011
11010010111101000000011100110111
11110001000001110000011100010011
00000110111001111010111000100011
11101100000100110001011100110111
11001100110101110000011100010011
00001000111001111010000000100011
00010111010001001001011100110111
01110101111101110000011100010011
00001000111001111010001000100011
00111101011111101010011100110111
01111100010001110000011100010011
00001000111001111010010000100011
01110011000110010110011100110111
11010110010001110000011100010011
00001000111001111010011000100011
11011100010011111000011100110111
00010110000001110000011100010011
00001000111001111010100000100011
10001000100100000011011100110111
10100010001001110000011100010011
00001000111001111010101000100011
00010100101110001111011100110111
11100100011001110000011100010011
00001000111001111010110000100011
11011011000010110110011100110111
11101101111001110000011100010011
00001000111001111010111000100011
00001010001110100011011100110111
00101110000001110000011100010011
00001010111001111010000000100011
01011100001001000000011100110111
01100100100101110000011100010011
00001010111001111010001000100011
01100010101011001101011100110111
00111100001001110000011100010011
00001010111001111010010000100011
01111001111001001001011100110111
01011001000101110000011100010011
00001010111001111010011000100011
01101101001101111101011100110111
10001110011101110000011100010011
00001010111001111010100000100011
10101001010011101101011100110111
01011000110101110000011100010011
00001010111001111010101000100011
11101010111101000101011100110111
01100110110001110000011100010011
00001010111001111010110000100011
00001000101011101000011100110111
10100110010101110000011100010011
00001010111001111010111000100011
00101110001001011000011100110111
10001011101001110000011100010011
00001100111001111010000000100011
11000110101101001010011100110111
01100001110001110000011100010011
00001100111001111010001000100011
00011111011101001110011100110111
11011110100001110000011100010011
00001100111001111010010000100011
10001010100010111100011100110111
11010100101101110000011100010011
00001100111001111010011000100011
01100110101101010100011100110111
11100111000001110000011100010011
00001100111001111010100000100011
00001110111101100000011100110111
00110100100001110000011100010011
00001100111001111010101000100011
10111001010101110011011100110111
01010110000101110000011100010011
00001100111001111010110000100011
10011110000111011100011100110111
00011000011001110000011100010011
00001100111001111010111000100011
00010001100110010000011100110111
10001110000101110000011100010011
00001110111001111010000000100011
10010100100011101110011100110111
10010110100101110000011100010011
00001110111001111010001000100011
11101001100001110010011100110111
11101001101101110000011100010011
00001110111001111010010000100011
11011111001010000101011100110111
01011100111001110000011100010011
00001110111001111010011000100011
00001101100010011010011100110111
00011000110001110000011100010011
00001110111001111010100000100011
01101000010000101110011100110111
01101011111101110000011100010011
00001110111001111010101000100011
00001111001011011010011100110111
10010100000101110000011100010011
00001110111001111010110000100011
00010110101110110101011100110111
01001011000001110000011100010011
00001110111001111010111000100011
00000000000000001000000001100111
00000000001101010111011100010011
00000000001101110001011100010011
11111111110001010111010100010011
00000000000001010010011010000011
00001111111100000000011110010011
00000000111001111001011110110011
11111111111101111100011110010011
00000000110101111111011110110011
00000000111001011001010110110011
00000000111101011110010110110011
00000000101101010010000000100011
00000000000000001000000001100111
11111111000000010000000100010011
00000000100000010010010000100011
00000000000100010010011000100011
00000000000001010000010000010011
00001100100001010000011110010011
00000000000000000000011010010011
00000000000000000000011100010011
00000000110101010010000000100011
00000000111001010010001000100011
00000000100001010000010100010011
11111110111101010001011011100011
00001100100000000000011000010011
00000000000000000000010110010011
00011001010100000011000011101111
00000000110000010010000010000011
00011000000001000010100000100011
00000000100000010010010000000011
00000001000000010000000100010011
00000000000000001000000001100111
00000010100001010010011100000011
11101111000000010000000100010011
00010000100000010010011000100011
00000010111000010010100000100011
00000010110001010010011100000011
00010001001000010010001000100011
00001111100100010010010000100011
00000010111000010010101000100011
00000101000001010010011100000011
00001111101000010010001000100011
00010000100100010010010000100011
00000100111000010010110000100011
00000101010001010010011100000011
00010001001100010010000000100011
00001111010000010010111000100011
00000100111000010010111000100011
00000111100001010010011100000011
00001111010100010010110000100011
00001111011000010010101000100011
00001000111000010010000000100011
00000111110001010010011100000011
00001111011100010010100000100011
00001111100000010010011000100011
00001000111000010010001000100011
00001010000001010010011100000011
00001111101100010010000000100011
00000000000001010010011000000011
00001000111000010010110000100011
00001010010001010010011100000011
00000000010001010010011110000011
00001000111000010010111000100011
00000000100001010010011100000011
00000000111000010010100000100011
00000000110001010010011100000011
00001000000001010010110010000011
00001000010001010010110100000011
00000000111000010010101000100011
00000011000001010010011100000011
00000010111000010010110000100011
00000011010001010010011100000011
00000010111000010010111000100011
00000101100001010010011100000011
00000110111000010010000000100011
00000101110001010010011100000011
00000110111000010010001000100011
00001010100001010010011100000011
00001010111000010010000000100011
00001010110001010010011100000011
00001010111000010010001000100011
00000001000001010010011100000011
00000000111000010010110000100011
00000001010001010010011100000011
00000000111000010010111000100011
00000011100001010010011100000011
00000100111000010010000000100011
00000011110001010010011100000011
00000100111000010010001000100011
00000110000001010010011100000011
00000110111000010010010000100011
00000110010001010010011100000011
00000110111000010010011000100011
00001000100001010010011100000011
00001000111000010010010000100011
00001000110001010010011100000011
00001000111000010010011000100011
00001011000001010010001100000011
00000001100001010010011100000011
00001011010001010010100100000011
00001001000001010010111110000011
00000010111000010010000000100011
00000001110001010010011100000011
00001001010001010010001010000011
00000010111000010010001000100011
00000100000001010010011100000011
00000100111000010010010000100011
00000100010001010010011100000011
00000100111000010010011000100011
00000110100001010010011100000011
00000110111000010010100000100011
00000110110001010010011100000011
00000110111000010010101000100011
00001011100001010010011100000011
00001010111000010010010000100011
00001011110001010010011100000011
00001010111000010010011000100011
00000010000001010010011100000011
00000010111000010010010000100011
00000010010001010010011100000011
00000010111000010010011000100011
00000100100001010010011100000011
00000100111000010010100000100011
00000100110001010010011100000011
00000100111000010010101000100011
00000111000001010010011100000011
00000110111000010010110000100011
00000111010001010010011100000011
00000110111000010010111000100011
00001001100001010010011100000011
00001100000001010010001110000011
00001100010001010010010000000011
00001000111000010010100000100011
00001001110001010010011100000011
00001000111000010010101000100011
00000000000000000111011100110111
11010111000001110000011100010011
00000000111000010010001000100011
00000011000000010010011100000011
00000101100000010010011010000011
00000011100000010010010110000011
00000000111001100100010010110011
00000011010000010010011100000011
00000000110101001100010010110011
00000101110000010010011010000011
00000000111001111100011100110011
00000000110101110100011100110011
00001000000000010010011010000011
00000000110101001100010010110011
00001000010000010010011010000011
00000000110101110100011100110011
00001001100000010010011010000011
00000000110101001100010010110011
00001001110000010010011010000011
00000000110101110100011100110011
00000001000000010010011010000011
00000000101101101100101110110011
00000001010000010010011010000011
00000011110000010010010110000011
00000000101101101100100010110011
00000110000000010010011010000011
00000100000000010010010110000011
00000000110110111100101110110011
00000110010000010010011010000011
00000001100110111100101110110011
00000000110110001100100010110011
00001010000000010010011010000011
00000001101010001100100010110011
00000000110110111100101110110011
00001010010000010010011010000011
00000000000110111001111000010011
00000000110110001100100010110011
00000001100000010010011010000011
00000000000110001001111010010011
00000000101101101100101100110011
00000001110000010010011010000011
00000100010000010010010110000011
00000000101101101100101010110011
00000110100000010010011010000011
00000100100000010010010110000011
00000000110110110100101100110011
00000110110000010010011010000011
00000000110110101100101010110011
00001000100000010010011010000011
00000000110110110100101100110011
00001000110000010010011010000011
00000000011010110100101100110011
00000000110110101100101010110011
00000010000000010010011010000011
00000001001010101100101010110011
00000000101101101100101000110011
00000010010000010010011010000011
00000100110000010010010110000011
00000000101101101100100110110011
00000111000000010010011010000011
00000000110110100100101000110011
00000111010000010010011010000011
00000001111110100100101000110011
00000000110110011100100110110011
00001010100000010010011010000011
00000000010110011100100110110011
00000000110110100100101000110011
00001010110000010010011010000011
00000000000110100001111100010011
00000001111110100101110000010011
00000000110110011100100110110011
00000010100000010010011010000011
00000101000000010010010110000011
00000101010000010010100000000011
00000000101101101100010110110011
00000010110000010010011010000011
00000001000001101100011010110011
00000111100000010010100000000011
00000001000001011100010110110011
00000111110000010010100000000011
00000001000001101100011010110011
00001001000000010010100000000011
00000001000001011100010110110011
00001001010000010010100000000011
00000000011101011100010110110011
00000001000001101100011010110011
00000001111110001101100000010011
00000001110010000000100000110011
00000001111110111101111000010011
00000000100001101100011010110011
00000001110111100000111010110011
00000000101110000100100000110011
00000000110111101100111010110011
00000000110010000100011000110011
00000000111111101100011110110011
00001010110000010010100000100011
00001010111100010010101000100011
00000001111110101101011000010011
00000000000110110001011110010011
00000000111101100000011000110011
00000000000110101001111000010011
00000001111110110101011110010011
00000001110001111000111000110011
00000001111110011101011110010011
00000001111001111000011110110011
00000000000110011001111100010011
00000001111011000000111100110011
00000001011101111100011110110011
00000001000111110100111100110011
00000001111101101101101110010011
00000000000101011001100010010011
00000000000101101001011010010011
00000001111101011101010110010011
00000000110101011000011010110011
00000000100101100100011000110011
00000000111011100100111000110011
00000001010101101100011010110011
00000000000101001001010110010011
00000001111101110101101010010011
00000001111101001101010010010011
00000000000101110001011100010011
00000000111001001000011100110011
00000001001101110100011100110011
00000011100000010010010010000011
00000011110000010010100110000011
00000000101110101000010110110011
00000001010001011100010110110011
00000000100101100100010010110011
00000001001111100100101000110011
00000001010001001101101010010011
00000000110010100001100110010011
00000000110001001001010010010011
00000001010010100101101000010011
00000001010001001000010010110011
00000110100000010010101000000011
00000001010110011000100110110011
00000001000110111000100010110011
00000001010001111100101010110011
00000110110000010010101000000011
00000001011010001100100010110011
00000001010110101101101100010011
00000001010011110100101000110011
00000000101110100001101110010011
00000000101110101001101010010011
00000001010110100101101000010011
00000001010010101000101000110011
00000001111110001100111110110011
00000000010101101100001010110011
00000001010000010010011000100011
00000001010111111001101010010011
00000000011101011100001110110011
00000000100001110100010000110011
00000000101100101101101000010011
00000000101111111101111110010011
00000001010100101001001010010011
00000001011010111000101100110011
00000001010110100000101000110011
00000000010111111000111110110011
00000000111000111001101010010011
00000001001001000101001010010011
00000001001000111101001110010011
00000000111001000001010000010011
00000000100000111000001110110011
00000001011010011100010000110011
00000001010100101000001010110011
00001100100000010010110000100011
00000000110000010010010000000011
00000000010110100100101010110011
00000001011000010010010000100011
00000001010010110110101000110011
00000000110000010010101100000011
00000000100001001100010000110011
00001100100000010010111000100011
00000000011111111100010000110011
00000001111110110110111110110011
00001101100000010010101100000011
00000000011001111100001100110011
00000001011010100100101000110011
00000111010000010010010000100011
00001101110000010010101000000011
00000000100000010010101100000011
00000001010011111100111110110011
00000001010100101111101000110011
00000001011010100100101000110011
00001011010000010010110000100011
00000000110000010010101000000011
00000111111100010010011000100011
00000000100000111111111110110011
00000001010011111100111110110011
00001011111100010010111000100011
00001011000000010010111110000011
00000001101011100100101100110011
00000000010111111110101000110011
00001011010000010010111110000011
00000001010110100100101000110011
00000011010000010010110000100011
00000000011111111110111110110011
00000000100011111100111110110011
00000011111100010010111000100011
00001011000000010010111110000011
11111111111111111100010000010011
00001011010000010010111110000011
00000001001101000111010000110011
00000000010101000100001010110011
11111111111111111100111110010011
00000000100111111111111110110011
00000000011111111100111110110011
00001100010100010010000000100011
00001101111100010010001000100011
00000010010000010010001010000011
00000010000000010010111110000011
00000000010101101100001110110011
00000001111110001100111110110011
00000001110011111001010000010011
00000000010000111101001010010011
00000000010011111101111110010011
00000001110000111001001110010011
00000000011111111000111110110011
00000101000000010010001110000011
00000000100000101000001010110011
00000000011101011100010010110011
00000101010000010010001110000011
00000001010001001001010000010011
00000000110001001101010010010011
00000000011101110100001110110011
00000000110000111101101010010011
00000001010000111001001110010011
00000000100010101000101010110011
00000000011101001000010010110011
00000101110000010010010000000011
00000101100000010010001110000011
00000000100011101100010000110011
00000000011110000100001110110011
00000000001100111001101000010011
00000001110101000101100110010011
00000001110100111101001110010011
00000000001101000001010000010011
00000000100000111000001110110011
00000001100101100100010000110011
00000001010010011000100110110011
00000001001101000101101110010011
00000000110110110001101000010011
00000000110101000001010000010011
00000001001110110101101100010011
00000001011001000000010000110011
00000001001011110100101100110011
00000001011110100000101000110011
00000001110110110001100100010011
00000000001100110101101110010011
00000000001110110101101100010011
00000001110100110001001100010011
00000001011000110000001100110011
00000000011101001100110000110011
00000000011001000100101100110011
00000000100000111110010000110011
00000001100001000100010000110011
00000010100000010010001000100011
00000001011000110111010000110011
00000001100000111111110100110011
00000000011101000100001110110011
00000001111111010100110100110011
00000100011100010010111000100011
00000000011011111110001110110011
11111111111111111100111110010011
00000000100111111111111110110011
00000001001110101100110010110011
00000000011011111100001100110011
00000001011110010000100100110011
00000001100110011111110110110011
00000001010000010010111110000011
00000100011000010010101000100011
00000001000000010010001100000011
00000000010111011100110110110011
00000001001000101110010000110011
11111111111100101100001010010011
00000001010100101111001010110011
00000001011000111100001110110011
00000001001000101100001010110011
00000000011001100100001100110011
00000001111111100100111110110011
00001100011100010010101000100011
00000100010100010010100000100011
00000000000100110001001110010011
00000001111111111101001010010011
00000001111100110101001100010011
00000000000111111001111110010011
00000001111100110000001100110011
00000100000000010010111110000011
00000000011100101000001010110011
00000001001010100100101110110011
00000001111101111100010010110011
00000100010000010010111110000011
00000000011001001001001110010011
00000001101001001101010010010011
00000001111111110100111110110011
00000001101011111101101010010011
00000000011011111001111110010011
00000001111101001000010010110011
00000111000000010010111110000011
00000000011110101000101010110011
00000001010010011110101000110011
00000001111110001100001110110011
00000111010000010010111110000011
00000001100110100100101000110011
00000011010000010010000000100011
00000001011110010111101000110011
00000001001110100100100110110011
00000001011101000100010000110011
00000001111101101100111110110011
00000101001100010010110000100011
00001100100000010010100000100011
00000000011111111101100110010011
00000001100100111001010000010011
00000001100111111001111110010011
00000000011100111101001110010011
00000001111100111000001110110011
00001001000000010010111110000011
00000000100010011000100110110011
00000001001110101100110010110011
00000001111101011100010000110011
00001001010000010010111110000011
00000000100001000001100100010011
00000001100001000101010000010011
00000001111101110100111110110011
00000001100011111101101000010011
00000000100011111001111110010011
00000001001010100000101000110011
00000001111101000000010000110011
00001001110000010010100100000011
00001001100000010010111110000011
00000000011101001100110000110011
00000001001011101100101100110011
00000001111110000100111110110011
00000001001011111001101110010011
00000000111010110101100100010011
00000000111011111101111110010011
00000001001010110001101100010011
00000001011110010000100100110011
00000001011011111000111110110011
00001101101100010010010000100011
00001101101000010010011000100011
00000001100110011111110110110011
00000001100000111111110100110011
00000001001010100100101110110011
00000001111101000100101100110011
00000000010111011100110110110011
00000000011011010100110100110011
00000001010010011110101000110011
00000000100000111110010000110011
00000001100110100100101000110011
00000001100001000100010000110011
00000101101100010010000000100011
00000101101000010010001000100011
00001001010000010010100000100011
00001000100000010010101000100011
00000001011011111111010000110011
00000000011101000100001110110011
00000000011100010010101000100011
00000001111100110110001110110011
11111111111100110100001100010011
00000000100100110111001100110011
00000001111100110100001100110011
00001000011000010010111000100011
00000010110000010010111110000011
00000010100000010010001100000011
00000001001000101110010000110011
11111111111100101100001010010011
00000001010100101111001010110011
00000001011000111100001110110011
00000001001000101100001010110011
00000000011001011100001100110011
00000001111101110100111110110011
00000110011100010010101000100011
00001000010100010010110000100011
00000001101100110001001110010011
00000000010111111101001010010011
00000000010100110101001100010011
00000001101111111001111110010011
00000001111100110000001100110011
00000011000000010010111110000011
00000000011100101000001010110011
00000001011110010111101000110011
00000001111110000100010010110011
00000011010000010010111110000011
00000001110001001101001110010011
00000000010001001001010010010011
00000001111111101100111110110011
00000000010011111001101010010011
00000001110011111101111110010011
00000001111101001000010010110011
00000110000000010010111110000011
00000000011110101000101010110011
00000001001110100100100110110011
00000001111101100100001110110011
00000110010000010010111110000011
00000001011101000100010000110011
00000001001100010010100000100011
00000001111111100100111110110011
00000110100000010010100000100011
00000001011011111101100110010011
00000000101000111001010000010011
00000000101011111001111110010011
00000001011000111101001110010011
00000001111100111000001110110011
00001000100000010010111110000011
00000000100010011000100110110011
00000000011101001100110000110011
00000001111101111100010000110011
00001000110000010010111110000011
00000000111101000001100100010011
00000001000101000101010000010011
00000001111111110100111110110011
00000001000111111101101000010011
00000000111111111001111110010011
00000001001010100000101000110011
00000001111101000000010000110011
00001010110000010010100100000011
00001010100000010010111110000011
00000001100000111111110100110011
00000001001001101100101100110011
00000001111110001100111110110011
00000000100011111101101110010011
00000001100010110001100100010011
00000001100011111001111110010011
00000000100010110101101100010011
00000001011011111000111110110011
00000001111101000100101100110011
00000000011011010100110100110011
00000000100000111110010000110011
00001011101000010010011000100011
00000001100001000100110100110011
00000001011011111111010000110011
00000000011101000100001110110011
00000001111100110110010000110011
11111111111100110100001100010011
00000000100100110111001100110011
00000001111100110100001100110011
00000110011000010010001000100011
00000001100000010010001100000011
00000001001110101100110010110011
00000001011110010000100100110011
00000000011001111100011110110011
00000001110000010010001100000011
00000001100110011111110110110011
00000001001010100100101110110011
00000000011011110100111100110011
00000001111011110001111110010011
00000000001001111101001100010011
00000000011011111000111110110011
00000100100000010010001100000011
00000000001011110101111100010011
00000001111001111001011110010011
00000000011010001100100010110011
00000100110000010010001100000011
00000001111001111000011110110011
00000000100110001101111100010011
00000000011001101100011010110011
00000001011101101001001100010011
00000001011110001001100010010011
00000000100101101101011010010011
00000000110110001000100010110011
00000111100000010010011010000011
00000001111000110000001100110011
00000000010111011100110110110011
00000000110101011100010110110011
00000111110000010010011010000011
00000001100101011101111100010011
00000000011101011001010110010011
00000000110101110100011100110011
00000000011101110001011010010011
00000001100101110101011100010011
00000000111001011000010110110011
00001000000000010010011100000011
00000001111001101000011010110011
00000001010010011110101000110011
00000000111010000100100000110011
00001000010000010010011100000011
00001000011100010010011000100011
00000001001000101110001110110011
00000000111011101100111010110011
00000000100111101001111100010011
00000001011110000101011100010011
00000000111011110000111100110011
11111111111100101100001010010011
00001010000000010010011100000011
00000001100110100100110010110011
00000001010100101111001010110011
00000001011110010111101000110011
00000001001110100100100110110011
00000001001000101100001010110011
00000000111001100100011000110011
00001011101100010010010000100011
00001001001100010010010000100011
00000110010100010010000000100011
00001010010000010010011100000011
00000001011111101101111010010011
00000000100110000001100000010011
00000000111011100100111000110011
00000001110110000000100000110011
00000001111011100101011100010011
00000000001001100001111010010011
00000001110101110000011100110011
00000000110100110100010010110011
00000000111011110100111010110011
00000001111001101110111100110011
00000000101110001100001010110011
00000000100111110100111100110011
00000000001011100001111000010011
00000001111001100101011000010011
00000001110001100000011000110011
00000000010101011111100100110011
00001011111000010010000000100011
00000001110101110111111100110011
00000000111110010100110110110011
00000000100101101111100110110011
00000000110111110100111100110011
00000000110001111110011010110011
11111111111101111100011110010011
00000000110010000100111000110011
00000001000101111111011110110011
00000001000001011110100000110011
00000000010110000100100000110011
00000000110001111100001010110011
00000000010000010010011110000011
00001011000000010010001000100011
00000001110001100111100000110011
00000000000001111010011000000011
00001011000000010010011110000011
00000000101110000100100100110011
00000001111110011100100110110011
00000000111101100100011000110011
00000000010000010010011110000011
00000000111011111110010110110011
11111111111111111100111110010011
00000000011011111111111110110011
00000000111011111100111110110011
00000000010001111010011110000011
00001011010000010010011100000011
00000001110001101100011010110011
00001000110100010010001000100011
00000000111001111100011110110011
00001101100000010010011010000011
00000000100000010010011100000011
00000001110101011100010110110011
00001000101100010010000000100011
00000000110101110111011100110011
00001101110000010010010110000011
00000000110000010010011010000011
00000000111001100100011000110011
00001100100000010010011100000011
00000000101101101111011010110011
00000000110101111100011110110011
00000100000000010010011010000011
00000010000000010010010110000011
00000001011100111100001110110011
00000000110101110100010010110011
00000100010000010010011010000011
00001100110000010010011100000011
00000001011001000100010000110011
00000111001100010010110000100011
00000000110101110100011100110011
00001010100000010010011010000011
00000000110101001100010010110011
00001010110000010010011010000011
00000001001101001100010010110011
00000000110001001100010010110011
00000000110101110100011100110011
00000110100000010010011010000011
00000001101101110100011100110011
00000000111101110100011100110011
00000000101101101100101110110011
00000110110000010010011010000011
00000010010000010010010110000011
00000000101101101100100010110011
00001001000000010010011010000011
00000101100000010010010110000011
00000000110110111100101110110011
00001001010000010010011010000011
00000001100110111100101110110011
00000000110110001100100010110011
00001010000000010010011010000011
00000001101010001100100010110011
00000000110110111100101110110011
00001010010000010010011010000011
00000000000110111001001100010011
00000000110110001100100010110011
00001011100000010010011010000011
00000000000110001001111000010011
00000000101101101100101100110011
00001011110000010010011010000011
00000101110000010010010110000011
00001001110000010010100000000011
00000000101101101100101010110011
00000001000000010010011010000011
00001101000000010010010110000011
00000000110110110100101100110011
00000001010000010010011010000011
00000000110110101100101010110011
00001000100000010010011010000011
00000000110110110100101100110011
00001000110000010010011010000011
00000001111010110100101100110011
00000000110110101100101010110011
00000011100000010010011010000011
00000001001010101100101010110011
00000000101101101100101000110011
00000011110000010010011010000011
00001101010000010010010110000011
00000000101101101100100110110011
00000111000000010010011010000011
00001001100000010010010110000011
00000000110110100100101000110011
00000111010000010010011010000011
00000000011110100100101000110011
00000000110110011100100110110011
00001000000000010010011010000011
00000000100010011100100110110011
00000000110110100100101000110011
00001000010000010010011010000011
00000000000110100001111010010011
00000001111110100101110000010011
00000000110110011100100110110011
00000101000000010010011010000011
00000000101101101100010110110011
00000101010000010010011010000011
00000001000001101100011010110011
00001100000000010010100000000011
00000001000001011100010110110011
00001100010000010010100000000011
00000001000001101100011010110011
00000110000000010010100000000011
00000001000001011100010110110011
00000110010000010010100000000011
00000001111101011100010110110011
00000001000001101100011010110011
00000001111110001101100000010011
00000000011010000000100000110011
00000001111110111101001100010011
00000000010101101100011010110011
00000001110000110000111000110011
00000000101110000100100000110011
00000000110111100100111000110011
00000001000001100100011000110011
00000001110001111100011110110011
00001010110000010010100000100011
00001010111100010010101000100011
00000001111110101101011000010011
00000000000110110001011110010011
00000000111101100000011000110011
00000000000110101001001100010011
00000001111110110101011110010011
00000000011001111000001100110011
00000001111110011101011110010011
00000001110101111000011110110011
00000000000110011001111010010011
00000001110111000000111010110011
00000001011101111100011110110011
00000001000111101100111010110011
00000001111101101101101110010011
00000000000101011001100010010011
00000000000101101001011010010011
00000001111101011101010110010011
00000000110101011000011010110011
00000000100101100100011000110011
00000000111000110100001100110011
00000001010101101100011010110011
00000000000101001001010110010011
00000001111101110101101010010011
00000001111101001101010010010011
00000000000101110001011100010011
00000000111001001000011100110011
00000001001101110100011100110011
00000010000000010010010010000011
00000010010000010010100110000011
00000000101110101000010110110011
00000001010001011100010110110011
00000000110001001100010010110011
00000000011010011100101000110011
00000001010001001101101010010011
00000000110010100001100110010011
00000000110001001001010010010011
00000001010010100101101000010011
00000001010001001000010010110011
00000001000000010010101000000011
00000001010110011000100110110011
00000001000110111000100010110011
00000000111110100100101010110011
00000001010000010010101000000011
00000001011010001100100010110011
00000001010110101101101100010011
00000001110110100100101000110011
00000000101110100001101110010011
00000000101110101001101010010011
00000001010110100101101000010011
00000001010010101000101000110011
00000001000100111100001110110011
00000000110101000100010000110011
00000001010000010010011000100011
00000001010100111001101010010011
00000000101111111100111110110011
00000000111000101100001010110011
00000000101101000101101000010011
00000000101100111101001110010011
00000001010101000001010000010011
00000001011010111000101100110011
00000001010110100000101000110011
00000000100000111000001110110011
00000000111011111001101010010011
00000001001000101101010000010011
00000001001011111101111110010011
00000000111000101001001010010011
00000000010111111000111110110011
00000001011010011100001010110011
00001100010100010010110000100011
00000000110000010010001010000011
00000001010101000000010000110011
00000001011000010010010000100011
00000000010101001100001010110011
00001100010100010010111000100011
00000000100010100100101010110011
00000001010010110110101000110011
00000000110000010010101100000011
00000001111100111100001010110011
00000000111111110100111100110011
00000000011110110110001110110011
00001101100000010010101100000011
00000001011010100100101000110011
00000001010000010010100000100011
00001101110000010010101000000011
00000000100000010010101100000011
00000001010000111100001110110011
00000001010101000111101000110011
00000001011010100100101000110011
00000001010000010010110000100011
00000000110000010010101000000011
00000000011100010010101000100011
00000000010111111111001110110011
00000001010000111100001110110011
00000000011100010010111000100011
00001011000000010010001110000011
00000000011011010100101100110011
00000000100000111110101000110011
00001011010000010010001110000011
00000001010110100100101000110011
00000011010000010010000000100011
00000001111100111110001110110011
00000000010100111100001010110011
00000010010100010010001000100011
00001011000000010010001010000011
11111111111100101100001110010011
00001011010000010010001010000011
00000001001100111111001110110011
00000000100000111100001110110011
11111111111100101100001010010011
00000000100100101111001010110011
00000001111100101100111110110011
00000011111100010010011000100011
00000011110000010010001010000011
00000011100000010010111110000011
00000010011100010010010000100011
00000000110100101100001110110011
00000001000111111100111110110011
00000001110011111001010000010011
00000000010000111101001010010011
00000000010011111101111110010011
00000001110000111001001110010011
00000000011111111000111110110011
00000101000000010010001110000011
00000000100000101000001010110011
00000000101100111100010010110011
00000101010000010010001110000011
00000001010001001001010000010011
00000000110001001101010010010011
00000000111000111100001110110011
00000000110000111101101010010011
00000001010000111001001110010011
00000000100010101000101010110011
00000000011101001000010010110011
00000100010000010010010000000011
00000100000000010010001110000011
00000001110001000100010000110011
00000001000000111100001110110011
00000000001100111001101000010011
00000001110101000101100110010011
00000001110100111101001110010011
00000000001101000001010000010011
00000000100000111000001110110011
00000000110011001100010000110011
00000001010010011000100110110011
00000001001101000101101110010011
00000000110110110001101000010011
00000000110101000001010000010011
00000001001110110101101100010011
00000001011001000000010000110011
00000001110110010100101100110011
00000001011110100000101000110011
00000001110110110001100100010011
00000000001111110101101110010011
00000000001110110101101100010011
00000001110111110001111100010011
00000001011011110000111100110011
00000001001110101100110010110011
00000000011101001100110000110011
00000001111001000100101100110011
00000000100000111110010000110011
00000001011110010000100100110011
00000001100110011111110100110011
00000001100001000100010000110011
00000001001010100100101110110011
00000000010111010100110100110011
00000001010010011110101000110011
00000010100000010010111000100011
00000001011011110111010000110011
00000001100110100100101000110011
00000011101000010010100000100011
00000001100000111111110100110011
00000000011101000100001110110011
00000001001000101110010000110011
11111111111100101100001010010011
00000001111111010100110100110011
00000011010000010010110000100011
00000100011100010010001000100011
00000001011110010111101000110011
00000001111011111110001110110011
00000001010100101111001010110011
11111111111111111100111110010011
00000001001110100100100110110011
00000001011101000100010000110011
00000001011000111100001110110011
00000000100111111111111110110011
00000001001000101100001010110011
00000001111011111100111100110011
00000011101000010010101000100011
00000101001100010010000000100011
00000100100000010010010000100011
00000100011100010010011000100011
00000100010100010010100000100011
00000101111000010010101000100011
00000110100000010010111100000011
00000110110000010010111110000011
00000001110011011100101100110011
00000000110011110100111100110011
00000000011011111100111110110011
00000000000111110001001110010011
00000001111111111101001010010011
00000001111111110101111100010011
00000000000111111001111110010011
00000001111111110000111100110011
00000101100000010010111110000011
00000000011100101000001010110011
00000000111111111100010010110011
00000101110000010010111110000011
00000000011001001001001110010011
00000001101001001101010010010011
00000001110111111100111110110011
00000001101011111101101010010011
00000000011011111001111110010011
00000001111101001000010010110011
00000111000000010010111110000011
00000000011110101000101010110011
00000001000111111100001110110011
00000111010000010010111110000011
00000001100100111001010000010011
00000000011100111101001110010011
00000000110111111100111110110011
00000000011111111101100110010011
00000001100111111001111110010011
00000001111100111000001110110011
00000110000000010010111110000011
00000000100010011000100110110011
00000000011101001100110000110011
00000000101111111100010000110011
00000110010000010010111110000011
00000000100001000001100100010011
00000001100001000101010000010011
00000000111011111100111110110011
00000001100011111101101000010011
00000000100011111001111110010011
00000001111101000000010000110011
00000111100000010010111110000011
00000001001010100000101000110011
00000000111010110101100100010011
00000001000011111100111110110011
00000001001011111001101110010011
00000001001010110001101100010011
00000000111011111101111110010011
00000001011011111000111110110011
00000001111101000100101100110011
00000000100000111110010000110011
00000001100001000100010000110011
00000110100000010010001000100011
00000001011011111111010000110011
00000001100000111111110100110011
00000000011101000100001110110011
00000001111011010100110100110011
00000110011100010010011000100011
00000001111111110110001110110011
11111111111111110100111100010011
00000000100111110111111100110011
00000001001110101100110010110011
00000001111111110100111100110011
00000001011110010000100100110011
00000001100110011111110110110011
00001100010000010010111110000011
00000111111000010010111000100011
00001100000000010010111100000011
00000000010111011100110110110011
00000001001000101110010000110011
11111111111100101100001010010011
00000001001010100100101110110011
00000001010100101111001010110011
00000001011101000100010000110011
00000001001000101100001010110011
00000000101111110100111100110011
00000000111011111100111110110011
00000110100000010010100000100011
00000110010100010010110000100011
00000000010111111101010000010011
00000001101111110001001010010011
00000001101111111001111110010011
00000000010111110101111100010011
00000001111111110000111100110011
00001100100000010010111110000011
00000000010101000000010000110011
00000001010010011110101000110011
00000001000011111100010010110011
00001100110000010010111110000011
00000001110001001101001010010011
00000000010001001001010010010011
00000001110011111100111110110011
00000000010011111001101010010011
00000001110011111101111110010011
00000001111101001000010010110011
00000000010110101000101010110011
00001001000000010010111110000011
00001001010000010010001010000011
00000001100110100100101000110011
00000111010000010010000000100011
00000001011110010111101000110011
00000001001110100100100110110011
00000001011000111100001110110011
00000000110011111100111110110011
00000000011000101100001010110011
00000111001100010010010000100011
00000110011100010010101000100011
00000001011000101101100110010011
00000000101011111001001110010011
00000000101000101001001010010011
00000001011011111101111110010011
00000000011110011000100110110011
00000000010111111000111110110011
00001000110000010010001110000011
00001000100000010010001010000011
00000001111101001100110000110011
00000001110100111100001110110011
00000000111100101100001010110011
00000000111100101001100100010011
00000001000100111101101000010011
00000001000100101101001010010011
00000000111100111001001110010011
00000001001010100000101000110011
00000000011100101000001010110011
00001000010000010010100100000011
00001000000000010010001110000011
00000101101000010010111000100011
00000000110110010100101100110011
00000001000100111100001110110011
00000000100000111101101110010011
00000001100010110001100100010011
00000001100000111001001110010011
00000000100010110101101100010011
00000001011000111000001110110011
00000001100011111111110100110011
00000001011110010000100100110011
00000000011100101100101100110011
00000001111011010100110100110011
00000000010111111110001010110011
00000001001010100100101110110011
00000001001110101100110010110011
00000001010010011110101000110011
00001001101000010010001000100011
00000001100000101100110100110011
00000001011000111111001010110011
00000001111100101100111110110011
00000101101100010010110000100011
00000000011111110110001010110011
00000001100110011111110110110011
11111111111111110100111100010011
00000001100110100100110010110011
00000001011110010111101000110011
00000000100011011100110110110011
00000001001110100100100110110011
00000000100111110111111100110011
00000000011111110100111100110011
00001001001100010010010000100011
00001001101100010010000000100011
00001001111100010010011000100011
00001001111000010010101000100011
00001011100000010010111100000011
00000001001001000110111110110011
11111111111101000100010000010011
00000000111111110100011110110011
00001011110000010010111100000011
00000001010101000111010000110011
00000001001001000100010000110011
00000001110111110100111010110011
00000001111011101001001110010011
00000000001001111101111100010011
00000000001011101101111010010011
00000001111001111001011110010011
00000001110101111000011110110011
00001101000000010010111010000011
00000001111000111000001110110011
00001000100000010010100000100011
00000001000111101100100010110011
00001101010000010010111010000011
00000000100110001101111100010011
00000001011110001001100010010011
00000000110111101100011010110011
00000001011101101001111010010011
00000000100101101101011010010011
00000000110110001000100010110011
00001001100000010010011010000011
00000001111011101000111010110011
00000001011111111100111110110011
00000000101101101100010110110011
00001001110000010010011010000011
00000001100101011101111100010011
00000000011101011001010110010011
00000000111001101100011100110011
00000000011101110001011010010011
00000001100101110101011100010011
00000000111001011000010110110011
00001010100000010010011100000011
00000001111001101000011010110011
00000000110111101100010010110011
00000001000001110100100000110011
00001010110000010010011100000011
00000000100101101111100110110011
00000000011110011100100110110011
00000001110001110100111000110011
00000000100111100001111100010011
00000001011110000101011100010011
00000000111011110000111100110011
00001010000000010010011100000011
00000001011111100101111000010011
00000000100110000001100000010011
00000000110001110100011000110011
00001010010000010010011100000011
00000001110010000000100000110011
00000000001001100001111000010011
00000000011001110100001100110011
00000001111000110101011100010011
00000001111001100101011000010011
00000000001000110001001100010011
00000001110001110000011100110011
00000000011001100000011000110011
00000000101110001100001100110011
00000000111011110100010000110011
00000000110010000100111000110011
00000000011001011111100100110011
00000001000001011110100000110011
00000000111110010100100100110011
00000000011010000100100000110011
00000000100001110111001100110011
00000001111001101110111100110011
00001001001000010010111000100011
00000000110100110100001100110011
00000001110001100111100100110011
00000000110001111110011010110011
11111111111101111100011110010011
00000001000101111111011110110011
00000000101110010100100100110011
00000000111000111110010110110011
00000000100001011100010110110011
00000000110001111100010000110011
00000000010000010010011110000011
11111111111100111100001110010011
00000001110100111111001110110011
00000000100001111010011000000011
00001011000000010010011110000011
00000000111000111100001110110011
00001011010000010010011100000011
00000000111101100100011000110011
00000000010000010010011110000011
00000001110001101100011010110011
00001010110100010010011000100011
00000000110001111010011110000011
00001101100000010010011010000011
00001010101100010010010000100011
00000000111001111100011110110011
00000000100000010010011100000011
00001101110000010010010110000011
00000000100111110100111100110011
00000000110101110111011010110011
00000000110000010010011100000011
00000000110101100100011000110011
00001001001100010010110000100011
00000000101101110111011100110011
00000000111001111100011110110011
00000000010000010010011100000011
00001011111000010010000000100011
00001011000000010010001000100011
00000001000001110000011100010011
00000000111000010010001000100011
00000000010000010010011010000011
00000000000000000111011100110111
11100011000001110000011100010011
00000001011000101100001010110011
00000000110101110000010001100011
11101011010111111110000001101111
00000001000000010010011100000011
00000000111001010010010000100011
00000001010000010010011100000011
00000000111001010010011000100011
00000001100000010010011100000011
00000000111001010010100000100011
00000001110000010010011100000011
00000000111001010010101000100011
00000010000000010010011100000011
00000000111001010010110000100011
00000010010000010010011100000011
00000000111001010010111000100011
00000010100000010010011100000011
00000010111001010010000000100011
00000010110000010010011100000011
00000010111001010010001000100011
00000011000000010010011100000011
00000010111001010010010000100011
00000011010000010010011100000011
00000010111001010010011000100011
00000011100000010010011100000011
00000010111001010010100000100011
00000011110000010010011100000011
00000010111001010010101000100011
00000100000000010010011100000011
00000010111001010010110000100011
00000100010000010010011100000011
00000010111001010010111000100011
00000100100000010010011100000011
00000100111001010010000000100011
00000100110000010010011100000011
00000100111001010010001000100011
00000101000000010010011100000011
00000111101101010010110000100011
00001001100101010010000000100011
00000100111001010010010000100011
00000101010000010010011100000011
00001001101001010010001000100011
00000100111001010010011000100011
00000101100000010010011100000011
00000100111001010010100000100011
00000101110000010010011100000011
00000100111001010010101000100011
00000110000000010010011100000011
00000100111001010010110000100011
00000110010000010010011100000011
00000100111001010010111000100011
00000110100000010010011100000011
00000110111001010010000000100011
00000110110000010010011100000011
00000110111001010010001000100011
00000111000000010010011100000011
00000110111001010010010000100011
00000111010000010010011100000011
00000110111001010010011000100011
00000111100000010010011100000011
00000110111001010010100000100011
00000111110000010010011100000011
00000110111001010010101000100011
00001000010000010010011100000011
00000110111001010010111000100011
00001000100000010010011100000011
00001000111001010010010000100011
00001000110000010010011100000011
00001000111001010010011000100011
00001001000000010010011100000011
00001100100001010010001000100011
00010000110000010010010000000011
00001000111001010010110000100011
00001001010000010010011100000011
00010000100000010010010010000011
00001111110000010010101000000011
00001000111001010010111000100011
00001001110000010010011100000011
00001111100000010010101010000011
00001111010000010010101100000011
00001010111001010010001000100011
00001010100000010010011100000011
00001111000000010010101110000011
00001110110000010010110000000011
00001010111001010010110000100011
00001010110000010010011100000011
00001110100000010010110010000011
00001110010000010010110100000011
00001011001101010010000000100011
00001011001001010010101000100011
00010000000000010010100110000011
00010000010000010010100100000011
00001001111101010010100000100011
00001000010101010010101000100011
00001011111001010010010000100011
00001011000001010010011000100011
00001010011001010010100000100011
00001010111001010010111000100011
00001100011101010010000000100011
00000000110001010010000000100011
00000000111101010010001000100011
00001110000000010010110110000011
00010001000000010000000100010011
00000000000000001000000001100111
00001100000001011000001001100011
11111111000000010000000100010011
00000000100000010010010000100011
00000000000100010010011000100011
00000000100100010010001000100011
00000000000001010000010000010011
11110101001100000000011110010011
00001000000001010000100001100011
00011001000001010010011000000011
00001000011100000000011100010011
11110100000000000000011110010011
00001000110001110110000001100011
00000000000001011000010010010011
00001100100001010000010110010011
00100011100000000010000011101111
00011001000001000010010100000011
00000000101001000000010100110011
11111111110001010111011110010011
00000000000001111010011110000011
00000000001101010111011100010011
00000000001101110001011100010011
00000000111001111101011110110011
00000000011001111100011110010011
00001111111101111111010110010011
10101001110111111110000011101111
00001000011101000000010100010011
11111111110001010111011110010011
00000000000001111010011110000011
00000000001101010111011100010011
00000000001101110001011100010011
00000000111001111101011110110011
11111000000001111100011110010011
00001111111101111111010110010011
10100111100111111110000011101111
00000000000001000000010100010011
10101110110111111110000011101111
00000010000000000000011000010011
00000000000001000000010110010011
00000000000001001000010100010011
00111011100000000010000011101111
00000000000001000000010100010011
10101000100111111110000011101111
00000000000000000000011110010011
00000000110000010010000010000011
00000000100000010010010000000011
00000000010000010010010010000011
00000000000001111000010100010011
00000001000000010000000100010011
00000000000000001000000001100111
11110101001100000000011110010011
00000000000001111000010100010011
00000000000000001000000001100111
00000010000001010000001001100011
11111111000000010000000100010011
00000000000100010010011000100011
00011000101101010010101000100011
10100100110111111110000011101111
00000000110000010010000010000011
00000000000000000000010100010011
00000001000000010000000100010011
00000000000000001000000001100111
11110101001100000000010100010011
00000000000000001000000001100111
00010110000001010000010001100011
11111110000000010000000100010011
00000001001000010010100000100011
00000001001100010010011000100011
00000000000100010010111000100011
00000000100000010010110000100011
00000000100100010010101000100011
00000001010000010010010000100011
00000001010100010010001000100011
00000000000001011000100110010011
00000000000001100000100100010011
00000010000001011001101001100011
11110101001100000000010100010011
00000000000001100001010001100011
00000000000000000000010100010011
00000001110000010010000010000011
00000001100000010010010000000011
00000001010000010010010010000011
00000001000000010010100100000011
00000000110000010010100110000011
00000000100000010010101000000011
00000000010000010010101010000011
00000010000000010000000100010011
00000000000000001000000001100111
00011001000001010010011110000011
00000000000001010000010000010011
00000110000001111000000001100011
00001000100000000000010010010011
11110100000000000000010100010011
11111100111101001110010011100011
01000000111101001000010010110011
00000000100101100111010001100011
00000000000001100000010010010011
00001100100001111000011110010011
00000000111101000000101000110011
00000000000000000000101010010011
00001001010101001001010001100011
00011001000001000010011110000011
00000000100110011000100110110011
01000000100110010000100100110011
00000000111101001000011000110011
00011000110001000010100000100011
00001000100000000000011110010011
00000000111101100001111001100011
00001100100001000000010110010011
00000000000001000000010100010011
00001011110000000010000011101111
00000000000001000000010100010011
10011011110111111110000011101111
00011000000001000010100000100011
00001000100000000000010110010011
00000000000010010000010100010011
11101011010111111100000011101111
00000000000001010000010010010011
00000000000001010000101000010011
00000000000010011000101010010011
00000110000010100001001001100011
00000000010001001001011110010011
00000000100101111000011110110011
00000000001101111001011110010011
01000000111110010000010010110011
00000000111110010000101001100011
00000000000001001000011000010011
00000000111110011000010110110011
00001100100001000000010100010011
00100101010000000010000011101111
00011001000001000010011110000011
00000000100101111000011110110011
00011000111101000010100000100011
11110010010111111111000001101111
00000001010110011000011110110011
11111111110001111111010110010011
00000000000001011010010110000011
00000000001101111111011110010011
00000000001101111001011110010011
00000000111101011101010110110011
00000001010110100000010100110011
00001111111101011111010110010011
10001100100111111110000011101111
00000000000110101000101010010011
11110101000111111111000001101111
00000000000010101000010110010011
00001000100000000000011000010011
00000000000001000000010100010011
00000010010000000010000011101111
00000000000001000000010100010011
10010010010111111110000011101111
00001000100010101000101010010011
11111111111110100000101000010011
11110111110111111111000001101111
11110101001100000000010100010011
00000000000000001000000001100111
11011001010111111111000001101111
00000000000000000111011110110111
00000000000100000000011100010011
10000000000000001000010100110111
11010110111001111010100000100011
00001000101101010000010100010011
11010111000001111000011110010011
00000000000000001000010110110111
00000000100101011000010110010011
00000110101001111010000000100011
00000000000000001000011100110111
00001000101100000000010100010011
00001000001001110000011100010011
00000010101101111010110000100011
00000110101001111010010000100011
00001000101000000000010110010011
00000000000000001000010100110111
00000000111001111010010000100011
10000000000000001000011010110111
00000100101101111010000000100011
00001000100101010000010100010011
00001000100000000000010110010011
00000000000000001000011100110111
00001000101001110000011100010011
00000000110101111010110000100011
00000100101101111010010000100011
00000110101001111010100000100011
00000000000000001000011010110111
10000000000000001000010110110111
00000000000000001000010100110111
00000000111001111010100000100011
00001000101101101000011010010011
10000000000000000000011100110111
00000000100101011000010110010011
00000000001101010000010100010011
10000000000000001000011000110111
00001000000101100000011000010011
00000010110101111010000000100011
00000100101101111010100000100011
00000000000101110000011010010011
00000000101001110000010110010011
00000110101001111010110000100011
00000000000000001000010100110111
00000010110101111010010000100011
00000010110001111010100000100011
00000000001001010000010100010011
00000000000001111010001000100011
00000000000001111010011000100011
00000000111001111010101000100011
00000000111001111010111000100011
00000010000001111010001000100011
00000010000001111010011000100011
00000010111001111010101000100011
00000010111001111010111000100011
00000100000001111010001000100011
00000100000001111010011000100011
00000100000001111010101000100011
00000100101101111010110000100011
00000100000001111010111000100011
00000110000001111010001000100011
00000110111001111010011000100011
00000110111001111010101000100011
00000110111001111010111000100011
00001000101001111010000000100011
00001000000000000000010100010011
00001000101001111010010000100011
00001010110001111010000000100011
00000000000000001000010100110111
00000000000000001000011000110111
00001010110101111010100000100011
10000000000000001000011010110111
00000000101001010000010100010011
00001000000001100000011000010011
00000000100001101000011010010011
00001000111001111010001000100011
00001000111001111010011000100011
00001000101001111010100000100011
00001000000001111010101000100011
00001000101101111010110000100011
00001000111001111010111000100011
00001010111001111010001000100011
00001010110001111010010000100011
00001010111001111010011000100011
00001010000001111010101000100011
00001010110101111010110000100011
00001010111001111010111000100011
00000000000000001000000001100111
00000110000001010000111001100011
11111111000000010000000100010011
00000000100100010010001000100011
00000001001000010010000000100011
01000011110001010000010010010011
00000000001101010111100100010011
00000000100000010010010000100011
00000000000100010010011000100011
00000000000001010000010000010011
00000000001110010001100100010011
11111111110001001111010010010011
00000000000001001010011110000011
00000001001001111101011110110011
00001111111101111111011110010011
00000010000001111000001001100011
01000010110001010010010100000011
00011000100000000010000011101111
00000000000001001010011100000011
00001111111100000000011110010011
00000001001001111001011110110011
11111111111101111100011110010011
00000000111001111111011110110011
00000000111101001010000000100011
00000000110000010010000010000011
01000010000001000010011000100011
01000010000001000010110000100011
00000000100000010010010000000011
00000000010000010010010010000011
00000000000000010010100100000011
00000001000000010000000100010011
00000000000000001000000001100111
00000000000000001000000001100111
11111111000000010000000100010011
00000000100000010010010000100011
00000000000100010010011000100011
00000000100100010010001000100011
11110101001100000000010000010011
00000100000001010000100001100011
00000000000001011000010000010011
01000100000000000000011000010011
00000000000000000000010110010011
00000000000001010000010010010011
00001000010000000010000011101111
11111111111100000000011110010011
01000010100001001010010000100011
01000010111101001010100000100011
01000010000001001010101000100011
00000000000001001000010100010011
00110111110000000000000011101111
00000000000001010000010000010011
00000000000001010001111001100011
00100001010001001000010100010011
00110110110000000000000011101111
00000000000001010000010000010011
00000000000001010000011001100011
00000000000001001000010100010011
00111000000000000000000011101111
00000000110000010010000010000011
00000000000001000000010100010011
00000000100000010010010000000011
00000000010000010010010010000011
00000001000000010000000100010011
00000000000000001000000001100111
11111111111000000000011000010011
11111000000111111111000001101111
11111110000000010000000100010011
00000000100000010010110000100011
00000000000100010010111000100011
00000000100100010010101000100011
00000001001000010010100000100011
00000001001100010010011000100011
00000001010000010010010000100011
00000001010100010010001000100011
00000001011000010010000000100011
00000010000000010000010000010011
00000000000001100010011100000011
00000000001100000000011110010011
00000000010101110001011100010011
00000000010101110101100000010011
00000000010001110101011100010011
00000000000101110000100010010011
00000000000001110000011001100011
00000000000110000001011110010011
00000000001101111000011110010011
00000000001001111001011110010011
00000000111101111000011100010011
11111111000001110111011100010011
01000000111000010000000100110011
00001000001100000000011100010011
00000000000000010000101000010011
11110001011000000000010010010011
00001001000101110110111001100011
00000000000100000000001100010011
00000000110000000000011100010011
00000000011010001000101001100011
00000000001110000001100000010011
00000000111010000000011100110011
00000000111001111111010001100011
00000000000001111000011100010011
00000000000001100000100100010011
00000000000001011000101100010011
00000000000001110000011000010011
00000000000000000000010110010011
00000000000001010000101010010011
00000000000010100000010100010011
00000000000001101000100110010011
01111000010100000001000011101111
00000000000010010010011110000011
00000000000010100000010100010011
11111001001000000000010010010011
00000000010101111001011110010011
00000000010001111101011110010011
00000000000101111000010110010011
00100100010000000000000011101111
00000010000001010001110001100011
00000000000010110000011000010011
00000000000010101000010110010011
00000000000010100000010100010011
01001110100000000000000011101111
11111001000100000000010010010011
00000010000001010001000001100011
00000100000010011000101001100011
00000000000100000000010110010011
00000000000010100000010100010011
00111010000000000000000011101111
00000000000100000000011110010011
00000100111101010000000001100011
11110000001100000000010010010011
00000000000010100000010100010011
00100101110000000000000011101111
11111110000001000000000100010011
00000001110000010010000010000011
00000000000001001000010100010011
00000001100000010010010000000011
00000001010000010010010010000011
00000001000000010010100100000011
00000000110000010010100110000011
00000000100000010010101000000011
00000000010000010010101010000011
00000000000000010010101100000011
00000010000000010000000100010011
00000000000000001000000001100111
00000000000010100000011000010011
00000000000100000000010110010011
00000000000010100000010100010011
00111000110000000000000011101111
00000000000001010000010010010011
00000000000001010001111001100011
00000000000010010000010110010011
00000000000010100000010100010011
00100011100000000000000011101111
11111111111100000000011110010011
11111000111101010001111011100011
11111001110111111111000001101111
11111000110100000000010010010011
11111001010111111111000001101111
00000000000001010000010001100011
01000010010000000000000001101111
11110101001100000000010100010011
00000000000000001000000001100111
11111110000000010000000100010011
00000000000101100011100010010011
00000001001100010010011000100011
00000000000001101000100110010011
00000000000101101011011010010011
00000001000101101110011010110011
00000000000101011011100010010011
00000000110110001110100010110011
00000000000101010011011010010011
00000000000100010010111000100011
00000000100000010010110000100011
00000000100100010010101000100011
00000001001000010010100000100011
00000001010000010010010000100011
00000001010100010010001000100011
00000001011000010010000000100011
00000001000101101110011010110011
00010010000001101001101001100011
00010010000001111000100001100011
00000000000010011010011010000011
00010010000001101000010001100011
00000000000101110000011010010011
00010010000001101000000001100011
00000000000001111000010010010011
00000000001100000000011110010011
00000000000001011000101000010011
00000000000010000000011010010011
00000000000001110000100100010011
00000000000001100000101100010011
00000000000001010000101010010011
00000010111101110001110001100011
01000011010001001010011100000011
00000000010000000000011110010011
00000010111101110000110001100011
00000000000001001000010100010011
11110110010111111111000011101111
00000000000001010000010000010011
00000110000001010101001001100011
11111001010000000000011110010011
00000010111101000000100001100011
01000010000001001010101000100011
00000000000001001000010100010011
11001101100111111111000011101111
00000010000000000000000001101111
00000000000100000000011110010011
11111100111101110000010011100011
11111101000111111111000001101111
00000000000001001000011000010011
11011100010111111111000011101111
00000000000001010000010000010011
11111100000001010000000011100011
00000001110000010010000010000011
00000000000001000000010100010011
00000001100000010010010000000011
00000001010000010010010010000011
00000001000000010010100100000011
00000000110000010010100110000011
00000000100000010010101000000011
00000000010000010010101010000011
00000000000000010010101100000011
00000010000000010000000100010011
00000000000000001000000001100111
00000111010001010110000001100011
00000000000010011010011110000011
00000110101001111110000001100011
00000000000001001010011110000011
00000000000001111000100001100011
00000000100001001010011110000011
00000000000101111111011110010011
00000100000001111000101001100011
00000000000001001000010100010011
00010110010000000000000011101111
10000000000001010000010100010011
00000100000001010001011001100011
00000000001010010011100100010011
00000100000010010000001001100011
00000000000010011000011110010011
00000000000010110000011100010011
00000000000001001000011010010011
00100001010001001000011000010011
00000000000010100000010110010011
00000000000010101000010100010011
00100011110000000001000011101111
00000000000001010000010000010011
11110110000001010101111011100011
11110100010111111111000001101111
11110101001100000000010000010011
11110100010111111111000001101111
11110111110100000000010000010011
11110011110111111111000001101111
11111001111000000000010000010011
11110011010111111111000001101111
11110001011000000000010000010011
11110010110111111111000001101111
11110101001100000000010000010011
11110101000111111111000001101111
00000000000100000000100000010011
11100111110111111111000001101111
00000000000001010000011110010011
00000010000001010000010001100011
11111111111101011000011100010011
00001000001000000000011010010011
11111001111000000000010100010011
00000000111001101110111001100011
00000000000001111010000000100011
00000000000001111010010000100011
00000000101101111010001000100011
00000000000000000000010100010011
00000000000000001000000001100111
11111001111000000000010100010011
00000000000000001000000001100111
00000000000001010000111001100011
00000000000001010010000000100011
00000000000001010010010000100011
00001000001100000000011110010011
00000000111101010010001000100011
00000000000000000000010100010011
00000000000000001000000001100111
11111001111000000000010100010011
00000000000000001000000001100111
00000000000001010000111001100011
00000000000001010010011010000011
00000000100001010000011100010011
00000000000000000000011110010011
00000000111101101001100001100011
00000000000001010010000000100011
00000000000001010010010000100011
00000000000000001000000001100111
00000000000001110010000000100011
00000000000101111000011110010011
00000000010001110000011100010011
11111110010111111111000001101111
00000010101101010000100001100011
11111111111100000000011110010011
00000010000001010000011001100011
00000000000100000000011110010011
00000010000001011000001001100011
00000000000001010010011100000011
00000000000001011010011010000011
00000000111001101110110001100011
11111111111100000000011110010011
00000000110101110110100001100011
00000000111101110000011110110011
00000000000001111101100001100011
00000000000000000000011110010011
00000000000001111000010100010011
00000000000000001000000001100111
00000000001001111001011100010011
00000000111001010000011010110011
00000000111001011000011100110011
00000000100001101010011010000011
00000000100001110010011100000011
00000000110101110110100001100011
00000000111001101110101001100011
11111111111101111000011110010011
11111101000111111111000001101111
00000000000100000000011110010011
11111101000111111111000001101111
11111111111100000000011110010011
11111100100111111111000001101111
00000110000001010000010001100011
00000000000001010010011100000011
00000000000000000000011110010011
00000010000001110000100001100011
11111111111101110000011110010011
00000100000001111100101001100011
00000000001001111001011100010011
00000000111001010000011100110011
00000000100001110010011100000011
00000010000001110000000001100011
00000000000000010000011010110111
00000000010101111001011110010011
00000010110101110110100001100011
00000010000001111000011110010011
00000000000001110101101001100011
00000000000001111000010100010011
00000000000000001000000001100111
11111111111101111000011110010011
11111100110111111111000001101111
11111111111101111000011110010011
00000000000101110001011100010011
11111110010111111111000001101111
00000000000101111000011110010011
00000000000101110101011100010011
11111110000001110001110011100011
11111101100111111111000001101111
00000000000000000000011110010011
11111101000111111111000001101111
00000000000001010000110001100011
00000000101101010010010000100011
00000000101100000011010110110011
00000000101101010010000000100011
00000000000000000000010100010011
00000000000000001000000001100111
11111001111000000000010100010011
00000000000000001000000001100111
00000000000001010000011110010011
00000010000001010000101001100011
00000000000001010010011100000011
00000000000100000000010100010011
00000010111001010110011001100011
00000000000001110001100001100011
00000000101100000011010110110011
01000000101100000000010100110011
00000000000000001000000001100111
00000000100001111010011110000011
00000000111101011110101001100011
00000000101101111011011110110011
01000000111100000000010100110011
00000000000000001000000001100111
11111111111100000000010100010011
00000000000000001000000001100111
00000000000001100000010001100011
00000000000001010001011001100011
11111001111000000000010100010011
00000000000000001000000001100111
00000000000001010010011010000011
00000000010001100010100010000011
00000000000101101000001100010011
11111110011010001110011011100011
00000000000001101001110001100011
00000000101101100010010000100011
00000000101100000011010110110011
00000000101101100010000000100011
00000000000000000000010100010011
00000000000000001000000001100111
00000000100001010010011100000011
00000000110101100010000000100011
00000000111001011000011100110011
00000000111001100010010000100011
00000000101101110011011110110011
00000010101101110111011001100011
00000000110001010000010110010011
00000000110001100000100000010011
00000000000100000000011110010011
00000100111101101001011001100011
11111011000101111111010011100011
00000000001001111001011100010011
00000000011001100010000000100011
00000000111001100000011100110011
00000000000100000000011010010011
00000000110101110010010000100011
11111010110001010000110011100011
00000000000001010010011010000011
00000000001001111000011110010011
11111111111101111000011100010011
11111010110101110111010011100011
00000000000101111000011110010011
00000000001001111001011100010011
00000000111001010000010110110011
00000000000001011010010110000011
00000000111001100000011100110011
00000000101101110010000000100011
11111110000111111111000001101111
00000000000001011010011100000011
00000000000101110000011100010011
00000000111010000010000000100011
11111100000001110001001011100011
00000000010001011000010110010011
00000000010010000000100000010011
00000000000101111000011110010011
11111001100111111111000001101111
00000010000001010000001001100011
11111111000000010000000100010011
00000000000100010010011000100011
11100101110111111111000011101111
00000000110000010010000010000011
00000000011101010000010100010011
01000000001101010101010100010011
00000001000000010000000100010011
00000000000000001000000001100111
00000000000000001000000001100111
00010010000001010000011001100011
00000000000001010000011100010011
00000000000001011001011001100011
11111001111000000000010100010011
00010010000001100001001001100011
00000000010001110010011110000011
11111001111000000000010100010011
00000000001001111001011110010011
00010000110001111110101001100011
00000000001101100000011110010011
00000000001001111101011110010011
11111111111101100000111100010011
00000000100001110000001100010011
00000000000000010000111000110111
11111111000000010000000100010011
00000000000011110000010100010011
00000000111101110010000000100011
00000000000000110000100010010011
00000000001000000000111110010011
00000000111111110000001010110111
11110000000011100000111000010011
00000110101011111100011001100011
00000100000001010100001001100011
11111111111101111000011110010011
00000000001001111001011110010011
00000000111101110000011110110011
00000000000001111010010000100011
00000000000100000000011110010011
00000000111101010000101001100011
00000001111101010001111001100011
00000000001001011100011010000011
00000000110010001000011110110011
11111110110101111000111010100011
00000000000101011100011110000011
00000000110010001000011000110011
11111110111101100000111100100011
00000000000001011100011110000011
00000001111010001000100010110011
00000000111110001000000000100011
00000000000001110010011010000011
11111111111100000000011110010011
00000000111100010010011000100011
00000000111101101000011000110011
00000100000001100101100001100011
00000000110101110010000000100011
00000000000000000000010100010011
00000001000000010000000100010011
00000000000000001000000001100111
00000000101001011000011010110011
11111111110101101010011010000011
11111111110001010000010100010011
00000000010000110000001100010011
00000001100001101101111010010011
00000001100001101001100000010011
00000001110110000110100000110011
00000000100001101001111010010011
00000000010111101111111010110011
00000000100001101101011010010011
00000001110110000110100000110011
00000001110001101111011010110011
00000000110110000110011010110011
11111110110100110010111000100011
11110101110111111111000001101111
00000000001001100001011110010011
00000000111101110000011110110011
00000000100001111010011110000011
00000000110000010010010110000011
11111111111101100000011000010011
00000000111100000011011110110011
11111111111101111000011110010011
00000000111101011111011110110011
00000000111100010010011000100011
00000000110000010010011110000011
00000000111101101000011010110011
11111000010111111111000001101111
11111001111000000000010100010011
00000000000000001000000001100111
00000000000000001000000001100111
11111111110001011111011110010011
00000000001101011111010110010011
00000000111101010000010100110011
00000000001101011001010110010011
00000000000001010010011100000011
00001111111100000000011110010011
00000000101101111001011110110011
11111111111101111100011110010011
00000000111001111111011110110011
00000000101101100001011000110011
00000000111101100110011000110011
00000000110001010010000000100011
00000000000000001000000001100111
00100000000000000000011100110111
00010001110001010000011000010011
11111111111101110000011100010011
00000000000001010010011110000011
00000000010001010010011010000011
00000000010001010000010100010011
01000001110101111101010110010011
00000000101101101000011010110011
00000000111001111111011110110011
00000000110101010010000000100011
11111110111101010010111000100011
11111110101001100001000011100011
00000000000000001000000001100111
11111011000000010000000100010011
00000011001100010010111000100011
00000011101000010010000000100011
00000000000001010000100110010011
00000000000001100000110100010011
00010001110001011010010100000011
00010001110001100010011000000011
00000011010000010010110000100011
00000000000001011000101000010011
01000001111101100101011010010011
01000001111101010101010110010011
00000100100000010010010000100011
00000011010100010010101000100011
00000011011100010010011000100011
00000011100100010010001000100011
00000001101100010010111000100011
00000100000100010010011000100011
00000100100100010010001000100011
00000101001000010010000000100011
00000011011000010010100000100011
00000011100000010010010000100011
01000010100100000000000011101111
00000000001101011001010110010011
00000001110101010101011110010011
00100000000000000000110110110111
00000000111101011000011110110011
11111111111111011000110110010011
00100010111110011010111000100011
00000000101011011111010000110011
00000000000000000000001100010011
00100011010011010000110100010011
00100011110010011000110010010011
00001000110100000000101010010011
00000000111100000000101110010011
00000100011100000000011110010011
00000111010101111101001001100011
11111011100110101000010010010011
00000000000001111000101100010011
01000000100110110000011110110011
00001110111110111100101001100011
00000000000000000000100100010011
00000000000000000000110000010011
00010110100110110101101001100011
00000000001111000001011100010011
00000001110110010101011110010011
00000000111101110000011110110011
00000000100001111000010000110011
00000001110111000101011100010011
00000000111101000011011110110011
00000000111001111000011110110011
00000000001101111001011110010011
00000001110101000101011100010011
00000000111001111000011100110011
00000000000011001010011110000011
00000001101101000111010000110011
11111110100011001010111000100011
00000000111001111000011110110011
00000000111111001010000000100011
00000001101110010111010000110011
00001101100000000000000001101111
00000000000010101000101100010011
00000000000000000000010010010011
11111010000111111111000001101111
00000100100111100100110001100011
00000000001001001001011110010011
01000000111111010000011010110011
00000000111110100000011110110011
00000000000001101010010100000011
00000000000001111010011000000011
00000001110000010010011000100011
01000001111101010101010110010011
01000001111101100101011010010011
00000000011000010010010000100011
00000000111000010010001000100011
00110101010100000000000011101111
00000000101011000000010100110011
00000000110000010010111000000011
00000000100000010010001100000011
00000000010000010010011100000011
00000001100001010011011110110011
00000000101110010000010110110011
00000000000001010000110000010011
00000000101101111000100100110011
00000000000101001000010010010011
11111010100110110101011011100011
00000000001110010001011010010011
00000001110111000101011110010011
00000000111101101000011110110011
00000000111101000000011110110011
00000001110110010101100100010011
00000000100001111011011010110011
00000001001000110000100100110011
00000001001001101000001100110011
00000000000001111000010000010011
00000001101111000111110000110011
00000000000000000000100100010011
00000000111101110000011100010011
00000000111010110100111001100011
00000000111001110000111000010011
11111100010111111111000001101111
00000000000001001000011100010011
00000000000000000000110000010011
00000000000000000000100100010011
11111110100111111111000001101111
00000000000011001010011110000011
00000001110101000101011100010011
00000000001100110001001100010011
00000000111000110000011100110011
00000001101101000111010000110011
00000000111001111000011110110011
11111110100011001010111000100011
00000000111111001010000000100011
00000000000011000000010000010011
11111111111110101000101010010011
11111111111100000000011110010011
00000000000000000000001100010011
11111111110011010000110100010011
11111111110011001000110010010011
11101010111110101001100011100011
00000000100010011010000000100011
00000100110000010010000010000011
00000100100000010010010000000011
00000100010000010010010010000011
00000100000000010010100100000011
00000011110000010010100110000011
00000011100000010010101000000011
00000011010000010010101010000011
00000011000000010010101100000011
00000010110000010010101110000011
00000010100000010010110000000011
00000010010000010010110010000011
00000010000000010010110100000011
00000001110000010010110110000011
00000101000000010000000100010011
00000000000000001000000001100111
00000000001001001001011110010011
01000000111111010000011100110011
00000000111110100000011110110011
00000000000001111010011000000011
00000000000001110010010100000011
00000000000101001000010010010011
01000001111101100101011010010011
01000001111101010101010110010011
00100100000100000000000011101111
00000000101010010000010100110011
00000001001001010011011110110011
00000000101111000000010110110011
00000000000001010000100100010011
00000000101101111000110000110011
11100101010111111111000001101111
00010001110001011010011000000011
11111011000000010000000100010011
00000011001100010010111000100011
01000001111101100101011010010011
00000011011000010010100000100011
00000000000001011000100110010011
00000000000001010000101100010011
00000000000001101000010110010011
00000000000001100000010100010011
00000100100000010010010000100011
00000101001000010010000000100011
00000011010000010010110000100011
00000011010100010010101000100011
00000011011100010010011000100011
00000011100000010010010000100011
00000001101100010010111000100011
00000100000100010010011000100011
00000100100100010010001000100011
00000011100100010010001000100011
00000011101000010010000000100011
00011101010100000000000011101111
00000000001101011001011100010011
00000001110101010101011110010011
00000000111101110000011110110011
00100010111110110010111000100011
00000001110101011001110110010011
00000000001101010101011110010011
00000100000000000000101010110111
00000001101101111000110110110011
11111111111110101000101010010011
00100000000000000000100100110111
00000001110101010001010000010011
00000001010111011111110110110011
00100011010010011000101000010011
00100011110010110000110000010011
00001000110100000000101110010011
11111111111110010000100100010011
00000000000110111000100000010011
00000000000110111111011010010011
01000000000110000101110010010011
00000010000001101001110001100011
00000000001011001001011010010011
00000000110110011000011010110011
00000000000001101010011000000011
00000000000111001000110010010011
01000001111101100101011010010011
00000000000001101000010110010011
00000000000001100000010100010011
00010110010100000000000011101111
00000000101001000000010100110011
00000000100001010011011010110011
00000000101111011000010110110011
00000000000001010000010000010011
00000000101101101000110110110011
00000100011100000000011110010011
00000000000010111000110100010011
00000001011101111101010001100011
00000000000001111000110100010011
01000001100111010000011010110011
00000000110100000000011110010011
00100000110101111101011001100011
00000000001111011001011010010011
00000001110101000101100010010011
00000001000101101000100010110011
00000001110111011101110110010011
00000001001001000111010000110011
00000000000011001000111000010011
00001001110011010101011001100011
00000000000011000010011010000011
00000000001111011001110110010011
00000001110110001101011000010011
00000000110011011000011000110011
00000000110001101000011010110011
00000000110111000010000000100011
00000001001010001111011010110011
00000000001101000101110110010011
11111110110111000010111000100011
00000001110101000001010000010011
11111111111110111000101110010011
11111111111100000000011110010011
11111111110010100000101000010011
11111111110011000000110000010011
11110100111110111001011011100011
00000000001111011001110110010011
00000001110101000101010000010011
00000000100011011000010000110011
00000000100010110010000000100011
00000100110000010010000010000011
00000100100000010010010000000011
00000100010000010010010010000011
00000100000000010010100100000011
00000011110000010010100110000011
00000011100000010010101000000011
00000011010000010010101010000011
00000011000000010010101100000011
00000010110000010010101110000011
00000010100000010010110000000011
00000010010000010010110010000011
00000010000000010010110100000011
00000001110000010010110110000011
00000101000000010000000100010011
00000000000000001000000001100111
00000000000000000000010010010011
00000000000000000000111010010011
00000000110111100000111100010011
00000110000000000000000001101111
00000111100111110100000001100011
00000000001011001001011010010011
01000000110110100000011000110011
00000000110110011000011010110011
00000000000001100010010100000011
00000000000001101010011000000011
00000001111000010010011000100011
01000001111101010101010110010011
01000001111101100101011010010011
00000001000100010010010000100011
00000001110100010010001000100011
00000001110000010010000000100011
00000100110100000000000011101111
00000000010000010010111010000011
00000000101001001000010100110011
00000000000000010010111000000011
00000000100000010010100010000011
00000000110000010010111100000011
00000000100101010011011010110011
00000000101111101000010110110011
00000000000001010000010010010011
00000000101101101000111010110011
00000000000111001000110010010011
11111011100111010101001011100011
00000001111101001101011010010011
00000000000101001001010010010011
00000000100001001000010000110011
00000000000111101001111010010011
00000001110101101000111010110011
00000000100101000011010010110011
00000001110101001000010010110011
00000000001101001001011000010011
00000001110101000101011010010011
00000000110101100000011010110011
00000000110110001000011010110011
00000001110101001101010010010011
00000001000101101011011000110011
00000000100111011000010010110011
00000000000001101000100010010011
00000000100101100000110110110011
00000001001001000111010000110011
00000000111011100000111000010011
11101011110111111111000001101111
00000000001011001001011010010011
01000000110110100000011000110011
00000000110110011000011010110011
00000000000001100010010100000011
00000000000001101010011000000011
00000001000100010010000000100011
01000001111101010101010110010011
01000001111101100101011010010011
01111011000000000000000011101111
00000000000000010010100010000011
00000000101001001000010100110011
00000000100101010011011010110011
00000000101110001000010110110011
00000000000001010000010010010011
00000000101101101000100010110011
00000000000111001000110010010011
11111101100111010101000011100011
00000001111101001101011010010011
00000000000110001001100010010011
00000000000101001001010010010011
00000000100001001000010000110011
00000001000101101000100010110011
00000000100101000011010010110011
00000000000011000010011010000011
00000001101110001000100010110011
00000001000101001000010010110011
00000001101001001101011000010011
00000000110001101000011010110011
00000000110111000010000000100011
00000000001101001001011000010011
00000001110101000101011010010011
00000000110101100000011010110011
00000001001001101111011010110011
11111110110111000010111000100011
00000001110101001001010010010011
00000000001101000101011010010011
00000000100101101000010010110011
00000001110101000001010000010011
11100000000000000000011110110111
00000000111101000111010000110011
00000001010101001111110110110011
11100100000111111111000001101111
00000000000000000000010010010011
00000000000000000000100010010011
11111001000111111111000001101111
11111101000000010000000100010011
00000011001000010010000000100011
00100000000000000000100100110111
00000010100000010010010000100011
00000010100100010010001000100011
00000001001100010010111000100011
00000001010000010010110000100011
00000001010100010010101000100011
00000001011000010010100000100011
00000010000100010010011000100011
00000000000001010000100110010011
00000000000001011000101100010011
01000001111101100101011010010011
00000000000000000000010010010011
00000000000000000000010000010011
00000000000000000000101000010011
11111111111110010000100100010011
00010010000000000000101010010011
00000000100110110000011110110011
00000000000001111010010100000011
00000000110000010010011000100011
00000000110100010010010000100011
01000001111101010101010110010011
01101100000000000000000011101111
00000000100001010000010000110011
00000000101001000011010100110011
00000001010001011000010110110011
00000000100110011000011110110011
00000000101101010000010100110011
00000001001001000111011100110011
00000000111001111010000000100011
00000001110101000101010000010011
00000000001101010001011110010011
00000000010001001000010010010011
00000000100000010010011010000011
00000000110000010010011000000011
00000000100001111000010000110011
01000001110101010101101000010011
11111011010101001001100011100011
00010010100010011010000000100011
00000010110000010010000010000011
00000010100000010010010000000011
00000010010000010010010010000011
00000010000000010010100100000011
00000001110000010010100110000011
00000001100000010010101000000011
00000001010000010010101010000011
00000001000000010010101100000011
00000011000000010000000100010011
00000000000000001000000001100111
11111100000000010000000100010011
00000011010000010010010000100011
00100000000000000000101000110111
00000011001000010010100000100011
00000011001100010010011000100011
00000011011000010010000000100011
00000001011100010010111000100011
00000000000001010000100110010011
00000010000100010010111000100011
00000010100000010010110000100011
00000010100100010010101000100011
00000011010100010010001000100011
00000000000001011000101110010011
01000001111101100101011010010011
00000000000000000000100100010011
00000000000000000000011110010011
00000000000000000000010100010011
11111111111110100000101000010011
00010010000000000000101100010011
00000001001010011000101010110011
00000000000010101010011100000011
00000000110000010010011000100011
00000000110100010010010000100011
01000001111101110101010110010011
00000000111101110000010000110011
00000000111001000011011100110011
00000000101001011000011110110011
00000000111101110000010010110011
00000001001010111000011110110011
00000000000001111010010100000011
00000000010010010000100100010011
01000001111101010101010110010011
01011101010000000000000011101111
00000000100001010000011110110011
00000000101001111011010100110011
00000000100101011000010110110011
00000001010001111111011100110011
00000000101101010000010100110011
00000000111010101010000000100011
00000001110101111101011110010011
00000000001101010001011100010011
00000000100000010010011010000011
00000000110000010010011000000011
00000000111101110000011110110011
01000001110101010101010100010011
11111001011010010001110011100011
00010010000010011010011100000011
00000011110000010010000010000011
00000011100000010010010000000011
00000000111101110000011110110011
00010010111110011010000000100011
00000011010000010010010010000011
00000011000000010010100100000011
00000010110000010010100110000011
00000010100000010010101000000011
00000010010000010010101010000011
00000010000000010010101100000011
00000001110000010010101110000011
00000100000000010000000100010011
00000000000000001000000001100111
00100000000000000000011100110111
00010001100001010000011000010011
11111111111101110000011100010011
00000000000001010010011110000011
00000000010001010010011010000011
00000000010001010000010100010011
01000001110101111101010110010011
00000000101101101000011010110011
00000000111001111111011110110011
00000000110101010010000000100011
11111110111101010010111000100011
11111110101001100001000011100011
00000000000000001000000001100111
01000001111101010101011110010011
11111110000000010000000100010011
00000000001101010101011100010011
00000001110101111001011110010011
00000001110101010001010100010011
00000000111101110000011110110011
00000000100100010010101000100011
01000001111101011101011100010011
00000000101101010000010010110011
00000000111001111000011110110011
00000000101001001011010100110011
00000000100000010010110000100011
00000000111101010000010000110011
00000000001101000001011100010011
00000001001000010010100000100011
00000001110101001101011110010011
00000000000001100000100100010011
01000000000101100101011000010011
00000000000101100000011000010011
00000000111101110000011110110011
01000000111101100000011100110011
00000001111101110101010110010011
01000001111101110101011100010011
00000000001101001001010100010011
00000000110001110111011100110011
00000000000100010010111000100011
00000001001100010010011000100011
00000001010000010010010000100011
00000001010100010010001000100011
00000000001101010101010100010011
01000000111001111000011110110011
00000001101100000000100000010011
00000001110001010101011100010011
00000000000101111001011110010011
00000000000101110111011100010011
00000000111101110000011100110011
01000000111001100000011010110011
00000001111101101101011110010011
01000001111101101101011010010011
00000000110001101111011010110011
00000000101101111000100010110011
01000000110101110000011100110011
11111111111110000000100000010011
00000000000101010001010100010011
00000001000101011000010110110011
00000000111001111000011110110011
11111100000010000001010011100011
00000000000101011000100110010011
00000000101110011000100110110011
00000000000010010000011000010011
01000001111110010101011010010011
00000000000010011000010100010011
01000001111110011101010110010011
01000101110000000000000011101111
01000000101001001000101000110011
00000001010001001011011110110011
01000000101101000000010110110011
01000000111101011000010110110011
00000000001101011001010110010011
00000001110110100101101000010011
00000001010001011000101000110011
00000001001110100000101000110011
00000000000010010000011000010011
01000001111110010101011010010011
00000000000010100000010100010011
01000001111110100101010110010011
01000010100000000000000011101111
01000000101001001000010100110011
00000000101001001011010100110011
01000000101101000000100110110011
01000000101010011000100110110011
01000001101001000101011110010011
01000001101010011101100110010011
01000000111110011000100110110011
00000001010010011000100110110011
00000000000010010000011000010011
01000001111110010101011010010011
00000000000010011000010100010011
01000001111110011101010110010011
00111111010000000000000011101111
01000000101001001000011000110011
01000000101101000000011110110011
01000001111001100101010110010011
00000000110001001011011010110011
00000000000101011110101000010011
01000000110101111000011010110011
00000000000010100000010100010011
01000001111101011101010110010011
00111101000000000000000011101111
01000000101010010000010100110011
01000001111101010101010100010011
00000001010001010111010100110011
00000001001101010000100110110011
00000000000010010000011000010011
01000001111110010101011010010011
00000000000010011000010100010011
01000001111110011101010110010011
00111010110000000000000011101111
01000000101001001000011000110011
01000000101101000000011010110011
01000001111001100101010110010011
00000000000101011110010000010011
00000000110001001011010010110011
01000000100101101000011010110011
00000000000001000000010100010011
01000001111101011101010110010011
00111000100000000000000011101111
01000000101010010000010100110011
01000001111101010101010100010011
00000001110000010010000010000011
00000000100001010111010100110011
00000001100000010010010000000011
00000001010000010010010010000011
00000001000000010010100100000011
00000000100000010010101000000011
00000000010000010010101010000011
00000001001101010000010100110011
00000000110000010010100110000011
00000010000000010000000100010011
00000000000000001000000001100111
11111101000000010000000100010011
00000011001000010010000000100011
00000001010100010010101000100011
00000000000001010000100100010011
00100000000000000000101010110111
00010001110001010000010100010011
00000010100000010010010000100011
00000010100100010010001000100011
00000001001100010010111000100011
00000001010000010010110000100011
00000001011100010010011000100011
00000010000100010010011000100011
00000001011000010010100000100011
00000000000001011000010000010011
00000000000001100000101110010011
00000000000010010000101000010011
11100110000011111111000011101111
00010001100010010000010010010011
00000000000010010000100110010011
11111111111110101000101010010011
00000000000010011010010110000011
00000000000010111000010100010011
10101010100111111011000011101111
00000001010101010111011000110011
00000000000001000000010110010011
00000000000010011000010100010011
11001001010111111111000011101111
00000000000010011010011100000011
00000000010010011010011110000011
00000000010010011000100110010011
01000001110101110101011100010011
00000000111001111000011110110011
00000000111110011010000000100011
11111101001101001001011011100011
00010001100010010010010110000011
00000000000010111000010100010011
10100111000111111011000011101111
00000000111001010001011000010011
00000000111001100101011000010011
00000000000001000000010110010011
00000000000001001000010100010011
11000101100111111111000011101111
00010001100010010010011010000011
00010001110010010010011100000011
01000001110101101101011110010011
00000000111001111000011110110011
00000001010101101111011010110011
01000001111101111101011000010011
00000001010101111101010110010011
01000001001001101101011100010011
00010000111110010010111000100011
00000000101101100001011000010011
00000000101101111001011110010011
00000000110001011000011000110011
00010000110110010010110000100011
00000000111001111000011100110011
01000001111101101101011010010011
00000000111101110011011110110011
00000000110101100000011000110011
00100000000000000000010110110111
00000000110001111000011110110011
11111111111101011000010110010011
00000000101101110111011010110011
00000000110110100010000000100011
00000001110101110101011100010011
00000000001101111001011010010011
00000000111001101000011100110011
00010010000010100010011010000011
01000001110101111101011110010011
00000000010010100000101000010011
01000001111101101101011000010011
00000001010101101101010100010011
00000000101101100001011000010011
00000000101101101001011010010011
00000000110001010000011000110011
00000000111001101000011100110011
00000000110101110011011010110011
00000000111101100000011000110011
00000000110001101000011110110011
11111011010001001001111011100011
00010000111010010010110000100011
00010001110000000000011000010011
00000000000000000000010110010011
00010001110010010000010100010011
01100101000100000000000011101111
00010001100001000010011100000011
00010001100010010010011110000011
00010010000000000000010100010011
01000000111001111000011110110011
11111111111101111000011110010011
01000001111101111101011110010011
11111111111101111100011110010011
00000000000000000000011100010011
00000000111001000000011010110011
00000000000001101010011000000011
00000000111010010000010110110011
00000000000001011010011010000011
00000000110001111111011000110011
00000000010001110000011100010011
01000000110001101000011010110011
00000000110101011010000000100011
11111110101001110001000011100011
00000010100000010010010000000011
00000010110000010010000010000011
00000010010000010010010010000011
00000001110000010010100110000011
00000001100000010010101000000011
00000001010000010010101010000011
00000001000000010010101100000011
00000000110000010010101110000011
00000000000010010000010100010011
00000010000000010010100100000011
00000011000000010000000100010011
11001101110011111111000001101111
11111110000000010000000100010011
00000000100000010010110000100011
00000000000100010010111000100011
00000000000001100000010000010011
00000000101000010010011000100011
00000000110100010010010000100011
11110100110011111111000011101111
00000000000001000000010110010011
00000001100000010010010000000011
00000000100000010010011000000011
00000000110000010010010100000011
00000001110000010010000010000011
00000010000000010000000100010011
11100000010111111111000001101111
11111110000000010000000100010011
00000000000100010010111000100011
00000000101000010010011000100011
00000000110100010010010000100011
00000000111000010010001000100011
11001100000011111111000011101111
00000000010000010010011000000011
00000000100000010010010110000011
00000000110000010010010100000011
00000001110000010010000010000011
00000010000000010000000100010011
11011101010111111111000001101111
00100000000000000000011000110111
00000000000001011000011010010011
00000000000000000000011100010011
11111111111101100000011000010011
00010001110000000000100010010011
00000000000001101010011110000011
00000000010001101010100000000011
00000000111001010000001100110011
01000000101101111101011110010011
00000001001010000001100000010011
00000001000001111110011110110011
00000000110001111111011110110011
00000000111100110010000000100011
00000000010001110000011100010011
00000000010001101000011010010011
11111101000101110001110011100011
00010001110001011010011110000011
01000000101101111101011110010011
00010000111101010010111000100011
00000000000000001000000001100111
00100000000000000000100000110111
00000000000000000000011000010011
00000000000000000000011100010011
00000000000000000000100010010011
11111111111110000000100000010011
00100100000000000000001100010011
00000000110001011000011110110011
00000000000001111010011110000011
01000001111101111101011010010011
00000001010101111101111000010011
00000000101101101001011010010011
00000000101101111001011110010011
00000000111001111000011100110011
00000000110111100000011010110011
00000001000101101000011010110011
00000000111101110011011110110011
00000000110101111000011110110011
00000001000001110111100010110011
00000000110001010000011010110011
00000001000101101010000000100011
00000001110101110101011100010011
00000000001101111001011010010011
00000000010001100000011000010011
00000000111001101000011100110011
01000001110101111101100010010011
11111010011001100001101011100011
00100100111001010010000000100011
00000000000000001000000001100111
00000000000000000000011110010011
00010010000000000000011010010011
00000000111101011000011100110011
00000000111101100000100010110011
00000000000001110010011100000011
00000000000010001010100010000011
00000000111101010000100000110011
00000000010001111000011110010011
01000001000101110000011100110011
00000000111010000010000000100011
11111110110101111001000011100011
00000000000000001000000001100111
00000000000000000000011110010011
00010010000000000000011010010011
00000000111101011000011100110011
00000000111101100000100010110011
00000000000001110010011100000011
00000000000010001010100010000011
00000000111101010000100000110011
00000000010001111000011110010011
00000001000101110000011100110011
00000000111010000010000000100011
11111110110101111001000011100011
00000000000000001000000001100111
01000001111101101101011110010011
11110101000000010000000100010011
00000000101001111100010100110011
00000000111101100100011000110011
00000000101101111100010110110011
00000000111101101100011010110011
01000000111101010000100000110011
01000000111101011000010110110011
01000000111101101000011010110011
00001010100100010010001000100011
01000000111101100000010010110011
00000000000000000000011110010011
00000001000001010011010100110011
00000000100101100011011000110011
00000000000000000000011100010011
00000000111100010010101000100011
00000001000000010000011110010011
00001001001100010010111000100011
00001001010100010010101000100011
01000000101001011000010110110011
00001010000100010010011000100011
00001010100000010010010000100011
00001011001000010010000000100011
00001001010000010010110000100011
01000000110001101000101010110011
00000000111000010010100000100011
00001000100000010000010100010011
00000000000001111000100110010011
00000000000001111010011100000011
00000000010001111010011010000011
00000000100001111000011110010011
00000001000001110000011000110011
00000000111001100011011100110011
00000000101101101000011010110011
00000000110101110000011100110011
00000000110001111010000000100011
00000000111001111010001000100011
11111100111101010001111011100011
00000001110001001101011110010011
00000000001101111001011110010011
00000000111110011000011110110011
00000000000001111010010100000011
00000000010001111010010110000011
00000001100000000000011000010011
11111111110000000000101000010011
00000001110001010101011110010011
00000000010001010001100100010011
00000000010001011001010000010011
00000000000001001000010100010011
00000000000010101000010110010011
00000000100001111000010000110011
00000000110000010010011000100011
01000010000100000000000011101111
00000000111101010111011110010011
00000000001101111001011110010011
00000000111110011000011110110011
00000000000001111010010100000011
00000000110000010010011000000011
00000000010001111010011110000011
00000000101010010000010100110011
00000001001001010011100100110011
00000000111101000000010000110011
11111111110001100000011000010011
00000000100010010000010110110011
11111011010001100001101011100011
00001010110000010010000010000011
00001010100000010010010000000011
00001010010000010010010010000011
00001010000000010010100100000011
00001001110000010010100110000011
00001001100000010010101000000011
00001001010000010010101010000011
00001011000000010000000100010011
00000000000000001000000001100111
00000000000001111010100010000011
00001111111100000000100000010011
01110111000110000111101001100011
10000001000000010000000100010011
01111110100000010010010000100011
01111111001000010010000000100011
01111101001100010010111000100011
01111101010000010010110000100011
01111101010100010010101000100011
01111110000100010010011000100011
01111110100100010010001000100011
01111101011000010010100000100011
01111101011100010010011000100011
01111101100000010010010000100011
01111101100100010010001000100011
01111101101000010010000000100011
01111011101100010010111000100011
00000000000001010000100110010011
11010111000000010000000100010011
00000000000001100000010100010011
00000000000001111000100100010011
00000000111000010010000000100011
00000000000001101000010000010011
00000000000001100000101010010011
00000000000001011000101000010011
11101001100111111110000011101111
00000100000101010010010100010011
00000000000001010000011001100011
00010000000110100011011110010011
00000100000001111001010001100011
11111001000100000000010100010011
00101001000000010000000100010011
01111110110000010010000010000011
01111110100000010010010000000011
01111110010000010010010010000011
01111110000000010010100100000011
01111101110000010010100110000011
01111101100000010010101000000011
01111101010000010010101010000011
01111101000000010010101100000011
01111100110000010010101110000011
01111100100000010010110000000011
01111100010000010010110010000011
01111100000000010010110100000011
01111011110000010010110110000011
01111111000000010000000100010011
00000000000000001000000001100111
00000000000001000000010100010011
11100011110111111110000011101111
10000000000001010000010100010011
11111010000001010001100011100011
00000000000001000010100010000011
00000000000010001000101001100011
00000000100001000010011110000011
11111001111000000000010100010011
00000000000101111111011110010011
11111000000001111000111011100011
11111111111100000000111000010011
00100000000000000000001100110111
01001010000000010010000000100011
11111111111110100000010110010011
00000000000000000000011000010011
00000000000000000000011100010011
01001010000000010000111010010011
00000001010000000000111100010011
00000001110000110000001100110011
00000100011000000000111110010011
00000001110100000000001010010011
00000000000101110000010100010011
00000101110001011000001001100011
11111111110001011111100000010011
00000001000010011000100000110011
00000000000010000010100000000011
00000000001001110001011010010011
00000000001101011111011110010011
00000000001101111001011110010011
00000000110111101000001110110011
00000000111110000101100000110011
00000000000000111010101000000011
00001111111110000111100000010011
00000000110010000001011110110011
00000001010001111110011110110011
01010010110011110111011001100011
00000000011001111111011110110011
00000000111100111010000000100011
01001110111011111101101001100011
00000100011100000000011100010011
01001010000000010000011010010011
01010010101001110101001001100011
00000000000010101010011100000011
00000000000100000000011110010011
00000000100010101010101110000011
00000000000000000000110000010011
00000000111001111111010001100011
00000000110010101010110000000011
00000001100010111110011110110011
11111001000000000000010100010011
11101110000001111000110011100011
01111111111100010000011110010011
00010010000101111000011110010011
00000000000100000000010100010011
01111111111100010000101010010011
00100000000000000000101100110111
00000000000001111010000000100011
11111111111100000000011110010011
01000001000101010000010100110011
00000000000000000000010110010011
00000000000000000000001100010011
00000000000000000000100000010011
00010010000110101000101010010011
00000000111110110000100110110011
00000100100000000000111000010011
00000001110100000000111100010011
00000010000000000000111010010011
00000011101000000000111110010011
00000001101000000000001010010011
00000000001000110001011100010011
00000000111001000000011100110011
00000000100001110010011100000011
00000000111001111111011110110011
00000000001010000001011100010011
00000000111010101000011000110011
00000000000001100010100010000011
00000000101101111001011010110011
00000001000101101110011010110011
00000001001101101111011010110011
00000000110101100010000000100011
00000000000110000000011010010011
01001001110001101001110001100011
01111111111100010000011110010011
00010010000101111010101000000011
00010010000101111000011110010011
00000000001000000000110010010011
00000000001010100000010000010011
00000000000101000001010000010011
00000000100001000111010000010011
00000001010001000000010000110011
00000000000001000000010110010011
00000000000010100000010100010011
11000101110011111011000011101111
01000000101011001000010110110011
00000000000001000000010100010011
11000101000011111011000011101111
00000000000001010000010000010011
00000000000001010000010110010011
00000000000010100000010100010011
11000100000011111011000011101111
01000000101011001000010110110011
00000000000001000000010100010011
11000011010011111011000011101111
00000000000001010000010000010011
00000000000001010000010110010011
00000000000010100000010100010011
11000010010011111011000011101111
01000000101011001000010110110011
00000000000001000000010100010011
11000001100011111011000011101111
00000001001101010111010100110011
01000000101010110000011110110011
01001010000000010000101000010011
00100000000000000000010000110111
00000000111100010010001000100011
01011011100000010000110100010011
00000000000010100000011110010011
11111111111101000000010000010011
00100100100001111010000000100011
00000000010001111000011110010011
11111110111111010001110011100011
01101110000000010000010110010011
00000000000001000000011110110111
11111111111101111000011110010011
00000000000001011000010100010011
00000000000010101000011000010011
01111110111100010010110000100011
01111110000000010010111000100011
10111011110111111111000011101111
01101110000000010010011110000011
01001010000000010000010110010011
00000000000001011000010100010011
00000000000101111000011110010011
01101110000000010000011000010011
01101110111100010010000000100011
11111000010111111110000011101111
00000000000000000001011000110111
10000000000001100000011000010011
00000000000010101000010110010011
00110111110000010000010100010011
11001101000011111111000011101111
00000001010000010000010100010011
01001010000000010000010110010011
10110001000111111111000011101111
00100100100000010010011110000011
00100100110000010010011100000011
01001001010000010010110010000011
01000001110101111101010100010011
00000000111001010000010100110011
00000000100001111111011110110011
00100000000000000000100000110111
00100100101000010010011000100011
00100100111100010010010000100011
00000001010000010000101100010011
11101111010000010000011010010011
00000001010000010000010000010011
11111111111110000000010010010011
00100011010001000010010110000011
00000000000011001000011000010011
00000000110100010010011000100011
11100110110011111111000011101111
00000000000001010000011000010011
00110111110000010000010110010011
00100101100000010000010100010011
11000111000011111111000011101111
00010001110001000000010110010011
00000000000001011000010100010011
00100101100000010000011000010011
10110001110111111111000011101111
00010001110001000000010100010011
11100001000011111111000011101111
00100011010001000010010110000011
00100011100001000010011000000011
01000001110101011101011110010011
00000000110001111000011110110011
00000000100101011111010110110011
00100010111101000010110000100011
00100010101101000010101000100011
00000000000011001000011000010011
01000000101100000000010110110011
01000000111100000000010100110011
00000000111100010010010000100011
11100001010011111111000011101111
00000000100000010010011110000011
00110111110000010000010110010011
01000000111101010000011000110011
00100101100000010000010100010011
11000001010011111111000011101111
00010001110001000000010110010011
00100101100000010000011000010011
00000000000001011000010100010011
10101111000111111111000011101111
00100011010001000010010100000011
00100011100001000010011110000011
00000000110000010010011010000011
01000001110101010101011000010011
00000000110001111000011110110011
00000000100101010111010100110011
00100010111101000010110000100011
00100010101001000010101000100011
11111111110001000000010000010011
11110100100001101001100011100011
00010010100000010010011010000011
00010010110000010010011000000011
00110111110000010000010110010011
01000001110101101101011110010011
00000000110001111000011110110011
01000000111111001000011000110011
00000000100101101111011010110011
00000001111101100101011000010011
00100101100000010000010100010011
00010010111100010010011000100011
00010010110100010010010000100011
10111010110011111111000011101111
00100101100000010000011000010011
00000001010000010000010110010011
00000001010000010000010100010011
10100101100111111111000011101111
00100100000000000000011000010011
00000001010000010000010110010011
01001010000000010000010100010011
01100101100000000000000011101111
00100000000000000000011000110111
01001010000000010000011110010011
11111111111101100000011000010011
00000000000001111010011010000011
00000000010001111010010110000011
00000000010001111000011110010011
01000001110101101101010100010011
00000000101001011000010110110011
00000000110001101111011010110011
00000000101101111010000000100011
11111110110101111010111000100011
11111110111111010001000011100011
01011011100000010010010110000011
01001010000000010000011110010011
01011100000000010000100110010011
01000001111101011101010110010011
00110110100010110010011000000011
00000000000001111010011010000011
00000000010001111000011110010011
00000000110001011111011000110011
00000000110001101000011010110011
11111110110101111010111000100011
00000000010010110000101100010011
11111110111110011001001011100011
01001010000000010000010100010011
11001101110011111111000011101111
01001010000000010000010110010011
00000000000001011000010100010011
10010001010111111111000011101111
00000011111100000000010000010011
01011010000000010010111000100011
11111111111100000000110010010011
00000000000001000000011000010011
00000000000010111000010100010011
00000000000011000000010110010011
01110000100000000000000011101111
00000000101101010110010100110011
00000000000001010001011001100011
11111111111101000000010000010011
11111111100101000001001011100011
00100100000000000000011000010011
01001010000000010000010110010011
01101110000000010000010100010011
01011010100000000000000011101111
11111111111101000000010000010011
00100010000001000101001001100011
00000000010000010010011000000011
00000000000010101000010110010011
01101110000000010000010100010011
11101001000011111111000011101111
00111000000000010000010110010011
01001010000000010000011100010011
00000000000000000000011110010011
01011001110001110010011000000011
00110101110001110010011010000011
11111111110001110000011100010011
01000000110001101000011010110011
01000000111100000000011000110011
01000001110001100101011000010011
11111111111101100100011000010011
00000000110001101111011010110011
00000000110101111110011110110011
11111100111001011001111011100011
01000001111101111101011110010011
11111111111101111100011110010011
01001010000000010000011100010011
01001000000001110010011000000011
00100100000001110010011010000011
00000000010001110000011100010011
00000000110001111111011000110011
01000000110001101000011010110011
00100010110101110010111000100011
11111110111010011001010011100011
00100000000000000000011100110111
01011011110000010000010110010011
01001010000000010000011010010011
11111111111101110000011100010011
00100100000001101010011110000011
00100100010001101010011000000011
00000000010001101000011010010011
01000001110101111101010100010011
00000000101001100000011000110011
00000000111001111111011110110011
00100100110001101010000000100011
00100010111101101010111000100011
11111110110101011001000011100011
00000000000000010010010100000011
00000000000000000000011000010011
00001111111100000000010110010011
11000101110111111110000011101111
00000000000000000000110000010011
00000000000000000000110010010011
00001111111100000000010000010011
11111111111100000000110100010011
00000000100000000000101010010011
00000001110000000000101100010011
00000010010100000000101110010011
00000000000000010010011110000011
11111111110001000111011100010011
11111111111101000000010110010011
00000000111001111000011100110011
00000000000001110010011010000011
00100100000010100010011110000011
00000000001101000111010000010011
00000000001101000001010000010011
00000001100001111001011110110011
00001111111101111111011110010011
00000000100001111001011110110011
00000000110101111110011110110011
00000000111101110010000000100011
00000101101001011000011001100011
01000001100010101000100110110011
00010111001110110101000001100011
00000000000001011000010000010011
01000001001110111000110000110011
00000001101001000000101001100011
00000000000000010010010100000011
00000000000000000000011000010011
00000000000001000000010110010011
10111110010111111110000011101111
11111101101110011000100110010011
00000000000111001000110010010011
00000001001100000011100110110011
11111011100111001000011110010011
00000001001101000000010000110011
00000000010010100000101000010011
00000000000001111000011001100011
00000000000101000000011110010011
11111000000001111001001011100011
00010000000000000000011110010011
00000000111110010010000000100011
00000000000000000000010100010011
10100011100111111111000001101111
01111111111101101000011110010011
00100011000101111000011110010011
00000001000000010000011100010011
00000000111001111000011010110011
01000000110000101000011110110011
01000000111110000101100000110011
10100111000001101010001000100011
11111110101101100000011000010011
11111111111101011000010110010011
00000000000001010000011100010011
10101010000111111111000001101111
00000000111100111010000000100011
00000000100001100000011000010011
00000000000001110000010100010011
11111110100111111111000001101111
00000000001001010001011110010011
00000000111101101000011110110011
00000000000001111010000000100011
00000000000101010000010100010011
10101100110111111111000001101111
01000000101111110000011000110011
00000000010001110000100010010011
11111110011001011000101000010011
00000000110001111101001110110011
00000001000110101000100010110011
00000011010011101111000001100011
00000000011110001010000000100011
01000001111101010101011110010011
01000000110011101000010110110011
01000000111100110000001100110011
00000000000101010000010100010011
00000000000001101000100000010011
10110000100111111111000001101111
00000001001100111111001110110011
00000000011110001010000000100011
00000000001010000000011010010011
01000000101111111000011000110011
00000011110001101000010001100011
00000000100001110000011100010011
00000000111010101000011100110011
00000000010101011000100001100011
00000000110001111101011110110011
00000000111101110010000000100011
11111100000111111111000001101111
00000000000001110010000000100011
00000010000000000000011000010011
11111011010111111111000001101111
00000100011100000000011010010011
11111010110111111111000001101111
00000000010000010010011010000011
01101110000000010000010110010011
00000000000001011000010100010011
00000000000010101000011000010011
11100011010011111111000011101111
00000000000001000000011000010011
00000000000010111000010100010011
00000000000011000000010110010011
01001001110000000000000011101111
00000000000101010111010100010011
11011010000001010000100011100011
00000000010000010010011100000011
01101110000000010000010110010011
00000000000010101000011010010011
01001010000000010000011000010011
00000000000001011000010100010011
11100011110011111111000011101111
11011001010111111111000001101111
00100100000010100010011000000011
00000000000000010010010100000011
11111111111101011000010000010011
01000001001101100101011000110011
00001111111101100111011000010011
10101000110111111110000011101111
00000000100010011000100110010011
11101001101001000000011011100011
00000000000001000000010110010011
11100111110111111111000001101111
11111000111100000000010100010011
00000000000000001000000001100111
11111111110001010111011110010011
00000000000001111010011110000011
00000000001101010111010100010011
00000000001101010001010100010011
00000000101001111101010100110011
00001111111101010111010100010011
00000000000000001000000001100111
00000000001101010111011100010011
00000000001101110001011100010011
11111111110001010111010100010011
00000000000001010010011010000011
00001111111100000000011110010011
00000000111001111001011110110011
11111111111101111100011110010011
00000000110101111111011110110011
00000000111001011001010110110011
00000000111101011110010110110011
00000000101101010010000000100011
00000000000000001000000001100111
00000000111111110000011100110111
00000000100001010101011110010011
00001111111101110000011100010011
00000000111001111111011110110011
11111111000000010000011100110111
11110000000001110000011100010011
00000000100001010001010100010011
00000000111001010111010100110011
00000000101001111110011110110011
00000001000001111101010100010011
00000001000001111001011110010011
00000000101001111000010100110011
00000000000000001000000001100111
11111110000000010000000100010011
00000000100000010010110000100011
00000000100100010010101000100011
00000001001000010010100000100011
00000000000100010010111000100011
00000000000001010000100100010011
11111111110001100111010010010011
00000000000000000000010000010011
00000000100101000001111001100011
00000001110000010010000010000011
00000001100000010010010000000011
00000001010000010010010010000011
00000001000000010010100100000011
00000010000000010000000100010011
00000000000000001000000001100111
00000000100001011000011110110011
00000000000001111010010100000011
00000000101100010010011000100011
11111000010111111111000011101111
00000000100010010000011110110011
00000000110000010010010110000011
00000000101001111010000000100011
00000000010001000000010000010011
11111100010111111111000001101111
00000000000001011010011110000011
00000000001001100001011000010011
00000000110001111000011110110011
00000000000001011010011100000011
00000000111101110110010001100011
00000000000000001000000001100111
00000000010001110000011010010011
00000000110101011010000000100011
00000000000001110010011000000011
00000000000001010010011100000011
00000000010001110000011010010011
00000000110101010010000000100011
00000000000001110010011010000011
00000000110001101100011010110011
00000000110101110010000000100011
11111101000111111111000001101111
11111101000000010000000100010011
00000000101101010110011110110011
00000010100000010010010000100011
00000010100100010010001000100011
00000011001000010010000000100011
00000010000100010010011000100011
00000001001100010010111000100011
00000001010000010010110000100011
00000001010100010010101000100011
00000001011000010010100000100011
00000000001101111111011110010011
00000000000001010000010010010011
00000000000001011000100100010011
00000000000001100000010000010011
00000010000001111001011001100011
00000000101000010010010000100011
00000000101100010010011000100011
00000000001001000101011000010011
00000000110000010000010110010011
00000000100000010000010100010011
11110111000111111111000011101111
00000000001101000111010000010011
00000000100000010010010010000011
00000000110000010010100100000011
00000001000000000000000001101111
00000000101101010100011110110011
00000000001101111111011110010011
00000110000001111000111001100011
00000000000000000000100110010011
00000110100010011001111001100011
00000010110000010010000010000011
00000010100000010010010000000011
00000010010000010010010010000011
00000010000000010010100100000011
00000001110000010010100110000011
00000001100000010010101000000011
00000001010000010010101010000011
00000001000000010010101100000011
00000011000000010000000100010011
00000000000000001000000001100111
00000000000001001000010100010011
11100011110111111111000011101111
00000000000001010000100110010011
00000000000010100000010100010011
11100011000111111111000011101111
00000000101010011100010110110011
00001111111101011111010110010011
00000000000001001000010100010011
11100011110111111111000011101111
00000000000101001000010010010011
11111111111101000000010000010011
00000000001101001111011110010011
01000000100010010000101000110011
00000000000001111000010001100011
11111100000001000001010011100011
00000000100100010010010000100011
00000001010000010010011000100011
11110110000111111111000001101111
00000000110001011000100100110011
11111110000111111111000001101111
00000001001101001000010100110011
11011110110111111111000011101111
00000000000001010000101100010011
00000001001110010000010100110011
11011110000111111111000011101111
00000000101010110100010110110011
00001111111101011111010110010011
00000001001101001000010100110011
11011110110111111111000011101111
00000000000110011000100110010011
11110101110111111111000001101111
11111110000000010000000100010011
00000000100000010010110000100011
00000000000100010010111000100011
00000000100100010010101000100011
00000000000001011000010000010011
00000011001100000000000000001111
00000000001101010111011100010011
00000000000001010000011110010011
00000010000001110001110001100011
00000000100001010000010010110011
00000000001100000000011100010011
01000000101001001000011010110011
00000100110101110110010001100011
11111111110001000111010000010011
00000000111101000000010000110011
00000100100101000001010001100011
00000011001100000000000000001111
00000001110000010010000010000011
00000001100000010010010000000011
00000001010000010010010010000011
00000010000000010000000100010011
00000000000000001000000001100111
11111110000001000000011011100011
00000000000000000000010110010011
00000000101000010010011000100011
11010111110111111111000011101111
00000000110000010010010100000011
11111111111101000000010000010011
00000000000101010000010100010011
11111010010111111111000001101111
00000000010001010000010100010011
11111110000001010010111000100011
11111010110111111111000001101111
00000000000001000000010100010011
00000000000000000000010110010011
11010101010111111111000011101111
00000000000101000000010000010011
11111010100111111111000001101111
00000000001101010111011100010011
00000000001101110001011100010011
11111111110001010111010100010011
00000000000001010010011010000011
00001111111100000000011110010011
00000000111001111001011110110011
11111111111101111100011110010011
00000000110101111111011110110011
00000000111001011001010110110011
00000000111101011110010110110011
00000000101101010010000000100011
00000000000000001000000001100111
11111110000000010000000100010011
00000000101101010110011110110011
00000000100000010010110000100011
00000000100100010010101000100011
00000001001000010010100000100011
00000000000100010010111000100011
00000000001101111111011110010011
00000000000001010000010010010011
00000000000001011000100100010011
00000000000000000000010000010011
00000000000001111001011001100011
11111111110001100111010000010011
00000010100001111001001001100011
00000010110001000110110001100011
00000001110000010010000010000011
00000001100000010010010000000011
00000001000000010010100100000011
00000000000001001000010100010011
00000001010000010010010010000011
00000010000000010000000100010011
00000000000000001000000001100111
00000000111110010000011100110011
00000000000001110010011010000011
00000000111101001000011100110011
00000000010001111000011110010011
00000000110101110010000000100011
11111100100111111111000001101111
00000000100010010000011110110011
00000000110000010010011000100011
11111111110001111111010110010011
00000000000001011010010110000011
00000000001101111111011110010011
00000000001101111001011110010011
00000000111101011101010110110011
00000000100001001000010100110011
00001111111101011111010110010011
11110100000111111111000011101111
00000000110000010010011000000011
00000000000101000000010000010011
11111001100111111111000001101111
11111110000000010000000100010011
00000000100000010010110000100011
00000000100100010010101000100011
00000001001000010010100000100011
00000000000100010010111000100011
00000000001101010111011010010011
00000000000001010000010010010011
00001111111101011111100100010011
00000000000000000000010000010011
00000010000001101001011001100011
00001111111101011111011100010011
00000000100001110001011110010011
00000000111001111000011110110011
00000001000001110001011100010011
00000000111001111110011110110011
00000001100001011001011100010011
00000000111001111110011110110011
00000000001001100101011100010011
00000000001001101001010000010011
00000010111001101001001001100011
00000010110001000110100001100011
00000001110000010010000010000011
00000001100000010010010000000011
00000001000000010010100100000011
00000000000001001000010100010011
00000001010000010010010010000011
00000010000000010000000100010011
00000000000000001000000001100111
00000000100001001000010000110011
00000000111101000010000000100011
00000000000101101000011010010011
11111100110111111111000001101111
00000000100001001000010100110011
00000000000010010000010110010011
00000000110000010010011000100011
11101010010111111111000011101111
00000000110000010010011000000011
00000000000101000000010000010011
11111011100111111111000001101111
00000000000000001000000001100111
00000010000001100000101001100011
00000001111100000000011110010011
00000000110001111101101001100011
11111110000001100000011000010011
00000000110001011101010100110011
00000000000000000000010110010011
00000000000000001000000001100111
00000010000000000000011110010011
01000000110001111000011110110011
00000000111101011001011110110011
00000000110001010101010100110011
00000000101001111110010100110011
00000000110001011101010110110011
00000000000000001000000001100111
