memory_initialization_radix=16;
memory_initialization_vector=
A2A2A2A2,
A2A2A2A2,
A6A5A4A3,
A1A09F9E,
9EA0A2A0,
9C9A9C9F,
9C9B9998,
98999B9C,
9B9C9FA1,
A2A3A3A2,
A5A6A9AB,
ACADADAC,
ACACACAB,
A8A5A2A1,
8F9A9C8F,
817B746D,
615F5C5B,
5B5C5F61,
69696A6A,
6A6B6B6B,
6E6D6B6A,
6A6B6D6E,
6A6A6B6C,
6C6D6E6E,
6F6F6E6D,
6C6A6A69,
6E6F7071,
73747576,
74767879,
7A7A7978,
7D808180,
7D7E8286,
84848382,
82818080,
8B8A8987,
85838281,
84817F80,
84858380,
82828384,
84858686,
84848586,
86878888,
86868686,
86868686,
86868584,
84838282,
86868686,
86868686,
88888888,
88888888,
8A8A8988,
88878686,
8B858489,
89828187,
82828282,
82828282,
82838586,
86858382,
88878584,
84858788,
8B898785,
8587898B,
80848785,
8080858B,
8B8A8885,
83807E7D,
84848484,
84848484,
82828384,
84858686,
7E7E7F80,
80818282,
7E7F8182,
82817F7E,
80808080,
80808080,
7C7C7B7A,
7A797878,
756F6F74,
7168656A,
666B7276,
797E8489,
8C92979A,
9A9A9DA0,
9E9FA0A0,
9F9E9C9A,
93949597,
999B9C9D,
9A9B9D9E,
9E9D9B9A,
9E9E9D9C,
9C9B9A9A,
98989898,
98989898,
98999B9C,
9C9B9998,
9A9B9D9E,
9E9D9B9A,
9C9D9E9E,
9D9C9A98,
A0A0A4AF,
BDCAD2D4,
D1D2D5D7,
D8D9D9D8,
D7D8D2C7,
BEB19880,
68676665,
656A7177,
76767778,
78797A7A,
7C787575,
787A7977,
7A7B7C7C,
7B7A7876,
7C7B7978,
78797B7C,
7C7C7C7C,
7C7C7C7C,
807D7B7B,
7C7B7671,
7E7C7A7C,
8082807E,
7E7F8080,
7F7E7C7A,
74757576,
77777878,
849CABAA,
ADB3A083,
A2A2A2A2,
A2A2A2A2,
A6A5A4A3,
A1A09F9E,
9DA0A2A0,
9C9A9C9E,
9C9B9998,
98999B9C,
9B9C9EA0,
A2A2A3A3,
A5A6A9AB,
ACADADAC,
ACACACAB,
A8A5A2A1,
909A9A8D,
817B746D,
62605D5C,
5C5D6062,
68696969,
6A6B6B6B,
6D6C6B6A,
6A6B6C6D,
6A6A6B6B,
6C6D6D6E,
6E6E6D6C,
6B6A6A69,
6E6F7071,
73747576,
7576787A,
7A7A7979,
7D7F817F,
7D7D8186,
84848382,
82818080,
8A898887,
85838281,
84817F80,
84858380,
82828384,
84858686,
84848586,
86878888,
86868686,
86868686,
86868584,
84838282,
86868686,
86868686,
88888888,
88888888,
8A898988,
87878686,
8B858489,
89828187,
82828282,
82828282,
82838586,
86858382,
87868584,
84858687,
8A898785,
8587898A,
80848684,
8181868B,
8A898885,
83807F7E,
84848484,
84848484,
82828383,
84858586,
7E7E7F80,
80818282,
7E7F8182,
82817F7E,
80808080,
80808080,
7C7C7B7A,
7A797878,
756F6F74,
7168656A,
676C7377,
7A7F858A,
8C919799,
999A9DA0,
9E9FA0A0,
9F9E9C9A,
94949697,
999A9C9C,
9A9B9C9D,
9D9C9B9A,
9E9E9D9C,
9C9B9A9A,
98989898,
98989898,
98999B9C,
9C9B9998,
9A9B9D9E,
9E9D9B9A,
9C9D9E9E,
9D9C9A98,
9C9DA3AE,
BDC9CFD0,
D1D2D5D7,
D8D9D9D8,
DBDBD5C9,
BFB1987F,
69686766,
66686D71,
76767777,
7879797A,
7C787575,
787A7977,
7A7B7C7C,
7B7A7876,
7C7B7978,
78797B7C,
7C7C7C7C,
7C7C7C7C,
7F7C7A7B,
7C7B7672,
7E7C7A7C,
8082807E,
7E7F8080,
7F7E7C7A,
73747475,
76767777,
8DA1ACA8,
A9AC9A7E,
A1A1A1A1,
A1A1A1A1,
A5A4A3A2,
A09F9E9D,
9D9FA19F,
9B999B9E,
9C9B9998,
98999B9C,
9B9C9D9F,
A0A1A2A3,
A5A6A9AB,
ACADADAC,
ACACACAB,
A8A5A2A1,
9299988B,
807B746C,
63615F5D,
5D5F6163,
67676869,
6A6A6B6B,
6D6C6B6A,
6A6B6C6D,
696A6A6B,
6C6C6D6D,
6D6D6C6C,
6B6A6A6A,
6E6F7071,
73747576,
7577787A,
7B7B7A79,
7D7F807F,
7C7D8185,
84848382,
82818080,
89888786,
84838282,
84817F80,
84858380,
82828384,
84858686,
84848586,
86878888,
86868686,
86868686,
86868584,
84838282,
85858585,
85858585,
87878787,
87878787,
89898888,
87868685,
8B858489,
89828187,
82828282,
82828282,
82838586,
86858382,
87868584,
84858687,
89888685,
85868889,
82848583,
8182868A,
89898785,
83817F7F,
83838383,
83838383,
81828283,
84848585,
7E7E7F80,
80818282,
7E7F8182,
82817F7E,
80808080,
80808080,
7C7C7B7A,
7A797878,
756F6F74,
7168656A,
696E7479,
7C80878C,
8C919699,
99999CA0,
9E9FA0A0,
9F9E9C9A,
94959697,
999A9B9C,
9A9B9C9D,
9D9C9B9A,
9E9E9D9C,
9C9B9A9A,
98989898,
98989898,
98999B9C,
9C9B9998,
9A9B9D9E,
9E9D9B9A,
9C9D9E9E,
9D9C9A98,
989BA2AE,
BDC8CCCD,
D1D2D5D7,
D8D9D9D8,
DEDED7CA,
BFB0967D,
69686766,
6668696A,
75767677,
78787979,
7C787575,
787A7977,
7A7B7C7C,
7B7A7876,
7C7B7978,
78797B7C,
7C7C7C7C,
7C7C7C7C,
7E7C7A7B,
7C7B7772,
7E7C7A7C,
8082807E,
7E7F8080,
7F7E7C7A,
73737474,
75767677,
90A1ABA9,
AAAB9A81,
A0A0A0A0,
A0A0A0A0,
A4A4A3A1,
A09E9D9D,
9C9FA09E,
9A999A9D,
9C9B9998,
98999B9C,
9C9C9C9D,
9EA0A2A3,
A5A6A9AB,
ACADADAC,
ACACACAB,
A8A5A2A1,
93989588,
7F7C756B,
64625F5D,
5D5F6264,
65666768,
696A6B6C,
6C6B6A69,
696A6B6C,
6869696A,
6B6B6C6C,
6B6B6B6B,
6A6A6A6A,
6E6F7071,
73747576,
7677797B,
7C7B7B7A,
7C7E7F7E,
7C7C8084,
84848382,
82818080,
87878685,
84838282,
84817F80,
84858380,
82828384,
84858686,
84848586,
86878888,
86868686,
86868686,
86868584,
84838282,
84848484,
84848484,
86868686,
86868686,
88888787,
86858584,
8B858489,
89828187,
82828282,
82828282,
82838586,
86858382,
86858483,
83848586,
87878686,
86868787,
83838383,
82838688,
88888685,
83828080,
82828282,
82828282,
80818182,
83838484,
7E7E7F80,
80818282,
7E7F8182,
82817F7E,
80808080,
80808080,
7C7C7B7A,
7A797878,
756F6F74,
7168656A,
696E7579,
7C81878C,
8B909698,
98999C9F,
9E9FA0A0,
9F9E9C9A,
96969798,
98999A9A,
999A9B9C,
9C9B9A99,
9E9E9D9C,
9C9B9A9A,
98989898,
98989898,
98999B9C,
9C9B9998,
9A9B9D9E,
9E9D9B9A,
9C9D9E9E,
9D9C9A98,
979AA2AF,
BEC8CCCC,
D1D2D5D7,
D8D9D9D8,
DDDED6C9,
BEB0957C,
68666465,
686A6A68,
74757576,
77777878,
7C787575,
787A7977,
7A7B7C7C,
7B7A7876,
7C7B7978,
78797B7C,
7C7C7C7C,
7C7C7C7C,
7D7B797B,
7D7C7874,
7E7C7A7C,
8082807E,
7E7F8080,
7F7E7C7A,
73737474,
75767677,
8C9CA9AD,
B0AE9C86,
A0A0A0A0,
A0A0A0A0,
A3A3A2A0,
9F9D9C9C,
9B9E9F9E,
9A98999C,
9C9B9998,
98999B9C,
9C9B9B9B,
9C9FA2A4,
A5A6A9AB,
ACADADAC,
ACACACAB,
A8A5A2A1,
95989285,
7E7C756A,
63615F5D,
5D5F6163,
63646567,
686A6B6C,
6B6A6968,
68696A6B,
68686969,
6A6B6B6C,
69696969,
6A6A6A6A,
6E6F7071,
73747576,
77787A7C,
7C7C7B7B,
7B7D7F7D,
7B7B7F83,
84848382,
82818080,
85858484,
83838282,
84817F80,
84858380,
82828384,
84858686,
84848586,
86878888,
86868686,
86868686,
86868584,
84838282,
84848484,
84848484,
86868686,
86868686,
88878786,
85858484,
8B858489,
89828187,
82828282,
82828282,
82838586,
86858382,
85848382,
82838485,
85858686,
86868585,
84838181,
83858687,
87878685,
83828181,
82828282,
82828282,
80808181,
82838384,
7E7E7F80,
80818282,
7E7F8182,
82817F7E,
80808080,
80808080,
7C7C7B7A,
7A797878,
756F6F74,
7168656A,
686D7478,
7B80868B,
8A8F9597,
97989B9E,
9E9FA0A0,
9F9E9C9A,
97979798,
98999999,
98999A9B,
9B9A9998,
9E9E9D9C,
9C9B9A9A,
98989898,
98989898,
98999B9C,
9C9B9998,
9A9B9D9E,
9E9D9B9A,
9C9D9E9E,
9D9C9A98,
999BA2AE,
BDC8CDCE,
D1D2D5D7,
D8D9D9D8,
DADBD5C9,
BFB29980,
69656163,
696D6D6B,
74747575,
76777778,
7C787575,
787A7977,
7A7B7C7C,
7B7A7876,
7C7B7978,
78797B7C,
7C7C7C7C,
7C7C7C7C,
7C7A797A,
7D7D7975,
7E7C7A7C,
8082807E,
7E7F8080,
7F7E7C7A,
75757576,
77787878,
8C98A5AC,
ACA38D79,
9F9F9F9F,
9F9F9F9F,
A3A2A1A0,
9E9D9C9B,
9A9D9F9D,
9997999B,
9C9B9998,
98999B9C,
9C9B9999,
9A9EA1A4,
A5A6A9AB,
ACADADAC,
ACACACAB,
A8A5A2A1,
97978F82,
7D7C7569,
615F5C5B,
5B5C5F61,
61626466,
686A6B6C,
6A696867,
6768696A,
67676868,
696A6A6B,
67676868,
696A6A6A,
6E6F7071,
73747576,
78797B7C,
7D7D7C7B,
7A7C7E7C,
7A7A7F83,
84848382,
82818080,
83838383,
83838383,
84817F80,
84858380,
82828384,
84858686,
84848586,
86878888,
86868686,
86868686,
86868584,
84838282,
83838383,
83838383,
85858585,
85858585,
87868685,
84848383,
8B858489,
89828187,
82828282,
82828282,
82838586,
86858382,
84838281,
81828384,
83848687,
87868483,
86838081,
84878785,
86868584,
84838282,
81818181,
81818181,
7F7F8080,
81828283,
7E7E7F80,
80818282,
7E7F8182,
82817F7E,
80808080,
80808080,
7C7C7B7A,
7A797878,
756F6F74,
7168656A,
666B7276,
797E8489,
898E9496,
96979A9D,
9E9FA0A0,
9F9E9C9A,
98989898,
98989898,
9798999A,
9A999897,
9E9E9D9C,
9C9B9A9A,
98989898,
98989898,
98999B9C,
9C9B9998,
9A9B9D9E,
9E9D9B9A,
9C9D9E9E,
9D9C9A98,
9A9A9EA9,
B7C4CBCE,
D1D2D5D7,
D8D9D9D8,
D8DAD6CC,
C5BBA38C,
726A6262,
686F6F6D,
73737474,
75767677,
7C787575,
787A7977,
7A7B7C7C,
7B7A7876,
7C7B7978,
78797B7C,
7C7C7C7C,
7C7C7C7C,
7B79787A,
7D7D7A76,
7E7C7A7C,
8082807E,
7E7F8080,
7F7E7C7A,
77787879,
7A7A7B7B,
8E919595,
8E7E6858,
9E9E9E9E,
9E9E9E9E,
A2A1A09F,
9D9C9B9A,
9A9C9E9C,
9896989B,
9C9B9998,
98999B9C,
9D9B9897,
999DA1A4,
A5A6A9AB,
ACADADAC,
ACACACAB,
A8A5A2A1,
99978D80,
7C7D7568,
5F5D5A58,
585A5D5F,
60616365,
676A6C6C,
6A696867,
6768696A,
66676768,
69696A6A,
66666768,
696A6A6B,
6E6F7071,
73747576,
78797B7D,
7E7E7D7C,
7A7C7D7C,
797A7E82,
84848382,
82818080,
82828282,
82838383,
84817F80,
84858380,
82828384,
84858686,
84848586,
86878888,
86868686,
86868686,
86868584,
84838282,
82828282,
82828282,
84848484,
84848484,
86868585,
84838382,
8B858489,
89828187,
82828282,
82828282,
82838586,
86858382,
84838281,
81828384,
82838587,
87858382,
87827E80,
85888784,
85858584,
84838383,
80808080,
80808080,
7E7F7F80,
81818282,
7E7E7F80,
80818282,
7E7F8182,
82817F7E,
80808080,
80808080,
7C7C7B7A,
7A797878,
756F6F74,
7168656A,
64696F74,
777B8287,
898E9396,
9696999D,
9E9FA0A0,
9F9E9C9A,
99989898,
98989897,
9798999A,
9A999897,
9E9E9D9C,
9C9B9A9A,
98989898,
98989898,
98999B9C,
9C9B9998,
9A9B9D9E,
9E9D9B9A,
9C9D9E9E,
9D9C9A98,
9896979F,
AEBDC7CC,
D1D2D5D7,
D8D9D9D8,
D9DCDAD3,
CFC7B19B,
81746561,
666D6D6B,
72737374,
75757676,
7C787575,
787A7977,
7A7B7C7C,
7B7A7876,
7C7B7978,
78797B7C,
7C7C7C7C,
7C7C7C7C,
7A78787A,
7D7E7A77,
7E7C7A7C,
8082807E,
7E7F8080,
7F7E7C7A,
7B7B7B7C,
7D7E7E7E,
837C726A,
6051433A,
9E9E9E9E,
9E9E9E9E,
A2A1A09F,
9D9C9B9A,
999C9E9C,
9896989A,
9C9B9998,
98999B9C,
9D9B9896,
989CA1A5,
A5A6A9AB,
ACADADAC,
ACACACAB,
A8A5A2A1,
99968C7F,
7C7D7568,
5D5B5856,
56585B5D,
5F606265,
676A6C6D,
6A696766,
6667696A,
66666768,
68696A6A,
65656667,
686A6A6B,
6E6F7071,
73747576,
797A7C7D,
7E7E7D7C,
797C7D7B,
797A7E82,
84848382,
82818080,
81818182,
82828383,
84817F80,
84858380,
82828384,
84858686,
84848586,
86878888,
86868686,
86868686,
86868584,
84838282,
82828282,
82828282,
84848484,
84848484,
86868584,
84838282,
8B858489,
89828187,
82828282,
82828282,
82838586,
86858382,
84838180,
80818384,
81838587,
87858381,
88827E7F,
85898784,
85858584,
84838383,
80808080,
80808080,
7E7E7F80,
80818282,
7E7E7F80,
80818282,
7E7F8182,
82817F7E,
80808080,
80808080,
7C7C7B7A,
7A797878,
756F6F74,
7168656A,
62676E72,
75798085,
888D9396,
9596999C,
9E9FA0A0,
9F9E9C9A,
99999998,
98979797,
9697999A,
9A999796,
9E9E9D9C,
9C9B9A9A,
98989898,
98989898,
98999B9C,
9C9B9998,
9A9B9D9E,
9E9D9B9A,
9C9D9E9E,
9D9C9A98,
95929198,
A6B7C4CA,
D1D2D5D7,
D8D9D9D8,
DBDFDDD9,
D6D0BCA6,
8C7C6961,
656A6A67,
72727374,
74757676,
7C787575,
787A7977,
7A7B7C7C,
7B7A7876,
7C7B7978,
78797B7C,
7C7C7C7C,
7C7C7C7C,
7A78777A,
7D7E7B77,
7E7C7A7C,
8082807E,
7E7F8080,
7F7E7C7A,
7D7D7D7E,
7F808080,
74655347,
3D332E2E,
9A9B9D9E,
9E9D9B9A,
A3A19F9D,
9C9C9C9D,
9C9C9C9C,
9C9C9C9C,
9898999A,
9A9B9C9C,
9597999C,
A0A3A5A6,
ACACACAC,
ACACACAC,
ACA9A6A6,
A6A39E98,
98918982,
7F7B7571,
645E5958,
5A5C5C5B,
60616263,
65666768,
68686868,
68686868,
6A6A6968,
68676666,
6A696868,
696A6C6E,
6E6F7071,
73747576,
7878797A,
7A7B7C7C,
7C7C7D7E,
7E7F8080,
7E7E7F80,
80818282,
82828282,
82828282,
82828282,
82828282,
80808182,
82838484,
83838382,
82828181,
84858788,
88878584,
84848484,
84848484,
84848484,
84848484,
8A888481,
80818384,
84848484,
84848484,
84848484,
84848484,
80808080,
80808080,
82828282,
82828282,
80808182,
82838484,
82828282,
82828282,
82828282,
82828282,
82828282,
82828282,
84848382,
82818080,
80808080,
80808080,
7E7E7E7E,
7E7E7E7E,
81828280,
7D7B7B7B,
7E7E7E7E,
7E7E7E7E,
7C7C7B7A,
7A797878,
70706F6E,
6E6D6C6C,
6A69696B,
6F747A7D,
86888C90,
93969797,
989BA0A3,
A3A19D9A,
98989898,
98989898,
989A9C9D,
9E9E9D9C,
9E9E9D9C,
9C9B9A9A,
9E9E9D9C,
9C9B9A9A,
9A9A9A9A,
9A9A9A9A,
9C9C9B9A,
9A999898,
9A9A9A9A,
9A9A9A9A,
99999797,
9CA9BAC6,
C7CCD2D4,
D3D4D6D9,
DBD9D8D8,
D5CCC0B7,
99866F67,
6A6E6A63,
70717273,
75767778,
7C7B7978,
78797B7C,
7A7A7A7A,
7A7A7A7A,
7A7A7A7A,
7A7A7A7A,
7A7A7A7A,
7A7A7A7A,
7C7C7C7C,
7C7C7C7C,
7C7C7D7E,
7E7F8080,
767C8282,
7E7B7E82,
827E7C7E,
81807972,
5D514034,
2E2D2D2C,
9A9B9D9E,
9E9D9B9A,
A2A19F9D,
9C9C9D9D,
9C9C9C9C,
9C9C9C9C,
9898999A,
9A9B9C9C,
96989A9D,
A0A3A5A7,
ACACACAC,
ACACACAC,
ACA9A6A5,
A5A39D98,
948F8883,
7F7A736D,
645E5958,
5A5C5C5B,
60616263,
65666768,
68686868,
68686868,
6A6A6968,
68676666,
69696868,
686A6C6D,
6E6F7071,
73747576,
7878797A,
7A7B7C7C,
7C7C7D7E,
7E7F8080,
7E7E7F80,
80818282,
82828282,
82828282,
82828282,
82828282,
80808182,
82838484,
83838383,
84848484,
84858788,
88878584,
84848484,
84848484,
84848484,
84848484,
89878482,
81828384,
84848484,
84848484,
84848484,
84848484,
80808080,
80808080,
82828282,
82828282,
80808182,
82838484,
82828282,
82828282,
82828282,
82828282,
82828282,
82828282,
84848382,
82818080,
80808080,
80808080,
7E7E7E7E,
7E7E7E7E,
7D828582,
7C7A7D82,
7E7E7E7E,
7E7E7E7E,
7C7C7B7A,
7A797878,
70706F6F,
6E6D6D6C,
6A6A696B,
6E73787C,
85878B8F,
93959697,
989B9FA2,
A2A09D9B,
98989898,
98989898,
999A9C9E,
9E9E9D9D,
9E9E9D9D,
9C9B9B9A,
9E9E9D9C,
9C9B9A9A,
9A9A9A9A,
9A9A9A9A,
9C9C9B9A,
9A999898,
9A9A9A9A,
9A9A9A9A,
99999796,
9AA5B4C0,
C6CBD1D4,
D4D5D7DA,
DAD9D8D8,
D7D0C5BD,
A3917A6C,
696B6A67,
6D6E6F71,
72737575,
7B7A7978,
78797A7B,
7A7A7A7A,
7A7A7A7A,
7A7A7A7A,
7A7A7A7A,
7A7A7A7A,
7A7A7A7A,
7C7C7C7C,
7C7C7C7C,
7C7C7D7E,
7E7F8080,
777C8080,
7D7C8084,
83807E7E,
7D776C63,
4E453931,
2F303030,
9A9B9D9E,
9E9D9B9A,
A1A09E9D,
9C9C9D9E,
9C9C9C9C,
9C9C9C9C,
9898999A,
9A9B9C9C,
98999B9E,
A1A4A6A7,
ABABABAB,
ABABABAB,
ACA8A5A5,
A5A29D98,
8F8B8683,
7F796F68,
645E5958,
5A5C5C5B,
60616263,
65666768,
69696969,
69696969,
6A6A6968,
68676666,
69686767,
686A6B6D,
6E6F7071,
73747576,
7878797A,
7A7B7C7C,
7C7C7D7E,
7E7F8080,
7E7E7F80,
80818282,
82828282,
82828282,
82828282,
82828282,
80808182,
82838484,
80818283,
84858687,
84858788,
88878584,
84848484,
84848484,
84848484,
84848484,
87868483,
82828384,
84848484,
84848484,
84848484,
84848484,
81818181,
81818181,
82828282,
82828282,
80808182,
82838484,
83838383,
83838383,
82828282,
82828282,
82828282,
82828282,
84848382,
82818080,
80808080,
80808080,
7F7F7F7F,
7F7F7F7F,
7A7F8382,
7D7C8085,
7F7F7F7F,
7F7F7F7F,
7C7C7B7A,
7A797878,
7170706F,
6E6E6D6D,
6B6B6A6B,
6D72777A,
8385898E,
92959697,
989A9DA0,
A1A09E9C,
9A9A9A9A,
9A9A9A9A,
999B9C9E,
9F9F9E9D,
9F9E9E9D,
9C9C9B9B,
9E9E9D9C,
9C9B9A9A,
9A9A9A9A,
9A9A9A9A,
9C9C9B9A,
9A999898,
9A9A9A9A,
9A9A9A9A,
9A999895,
979FABB4,
C2C8D0D4,
D5D6D9DB,
D9D8D8DA,
DAD5CDC6,
B2A38B75,
6764686C,
6B6C6D6E,
70717273,
7B7A7978,
78797A7B,
7A7A7A7A,
7A7A7A7A,
7A7A7A7A,
7A7A7A7A,
7A7A7A7A,
7A7A7A7A,
7C7C7C7C,
7C7C7C7C,
7C7C7D7E,
7E7F8080,
797C7E7E,
7D7E8387,
8583817E,
776A5A4F,
3B352F2E,
30323332,
9A9B9D9E,
9E9D9B9A,
A09F9E9C,
9C9D9E9F,
9C9C9C9C,
9C9C9C9C,
9898999A,
9A9B9C9C,
9B9C9EA0,
A2A5A7A7,
AAAAAAAA,
AAAAAAAA,
ABA8A5A4,
A4A29C97,
8B888583,
7F776C64,
645E5958,
5A5C5C5B,
60616263,
65666768,
6A6A6A6A,
6A6A6A6A,
6A6A6968,
68676666,
68676766,
67696B6C,
6E6F7071,
73747576,
7878797A,
7A7B7C7C,
7C7C7D7E,
7E7F8080,
7E7E7F80,
80818282,
82828282,
82828282,
82828282,
82828282,
80808182,
82838484,
7C7D7E80,
82848586,
84858788,
88878584,
84848484,
84848484,
84848484,
84848484,
85858483,
83838484,
84848484,
84848484,
84848484,
84848484,
82828282,
82828282,
82828282,
82828282,
80808182,
82838484,
84848484,
84848484,
82828282,
82828282,
82828282,
82828282,
84848382,
82818080,
80808080,
80808080,
80808080,
80808080,
7C79777A,
8083817F,
80808080,
80808080,
7C7C7B7A,
7A797878,
72717170,
6F6F6E6E,
6D6C6A6A,
6C707477,
8083878C,
91949596,
97999B9E,
9F9F9E9D,
9B9B9B9B,
9B9B9B9B,
9A9B9D9F,
A09F9F9E,
A09F9F9E,
9D9D9C9C,
9E9E9D9C,
9C9B9A9A,
9A9A9A9A,
9A9A9A9A,
9C9C9B9A,
9A999898,
9A9A9A9A,
9A9A9A9A,
9A9A9895,
9499A1A9,
BCC3CDD3,
D5D7D9DC,
D9D8D8DA,
DCDAD4CF,
BEB29B7F,
6860656D,
6B6C6D6E,
70717273,
7A797877,
7778797A,
7A7A7A7A,
7A7A7A7A,
7A7A7A7A,
7A7A7A7A,
7A7A7A7A,
7A7A7A7A,
7C7C7C7C,
7C7C7C7C,
7C7C7D7E,
7E7F8080,
7C7C7C7D,
7E818588,
8685817A,
6D5C4A3F,
2E2C2A2C,
3032312F,
9A9B9D9E,
9E9D9B9A,
9F9E9D9C,
9C9E9FA0,
9C9C9C9C,
9C9C9C9C,
9898999A,
9A9B9C9C,
9E9EA0A2,
A4A6A7A8,
AAAAAAAA,
AAAAAAAA,
AAA7A4A3,
A3A19B96,
8A878482,
7F766B63,
645E5958,
5A5C5C5B,
60616263,
65666768,
6A6A6A6A,
6A6A6A6A,
6A6A6968,
68676666,
67676666,
66686A6B,
6E6F7071,
73747576,
7878797A,
7A7B7C7C,
7C7C7D7E,
7E7F8080,
7E7E7F80,
80818282,
82828282,
82828282,
82828282,
82828282,
80808182,
82838484,
797A7C7D,
7F818283,
84858788,
88878584,
84848484,
84848484,
84848484,
84848484,
83838485,
85858484,
84848484,
84848484,
84848484,
84848484,
82828282,
82828282,
82828282,
82828282,
80808182,
82838484,
84848484,
84848484,
82828282,
82828282,
82828282,
82828282,
84848382,
82818080,
80808080,
80808080,
80808080,
80808080,
80736A72,
838B8275,
80808080,
80808080,
7C7C7B7A,
7A797878,
72727171,
706F6F6E,
6E6D6B6A,
6B6E7174,
7E80858A,
8F939596,
96979A9C,
9D9E9F9F,
9D9D9D9D,
9D9D9D9D,
9B9C9EA0,
A0A09F9F,
A0A09F9F,
9E9D9D9C,
9E9E9D9C,
9C9B9A9A,
9A9A9A9A,
9A9A9A9A,
9C9C9B9A,
9A999898,
9A9A9A9A,
9A9A9A9A,
999A9996,
93949A9F,
B4BCC8D0,
D4D6D8DA,
D8D7D7DA,
DEDDD9D5,
C6BDA98C,
7062646A,
6D6E6F70,
72737475,
79787776,
76777879,
7A7A7A7A,
7A7A7A7A,
7A7A7A7A,
7A7A7A7A,
7A7A7A7A,
7A7A7A7A,
7C7C7C7C,
7C7C7C7C,
7C7C7D7E,
7E7F8080,
7E7D7D7E,
81838585,
83817B6F,
5F4E3F38,
2D2A292C,
2F312E2B,
9A9B9D9E,
9E9D9B9A,
9E9D9C9C,
9D9EA0A1,
9C9C9C9C,
9C9C9C9C,
9898999A,
9A9B9C9C,
A0A1A2A4,
A5A7A8A8,
A9A9A9A9,
A9A9A9A9,
A9A6A3A2,
A2A09A95,
8C898481,
7D766D65,
645E5958,
5A5C5C5B,
60616263,
65666768,
6B6B6B6B,
6B6B6B6B,
6A6A6968,
68676666,
67666565,
6667696A,
6E6F7071,
73747576,
7878797A,
7A7B7C7C,
7C7C7D7E,
7E7F8080,
7E7E7F80,
80818282,
82828282,
82828282,
82828282,
82828282,
80808182,
82838484,
7C7C7D7E,
7F808182,
84858788,
88878584,
84848484,
84848484,
84848484,
84848484,
81828485,
86868584,
84848484,
84848484,
84848484,
84848484,
83838383,
83838383,
82828282,
82828282,
80808182,
82838484,
85858585,
85858585,
82828282,
82828282,
82828282,
82828282,
84848382,
82818080,
80808080,
80808080,
81818181,
81818181,
82746971,
848C8273,
81818181,
81818181,
7C7C7B7A,
7A797878,
73737272,
7170706F,
706E6B69,
6A6C6F71,
7B7E8389,
8E929495,
9696989A,
9C9EA0A0,
9E9E9E9E,
9E9E9E9E,
9C9D9FA0,
A1A1A09F,
A1A1A0A0,
9F9E9E9D,
9E9E9D9C,
9C9B9A9A,
9A9A9A9A,
9A9A9A9A,
9C9C9B9A,
9A999898,
9A9A9A9A,
9A9A9A9A,
999A9B98,
94939699,
ABB5C2CC,
D1D4D6D8,
D8D6D6D9,
DDDEDBD8,
CBC5B59C,
806E6767,
6D6E6F70,
72737475,
78777675,
75767778,
7A7A7A7A,
7A7A7A7A,
7A7A7A7A,
7A7A7A7A,
7A7A7A7A,
7A7A7A7A,
7C7C7C7C,
7C7C7C7C,
7C7C7D7E,
7E7F8080,
807F7F81,
8585827E,
79756B5C,
4B3F3938,
312E2B2C,
2F302E2B,
9A9B9D9E,
9E9D9B9A,
9D9D9C9C,
9D9FA1A2,
9C9C9C9C,
9C9C9C9C,
9898999A,
9A9B9C9C,
A2A3A4A5,
A6A7A8A9,
A8A8A8A8,
A8A8A8A8,
A9A5A2A2,
A29F9A95,
918B847F,
7C766F69,
645E5958,
5A5C5C5B,
60616263,
65666768,
6C6C6C6C,
6C6C6C6C,
6A6A6968,
68676666,
66656464,
6567696A,
6E6F7071,
73747576,
7878797A,
7A7B7C7C,
7C7C7D7E,
7E7F8080,
7E7E7F80,
80818282,
82828282,
82828282,
82828282,
82828282,
80808182,
82838484,
82828282,
83838383,
84858788,
88878584,
84848484,
84848484,
84848484,
84848484,
7F818486,
87868584,
84848484,
84848484,
84848484,
84848484,
84848484,
84848484,
82828282,
82828282,
80808182,
82838484,
86868686,
86868686,
82828282,
82828282,
82828282,
82828282,
84848382,
82818080,
80808080,
80808080,
82828282,
82828282,
807B777B,
8286827D,
82828282,
82828282,
7C7C7B7A,
7A797878,
74737372,
71717070,
716F6C69,
696A6D6E,
797C8187,
8D919495,
95959698,
9A9DA0A2,
A0A0A0A0,
A0A0A0A0,
9C9D9FA1,
A2A2A1A0,
A2A1A1A0,
9F9F9E9E,
9E9E9D9C,
9C9B9A9A,
9A9A9A9A,
9A9A9A9A,
9C9C9B9A,
9A999898,
9A9A9A9A,
9A9A9A9A,
989A9C9A,
96939497,
A3AEBDC9,
CFD1D3D5,
D8D6D5D7,
DBDDDBD8,
D0CBBFAC,
957F6E66,
6B6B6D6E,
6F717273,
78777675,
75767778,
7A7A7A7A,
7A7A7A7A,
7A7A7A7A,
7A7A7A7A,
7A7A7A7A,
7A7A7A7A,
7C7C7C7C,
7C7C7C7C,
7C7C7D7E,
7E7F8080,
81808186,
89877F77,
6B645745,
3530353B,
34302D2D,
30323230,
9A9B9D9E,
9E9D9B9A,
9D9C9C9C,
9D9FA1A3,
9C9C9C9C,
9C9C9C9C,
9898999A,
9A9B9C9C,
A3A4A5A6,
A7A8A9A9,
A8A8A8A8,
A8A8A8A8,
A8A5A2A1,
A29F9994,
948D847E,
7B77716C,
645E5958,
5A5C5C5B,
60616263,
65666768,
6C6C6C6C,
6C6C6C6C,
6A6A6968,
68676666,
66656464,
65666869,
6E6F7071,
73747576,
7878797A,
7A7B7C7C,
7C7C7D7E,
7E7F8080,
7E7E7F80,
80818282,
82828282,
82828282,
82828282,
82828282,
80808182,
82838484,
87878787,
86868585,
84858788,
88878584,
84848484,
84848484,
84848484,
84848484,
7E808487,
88878584,
84848484,
84848484,
84848484,
84848484,
84848484,
84848484,
82828282,
82828282,
80808182,
82838484,
86868686,
86868686,
82828282,
82828282,
82828282,
82828282,
84848382,
82818080,
80808080,
80808080,
82828282,
82828282,
7D828584,
807F8388,
82828282,
82828282,
7C7C7B7A,
7A797878,
74747372,
72717070,
716F6C69,
68696C6D,
787B8087,
8C919395,
95959597,
9A9DA0A2,
A0A0A0A0,
A0A0A0A0,
9D9EA0A1,
A2A2A1A0,
A2A2A1A0,
A09F9E9E,
9E9E9D9C,
9C9B9A9A,
9A9A9A9A,
9A9A9A9A,
9C9C9B9A,
9A999898,
9A9A9A9A,
9A9A9A9A,
979A9D9C,
97949496,
9FAABAC6,
CDD0D2D4,
D8D6D4D6,
DADCDAD7,
D3CFC6B8,
A38B7567,
68696A6B,
6D6E6F70,
78777574,
74757778,
7A7A7A7A,
7A7A7A7A,
7A7A7A7A,
7A7A7A7A,
7A7A7A7A,
7A7A7A7A,
7C7C7C7C,
7C7C7C7C,
7C7C7D7E,
7E7F8080,
82818389,
8C887C72,
60584835,
2727323D,
36312D2D,
31353636,
9C9C9C9C,
9C9C9C9C,
9E9E9E9E,
9E9E9E9E,
9E9E9D9C,
9C9B9A9A,
9A99999A,
9B9DA0A1,
A3A4A4A5,
A7A8A8A9,
A8A8A7A6,
A6A5A4A4,
A5A5A4A1,
9E9A9694,
938E8782,
7D766D66,
63605B57,
57595C5F,
5D606568,
69676461,
6D6C6B6A,
6B6C6E6F,
66666666,
66666666,
6A696766,
6667696A,
70707172,
72737474,
75767779,
7B7D7E7F,
7A7A7B7C,
7C7D7E7E,
7E7E7F80,
80818282,
80818384,
84838180,
82828282,
82828282,
82828282,
82828282,
82838586,
86858382,
84858788,
88878584,
88888786,
86858484,
84848484,
84848484,
84838282,
83848688,
88878584,
84858788,
81838587,
87858381,
87868583,
817F7E7D,
7F818385,
8583817F,
80808182,
82838484,
86868788,
88898A8A,
86838081,
8383817D,
82828282,
82828282,
83838282,
82828181,
85858483,
8280807F,
807F7D7C,
7C7D7F80,
82828282,
82828282,
80808080,
80808080,
7E7E7D7C,
7C7B7A7A,
7A777270,
71757A7E,
706F6E6D,
6B6A6968,
72767D84,
8A8E9090,
92939597,
999B9D9E,
A5A4A4A3,
A1A0A09F,
9E9E9FA0,
A0A1A2A2,
A2A2A2A2,
A2A2A2A2,
9D9D9D9E,
9E9F9F9F,
9E9E9D9C,
9C9B9A9A,
9C9C9B9A,
9A999898,
98989898,
98989898,
96969696,
96969696,
8F9FB4C3,
C9CDD2D7,
D8D9DADC,
DCDBDAD9,
D5D2CDC4,
B49B816F,
6B67686D,
6C666870,
79787675,
74757677,
76767777,
7879797A,
7A7A7A7A,
7A7A7A7A,
7D7D7D7C,
7C7B7B7B,
7C7C7D7E,
7E7F8080,
81807F7E,
7E7F8081,
8683838A,
8E867160,
5344332D,
2F302A23,
2E2D2C2C,
2D2E3031,
9C9C9C9C,
9C9C9C9C,
9E9E9E9E,
9E9E9E9E,
9E9E9D9C,
9C9B9A9A,
9A99999A,
9B9DA0A1,
A4A4A5A6,
A6A7A8A8,
A8A7A7A6,
A5A5A4A4,
A5A4A3A1,
9E9A9694,
8E89837F,
7B746B65,
63605B57,
57595C5F,
5E616568,
69676462,
6B6A6968,
68696B6C,
68686868,
68686868,
6A696766,
6667696A,
70707172,
72737474,
77777879,
7A7C7C7D,
7A7A7B7C,
7C7D7E7E,
7E7E7F80,
80818282,
80818384,
84838180,
82828282,
82828282,
82828282,
82828282,
82838586,
86858382,
84858687,
87868584,
88878786,
85858484,
84848484,
84848484,
84838282,
83848688,
87868584,
84858687,
81838586,
86858381,
87868584,
82807F7E,
7F818385,
8583817F,
80808182,
82838484,
86868787,
8889898A,
87848182,
8485827F,
82828282,
82828282,
85848383,
8181807F,
83838282,
82818181,
807F7D7C,
7C7D7F80,
82828282,
82828282,
80808080,
80808080,
7E7E7D7C,
7C7B7A7A,
74747373,
73737474,
706F6E6D,
6B6A6968,
71757C83,
898D8F90,
92939597,
999B9D9E,
A4A4A3A2,
A2A1A0A0,
9E9E9FA0,
A0A1A2A2,
A2A2A2A2,
A2A2A2A2,
9D9E9E9E,
9E9E9E9F,
9E9E9D9C,
9C9B9A9A,
9C9C9B9A,
9A999898,
98989898,
98989898,
96969696,
96969696,
8F9AAAB9,
C3CAD0D4,
D7D8DADB,
DCDBDADA,
D9D7D2CA,
BBA48A79,
6A65676D,
6D676870,
78777574,
74757677,
77777878,
797A7A7B,
7A7A7A7A,
7A7A7A7A,
7D7C7C7C,
7C7C7C7B,
7C7D7D7E,
7F7F8080,
81818080,
80828384,
8C898785,
80725E4E,
3C342B29,
2C2F2D29,
2F2E2D2C,
2D2E3031,
9C9C9C9C,
9C9C9C9C,
9E9E9E9E,
9E9E9E9E,
9E9E9D9C,
9C9B9A9A,
9A99999A,
9B9DA0A1,
A4A5A5A6,
A6A7A7A8,
A7A7A6A6,
A5A4A4A3,
A4A4A3A1,
9E9B9795,
8E8A8481,
7E78706A,
63605B57,
57595C5F,
5F616467,
68676462,
69686766,
66676869,
6A6A6A6A,
6A6A6A6A,
6A696766,
6667696A,
70707172,
72737474,
78797979,
797A7A7A,
7A7A7B7C,
7C7D7E7E,
7E7E7F80,
80818282,
80818384,
84838180,
82828282,
82828282,
82828282,
82828282,
82838586,
86858382,
84858687,
87868584,
87878686,
85848483,
83838383,
83838383,
84838282,
83848688,
87868584,
84858687,
81828485,
85848281,
88878685,
83828181,
80818384,
84838180,
80808182,
82838484,
85868687,
88888989,
89868384,
86878481,
82828282,
82828282,
87868583,
817F7E7D,
80808081,
81828282,
807F7D7C,
7C7D7F80,
81818181,
81818181,
80808080,
80808080,
7E7E7D7C,
7C7B7A7A,
72737576,
74716D6B,
706F6E6D,
6B6A6968,
70747A80,
868B8E8F,
92939597,
999B9D9E,
A4A3A3A2,
A2A1A1A0,
9E9E9FA0,
A0A1A2A2,
A2A2A2A2,
A2A2A2A2,
9E9E9E9E,
9E9E9E9E,
9E9E9D9C,
9C9B9A9A,
9C9C9B9A,
9A999898,
98989898,
98989898,
96969696,
96969696,
92959DAB,
BAC7CED0,
D5D7D9DA,
DBDBDADA,
DEDBD7D1,
C4B09989,
6A65666D,
6E696A70,
77767474,
74757677,
7879797A,
7B7B7C7C,
7A7A7A7A,
7A7A7A7A,
7C7C7C7C,
7C7C7C7C,
7D7D7E7E,
7F808081,
81818283,
84858687,
8C8A857C,
6D5B4B40,
2D2C2C2C,
2D2E2E2E,
31302F2D,
2D2E2F2F,
9C9C9C9C,
9C9C9C9C,
9E9E9E9E,
9E9E9E9E,
9E9E9D9C,
9C9B9A9A,
9A99999A,
9B9DA0A1,
A5A6A6A6,
A6A6A6A7,
A6A6A5A5,
A4A3A3A2,
A3A3A2A1,
9E9B9896,
938F8A87,
85807872,
63605B57,
57595C5F,
60616466,
67666564,
6C6A6967,
67676869,
69696969,
69696969,
6A696766,
6667696A,
70707172,
72737474,
79797979,
78787877,
7A7A7B7C,
7C7D7E7E,
7E7E7F80,
80818282,
80818384,
84838180,
82828282,
82828282,
82828282,
82828282,
82838586,
86858382,
83848586,
86858483,
86868585,
84838382,
82828282,
82828282,
84838282,
83848688,
86858483,
83848586,
82828383,
83838282,
87878685,
84838382,
81828283,
83828281,
80808182,
82838484,
84858586,
87878888,
8B878585,
87888582,
82828282,
82828282,
89888683,
817E7C7B,
7D7E7F80,
81828383,
807F7D7C,
7C7D7F80,
80808080,
80808080,
80808080,
80808080,
7E7E7D7C,
7C7B7A7A,
78777775,
73706D6B,
706F6E6D,
6B6A6968,
6F72777D,
83888C8E,
92939597,
999B9D9E,
A3A2A2A2,
A2A2A2A1,
9E9E9FA0,
A0A1A2A2,
A2A2A2A2,
A2A2A2A2,
9F9F9F9E,
9E9D9D9D,
9E9E9D9C,
9C9B9A9A,
9C9C9B9A,
9A999898,
98989898,
98989898,
96969696,
96969696,
9693949F,
B2C3CCCE,
D4D5D7D9,
DBDBDADA,
DFDDDAD5,
CBBBA799,
7168666D,
6F6B6B70,
75747373,
73747677,
79797A7A,
7B7C7C7D,
7A7A7A7A,
7A7A7A7A,
7B7B7B7C,
7C7D7D7D,
7E7E7F7F,
80818182,
81828486,
88888888,
84827C6E,
5C4C413D,
2C303434,
312E2D2E,
3332302E,
2E2E2F30,
9C9C9C9C,
9C9C9C9C,
9E9E9E9E,
9E9E9E9E,
9E9E9D9C,
9C9B9A9A,
9A99999A,
9B9DA0A1,
A7A6A6A6,
A6A6A6A5,
A6A5A5A4,
A3A3A2A2,
A2A2A2A1,
9F9C9997,
94908B88,
85807973,
63605B57,
57595C5F,
61626365,
65666565,
6F6E6C6A,
69696A6B,
67676767,
67676767,
6A696766,
6667696A,
70707172,
72737474,
79787878,
77777777,
7A7A7B7C,
7C7D7E7E,
7E7E7F80,
80818282,
80818384,
84838180,
82828282,
82828282,
82828282,
82828282,
82838586,
86858382,
82838485,
85848382,
86858584,
83838282,
82828282,
82828282,
84838282,
83848688,
85848382,
82838485,
82828181,
81818282,
85858584,
84838383,
83828281,
81828283,
80808182,
82838484,
84848585,
86878788,
8B878585,
87888582,
82828282,
82828282,
89888683,
817E7C7B,
7D7D7E7F,
80818283,
807F7D7C,
7C7D7F80,
80808080,
80808080,
80808080,
80808080,
7E7E7D7C,
7C7B7A7A,
817D7872,
6F6F7172,
706F6E6D,
6B6A6968,
6E707479,
7F858A8D,
92939597,
999B9D9E,
A1A2A2A2,
A2A2A2A3,
9E9E9FA0,
A0A1A2A2,
A2A2A2A2,
A2A2A2A2,
A0A09F9E,
9E9D9C9C,
9E9E9D9C,
9C9B9A9A,
9C9C9B9A,
9A999898,
98989898,
98989898,
96969696,
96969696,
99939099,
ABBEC9CD,
D2D3D6D8,
DADBDBDA,
DCDBDAD7,
D0C3B3A7,
7F72696C,
6F6B6B70,
73727271,
72747678,
78787979,
7A7B7B7C,
7A7A7A7A,
7A7A7A7A,
7A7A7B7C,
7C7D7E7E,
7E7F7F80,
81818282,
82848688,
89898887,
817C7160,
4D3F3937,
282E3435,
33302F2F,
3331302F,
2F2F3132,
9C9C9C9C,
9C9C9C9C,
9E9E9E9E,
9E9E9E9E,
9E9E9D9C,
9C9B9A9A,
9A99999A,
9B9DA0A1,
A8A7A7A6,
A6A5A5A4,
A5A4A4A3,
A2A2A1A1,
A0A1A1A0,
9F9C9A98,
918C8783,
807A726C,
63605B57,
57595C5F,
62626363,
64656666,
72706E6C,
6A6A6A6B,
66666666,
66666666,
6A696766,
6667696A,
70707172,
72737474,
76767677,
77777778,
7A7A7B7C,
7C7D7E7E,
7E7E7F80,
80818282,
80818384,
84838180,
82828282,
82828282,
82828282,
82828282,
82838586,
86858382,
81828384,
84838281,
85848483,
82828181,
81818181,
81818181,
84838282,
83848688,
84838281,
81828384,
8382807F,
7F808283,
82828282,
82828282,
84838180,
80818384,
80808182,
82838484,
83838484,
85868687,
89868384,
86878481,
82828282,
82828282,
87868583,
817F7E7D,
7E7E7E7F,
7F808080,
807F7D7C,
7C7D7F80,
7F7F7F7F,
7F7F7F7F,
80808080,
80808080,
7E7E7D7C,
7C7B7A7A,
847F7771,
6E707476,
706F6E6D,
6B6A6968,
6D6E7176,
7C82888C,
92939597,
999B9D9E,
A0A1A1A2,
A2A3A3A4,
9E9E9FA0,
A0A1A2A2,
A2A2A2A2,
A2A2A2A2,
A2A1A09F,
9D9C9B9A,
9E9E9D9C,
9C9B9A9A,
9C9C9B9A,
9A999898,
98989898,
98989898,
96969696,
96969696,
98939196,
A3B3C1C9,
D0D2D4D7,
DADBDBDB,
DBDAD9D9,
D5CBBEB4,
937F6F6C,
6D6A6B6F,
71707070,
72747778,
76767777,
7879797A,
7A7A7A7A,
7A7A7A7A,
78797A7B,
7D7E7F80,
7F808081,
82828383,
8385888A,
89878482,
7F74624F,
40352F2D,
2225292E,
32333231,
30302F2F,
30323435,
9C9C9C9C,
9C9C9C9C,
9E9E9E9E,
9E9E9E9E,
9E9E9D9C,
9C9B9A9A,
9A99999A,
9B9DA0A1,
A8A8A7A6,
A6A5A4A4,
A4A4A3A3,
A2A1A1A0,
A0A0A1A0,
9F9D9B99,
928D8782,
7E786F68,
63605B57,
57595C5F,
63636263,
63656667,
706F6C6A,
68676768,
68686868,
68686868,
6A696766,
6667696A,
70707172,
72737474,
73747476,
77787979,
7A7A7B7C,
7C7D7E7E,
7E7E7F80,
80818282,
80818384,
84838180,
82828282,
82828282,
82828282,
82828282,
82838586,
86858382,
81828384,
84838281,
84848383,
82818180,
80808080,
80808080,
84838282,
83848688,
84838281,
81828384,
83817F7E,
7E7F8183,
7F7F7F7F,
7F808080,
8583817F,
7F818385,
80808182,
82838484,
82838384,
85858686,
87848182,
8485827F,
82828282,
82828282,
85848383,
8181807F,
7F7F7F7E,
7E7E7D7D,
807F7D7C,
7C7D7F80,
7E7E7E7E,
7E7E7E7E,
80808080,
80808080,
7E7E7D7C,
7C7B7A7A,
7C7A7673,
71717172,
706F6E6D,
6B6A6968,
6C6D6F73,
7980878B,
92939597,
999B9D9E,
A0A0A1A2,
A2A3A4A4,
9E9E9FA0,
A0A1A2A2,
A2A2A2A2,
A2A2A2A2,
A2A2A09F,
9D9C9A9A,
9E9E9D9C,
9C9B9A9A,
9C9C9B9A,
9A999898,
98989898,
98989898,
96969696,
96969696,
92929293,
99A7B7C2,
CED0D3D7,
D9DADBDB,
DBDBDBDC,
DBD4C8BF,
A78D746C,
6A686A6F,
706F6F70,
71747778,
73747475,
76767777,
7A7A7A7A,
7A7A7A7A,
78787A7B,
7D7E8080,
80808181,
82838384,
8486898A,
8885807D,
73634D3D,
36332E2B,
2D29282C,
3437332E,
2E2E2E2F,
31343739,
9C9C9C9C,
9C9C9C9C,
9E9E9E9E,
9E9E9E9E,
9E9E9D9C,
9C9B9A9A,
9A99999A,
9B9DA0A1,
A9A8A8A7,
A5A4A4A3,
A4A4A3A2,
A2A1A0A0,
9FA0A0A0,
9F9D9B9A,
97928B86,
817A716A,
63605B57,
57595C5F,
64636262,
63646667,
6E6D6A67,
65656565,
6A6A6A6A,
6A6A6A6A,
6A696766,
6667696A,
70707172,
72737474,
71727375,
77797A7B,
7A7A7B7C,
7C7D7E7E,
7E7E7F80,
80818282,
80818384,
84838180,
82828282,
82828282,
82828282,
82828282,
82838586,
86858382,
80818384,
84838180,
84848382,
82818080,
80808080,
80808080,
84838282,
83848688,
84838180,
80818384,
83817F7D,
7D7F8183,
7D7D7D7D,
7E7E7E7F,
8583817F,
7F818385,
80808182,
82838484,
82828384,
84858686,
86838081,
8383817D,
82828282,
82828282,
83838282,
82828181,
8180807E,
7D7C7B7B,
807F7D7C,
7C7D7F80,
7E7E7E7E,
7E7E7E7E,
80808080,
80808080,
7E7E7D7C,
7C7B7A7A,
73747575,
74716E6C,
706F6E6D,
6B6A6968,
6C6C6E72,
787F868A,
92939597,
999B9D9E,
9FA0A0A1,
A3A4A4A5,
9E9E9FA0,
A0A1A2A2,
A2A2A2A2,
A2A2A2A2,
A3A2A19F,
9D9B9A99,
9E9E9D9C,
9C9B9A9A,
9C9C9B9A,
9A999898,
98989898,
98989898,
96969696,
96969696,
8C8F9291,
939DAFBD,
CED0D3D6,
D9DADBDB,
DDDCDDDF,
DFD9CFC7,
B396786C,
6967696F,
6F6F6F6F,
71747778,
72727373,
74757576,
7A7A7A7A,
7A7A7A7A,
7778797B,
7D7F8081,
80808182,
82838484,
8587898A,
87827D79,
624F392F,
31363531,
42383031,
38393128,
2C2C2D2F,
3236393B,
9A9A9A9A,
9A9A9A9A,
9C9D9FA0,
A09F9D9C,
9C9C9C9C,
9C9C9C9C,
9C9D9E9F,
A1A2A3A4,
A5A5A5A6,
A6A7A7A7,
A4A4A3A2,
A2A1A0A0,
9EA0A1A2,
A09D9997,
948F8882,
7D766C65,
63605B58,
57595D5F,
60616263,
65666768,
6B6C6C6C,
6B696765,
6A6A6968,
68676666,
68676666,
67686A6C,
6F6F6F70,
70717171,
76767778,
78797A7A,
7778797B,
7D7F8081,
8180807F,
7D7C7C7B,
82828282,
82828282,
7E7E7F80,
80818282,
82828282,
82828282,
82828282,
82828282,
7F808283,
85878889,
82828282,
82828282,
82828384,
84858686,
8A87837F,
7D7E7F80,
82828180,
807F7E7E,
7E7E7E7E,
7E7E7E7E,
7C7C7D7E,
7E7F8080,
7E7E7E7E,
7E7E7E7E,
7E7E7E7E,
7E7E7E7E,
81828384,
84838281,
84848484,
84848484,
84848484,
84848484,
82828180,
807F7E7E,
7E7F8182,
82817F7E,
807F7D7C,
7C7D7F80,
7E7E7E7E,
7E7E7E7E,
7E7F8182,
82817F7E,
7B7C7D7E,
7D7C7B79,
7A7A7A79,
7773716F,
6C6C6B6A,
6A696868,
7172767A,
7E828687,
90929497,
9A9C9FA0,
A0A0A1A2,
A2A3A4A4,
A4A4A3A2,
A2A1A0A0,
A0A0A0A0,
A0A0A0A0,
A0A09F9E,
9E9D9C9C,
9C9C9C9C,
9C9C9C9C,
9B9A9897,
96969798,
9A9A9998,
98979696,
9A9A9998,
98979696,
91959691,
8C93A4B3,
C1C7CFD3,
D4D4D6D9,
D8DADEDF,
DEDAD5D2,
BFAD9178,
69666A6E,
6E6F7173,
7577797A,
79797978,
78777777,
7C7C7B7A,
7A797878,
7A7A7B7C,
7C7D7E7E,
797C7F83,
85878787,
8B8A8A8A,
867C6E63,
3A434944,
372C2A2D,
2D2D2C2C,
2C2B2B2B,
33333334,
36383A3B,
9A9A9A9A,
9A9A9A9A,
9C9D9FA0,
A09F9D9C,
9C9C9C9C,
9C9C9C9C,
9D9D9EA0,
A1A3A4A4,
A5A6A6A6,
A6A6A6A7,
A4A3A3A2,
A1A1A0A0,
9FA0A2A2,
A19D9A97,
948F8882,
7D766C65,
625F5A56,
56585B5E,
60616263,
65666768,
6A6A6B6C,
6B6A6867,
6A6A6968,
68676666,
68676666,
67686A6C,
6F6F6F70,
70717171,
76767778,
78797A7A,
78787A7B,
7D7E8080,
80807F7E,
7E7D7C7C,
82828282,
82828282,
7E7E7F80,
80818282,
82828282,
82828282,
82828282,
82828282,
7F7F8082,
84858787,
82828282,
82828282,
82828383,
84858586,
89878582,
81808080,
82818180,
7F7F7E7E,
7E7E7E7E,
7E7E7E7E,
7C7C7D7E,
7E7F8080,
7E7E7E7E,
7E7E7E7E,
7E7E7E7E,
7E7E7E7E,
7F808283,
8382807F,
84848484,
84848484,
84848484,
84848484,
82828180,
807F7E7E,
7E7F8182,
82817F7E,
807F7D7C,
7C7D7F80,
7E7E7E7E,
7E7E7E7E,
7E7F8182,
82817F7E,
7C7C7D7E,
7D7C7A79,
7B7B7B79,
76736F6D,
6C6C6B6B,
6A696968,
7172767A,
7E828687,
90919396,
999C9E9F,
A0A0A1A1,
A2A3A3A4,
A4A3A3A2,
A1A1A0A0,
A0A0A0A0,
A0A0A0A0,
A0A09F9E,
9E9D9C9C,
9C9C9C9C,
9C9C9C9C,
9C9B9997,
96969798,
9A9A9999,
98979796,
9A9A9998,
98979696,
90949692,
8D929FAC,
BEC5CED3,
D4D5D7D9,
D8DBDDDF,
DEDBD6D3,
C5B69D82,
6E67686D,
6C6C6E70,
72757677,
7B7B7B7A,
7A7A7A7A,
7C7C7B7A,
7A797878,
7A7A7B7C,
7C7D7E7E,
7A7B7E81,
84868889,
87888988,
81715C4E,
343C423E,
332A282B,
2C2C2C2C,
2C2D2D2D,
2C2F3336,
38373534,
9B9B9B9B,
9B9B9B9B,
9C9D9FA0,
A09F9D9C,
9D9D9D9D,
9D9D9D9D,
9E9E9FA1,
A2A4A5A5,
A6A6A6A6,
A6A6A6A6,
A3A3A2A2,
A1A0A09F,
9FA1A2A3,
A19E9A98,
948F8882,
7D766C65,
605D5855,
5456595C,
60616263,
65666768,
67686A6B,
6C6B6A6A,
6A6A6968,
68676666,
68676666,
67686A6C,
6E6E6F70,
70717272,
76767778,
78797A7A,
78797A7B,
7D7E7F80,
807F7F7E,
7E7D7D7C,
81818181,
81818181,
7E7E7F80,
80818282,
82828282,
82828282,
82828282,
82828282,
7E7E7F80,
82838485,
82828282,
82828282,
81828283,
84848585,
87878887,
86848180,
81818080,
7F7E7E7D,
7D7D7D7D,
7D7D7D7D,
7C7C7D7E,
7E7F8080,
7E7E7E7E,
7E7E7E7E,
7E7E7E7E,
7E7E7E7E,
7D7E8081,
81807E7D,
83838383,
83838383,
84848484,
84848484,
82828180,
807F7E7E,
7E7F8182,
82817F7E,
807F7D7C,
7C7D7F80,
7E7E7E7E,
7E7E7E7E,
7E7F8182,
82817F7E,
7D7D7E7E,
7D7B7978,
7D7D7C79,
76726E6C,
6D6C6C6B,
6A6A6969,
7172767A,
7E828687,
90919396,
999C9E9F,
9FA0A0A1,
A2A2A3A3,
A3A3A2A2,
A1A0A09F,
A0A0A0A0,
A0A0A0A0,
A0A09F9E,
9E9D9C9C,
9C9C9C9C,
9C9C9C9C,
9C9B9998,
97979899,
9B9A9A99,
98989797,
9A9A9998,
98979696,
8F939693,
8E9098A0,
B9C0CBD1,
D4D5D8DA,
D9DBDDDF,
DEDBD8D6,
CCC3AF93,
7869666A,
696A6C6E,
70727474,
7B7B7B7C,
7C7C7C7C,
7C7C7B7A,
7A797878,
7A7A7B7C,
7C7D7E7E,
7B7C7D7F,
82868A8C,
85858581,
755F4533,
2D343937,
2E28282A,
2A2A2B2C,
2D2F2F30,
272C3238,
3937322F,
9C9C9C9C,
9C9C9C9C,
9C9D9FA0,
A09F9D9C,
9E9E9E9E,
9E9E9E9E,
9FA0A1A2,
A4A5A6A7,
A7A7A7A6,
A6A5A5A5,
A2A2A1A1,
A09F9F9E,
A0A1A3A4,
A29F9B99,
948F8882,
7D766C65,
5F5B5753,
5255585B,
60616263,
65666768,
6567696B,
6C6C6C6B,
6A6A6968,
68676666,
68676666,
67686A6C,
6D6D6E6F,
71727373,
76767778,
78797A7A,
7A7A7B7C,
7C7D7E7E,
7F7E7E7E,
7E7E7E7D,
80808080,
80808080,
7E7E7F80,
80818282,
82828282,
82828282,
82828282,
82828282,
7D7E7E7F,
80818282,
82828282,
82828282,
80818182,
83838484,
8587898A,
89868380,
80807F7F,
7E7D7D7C,
7C7C7C7C,
7C7C7C7C,
7C7C7D7E,
7E7F8080,
7E7E7E7E,
7E7E7E7E,
7E7E7E7E,
7E7E7E7E,
7C7D7E7F,
7F7E7D7C,
82828282,
82828282,
84848484,
84848484,
82828180,
807F7E7E,
7E7F8182,
82817F7E,
807F7D7C,
7C7D7F80,
7E7E7E7E,
7E7E7E7E,
7E7F8182,
82817F7E,
7E7E7F7E,
7D7B7977,
7E7D7C79,
76716D6B,
6E6D6D6C,
6B6B6A6A,
7172767A,
7E828687,
8F909295,
989B9D9E,
9E9F9FA0,
A1A1A2A2,
A2A2A1A1,
A09F9F9E,
A0A0A0A0,
A0A0A0A0,
A0A09F9E,
9E9D9C9C,
9C9C9C9C,
9C9C9C9C,
9D9C9A98,
98989999,
9C9B9B9A,
99999898,
9A9A9998,
98979696,
8F939694,
908E9296,
B0B9C5CF,
D3D5D8DA,
DADBDDDE,
DEDCDAD9,
D2CDBEA3,
846E6565,
696A6C6E,
70727475,
7879797A,
7A7B7B7B,
7C7C7B7A,
7A797878,
7A7A7B7C,
7C7D7E7E,
7D7C7D7E,
81858A8C,
88837B71,
614C3425,
2A2F3332,
2D292A2C,
29292B2D,
2F303232,
2B2E3235,
37363433,
9C9C9C9C,
9C9C9C9C,
9C9D9FA0,
A09F9D9C,
9E9E9E9E,
9E9E9E9E,
A1A2A3A4,
A6A7A8A9,
A8A8A7A6,
A6A5A4A4,
A2A1A1A0,
9F9F9E9E,
A1A2A4A4,
A3A09C99,
948F8882,
7D766C65,
5F5B5753,
5255585B,
60616263,
65666768,
6567696B,
6C6C6C6B,
6A6A6968,
68676666,
68676666,
67686A6C,
6C6C6E6F,
71727474,
76767778,
78797A7A,
7B7B7B7C,
7C7D7D7D,
7D7E7E7E,
7E7E7E7F,
80808080,
80808080,
7E7E7F80,
80818282,
82828282,
82828282,
82828282,
82828282,
7E7F7F7F,
80808181,
82828282,
82828282,
80808181,
82838384,
8486888A,
89878482,
807F7F7E,
7D7D7C7C,
7C7C7C7C,
7C7C7C7C,
7C7C7D7E,
7E7F8080,
7E7E7E7E,
7E7E7E7E,
7E7E7E7E,
7E7E7E7E,
7C7D7E7F,
7F7E7D7C,
82828282,
82828282,
84848484,
84848484,
82828180,
807F7E7E,
7E7F8182,
82817F7E,
807F7D7C,
7C7D7F80,
7E7E7E7E,
7E7E7E7E,
7E7F8182,
82817F7E,
7F7F7F7F,
7D7A7876,
7C7C7B79,
76726E6C,
6E6E6D6D,
6C6B6B6A,
7172767A,
7E828687,
8E8F9194,
979A9C9D,
9E9E9F9F,
A0A1A1A2,
A2A1A1A0,
9F9F9E9E,
A0A0A0A0,
A0A0A0A0,
A0A09F9E,
9E9D9C9C,
9C9C9C9C,
9C9C9C9C,
9E9D9B99,
9899999A,
9C9C9B9B,
9A999998,
9A9A9998,
98979696,
91939594,
918F8F90,
A5B0BECA,
D0D3D6D8,
DBDCDDDD,
DEDDDCDC,
D5D3C8B2,
957A6A63,
6B6C6E70,
72747677,
74747576,
77787879,
7C7C7B7A,
7A797878,
7A7A7B7C,
7C7D7E7E,
7E7E7E80,
82858789,
887D6B5A,
4A3B2E25,
2B2E3030,
2E2D2E2F,
2A2A2C2D,
2F313333,
35343231,
33363A3D,
9D9D9D9D,
9D9D9D9D,
9C9D9FA0,
A09F9D9C,
9F9F9F9F,
9F9F9F9F,
A3A3A4A6,
A7A9AAAA,
AAA9A8A7,
A5A4A3A2,
A1A0A09F,
9E9E9D9D,
A2A3A5A5,
A4A09D9A,
948F8882,
7D766C65,
605D5855,
5456595C,
60616263,
65666768,
67686A6B,
6C6B6A6A,
6A6A6968,
68676666,
68676666,
67686A6C,
6B6B6D6F,
71737575,
76767778,
78797A7A,
7C7C7C7C,
7C7C7C7C,
7C7D7D7E,
7E7F7F80,
7F7F7F7F,
7F7F7F7F,
7E7E7F80,
80818282,
82828282,
82828282,
82828282,
82828282,
81818181,
81818181,
82828282,
82828282,
7F7F8080,
81828283,
84858686,
86858483,
7F7E7E7D,
7C7C7B7B,
7B7B7B7B,
7B7B7B7B,
7C7C7D7E,
7E7F8080,
7E7E7E7E,
7E7E7E7E,
7E7E7E7E,
7E7E7E7E,
7D7E8081,
81807E7D,
81818181,
81818181,
84848484,
84848484,
82828180,
807F7E7E,
7E7F8182,
82817F7E,
807F7D7C,
7C7D7F80,
7E7E7E7E,
7E7E7E7E,
7E7F8182,
82817F7E,
8080807F,
7D7A7775,
7A7A7A79,
7774716F,
6F6F6E6E,
6D6C6C6B,
7172767A,
7E828687,
8D8E9093,
96999B9C,
9D9D9E9E,
9FA0A0A1,
A1A0A09F,
9E9E9D9D,
A0A0A0A0,
A0A0A0A0,
A0A09F9E,
9E9D9C9C,
9C9C9C9C,
9C9C9C9C,
9F9D9C9A,
99999A9B,
9D9D9C9C,
9B9A9A99,
9A9A9998,
98979696,
94949492,
9190908F,
9AA6B7C4,
CCD0D3D5,
DCDCDCDD,
DDDEDFDF,
D8D6CEC0,
AA8F7566,
6C6C6E70,
72747677,
71717274,
75767778,
7C7C7B7A,
7A797878,
7A7A7B7C,
7C7D7E7E,
7E808284,
84848382,
7E6E5642,
36302D2C,
2E2F2F2F,
2F2F3030,
2C2D2D2F,
30313232,
3936312F,
30363C41,
9E9E9E9E,
9E9E9E9E,
9C9D9FA0,
A09F9D9C,
A0A0A0A0,
A0A0A0A0,
A4A4A5A7,
A8AAABAB,
AAAAA8A7,
A5A4A2A2,
A0A09F9F,
9E9D9D9C,
A2A4A5A6,
A4A19D9B,
948F8882,
7D766C65,
625F5A56,
56585B5E,
60616263,
65666768,
6A6A6B6C,
6B6A6867,
6A6A6968,
68676666,
68676666,
67686A6C,
6A6B6C6F,
71747576,
76767778,
78797A7A,
7D7C7C7C,
7C7C7C7B,
7C7C7D7E,
7E7F8080,
7E7E7E7E,
7E7E7E7E,
7E7E7F80,
80818282,
82828282,
82828282,
82828282,
82828282,
83838383,
83838282,
82828282,
82828282,
7E7F7F80,
81818282,
84838282,
82838485,
7E7E7D7D,
7C7B7B7A,
7A7A7A7A,
7A7A7A7A,
7C7C7D7E,
7E7F8080,
7E7E7E7E,
7E7E7E7E,
7E7E7E7E,
7E7E7E7E,
7F808283,
8382807F,
80808080,
80808080,
84848484,
84848484,
82828180,
807F7E7E,
7E7F8182,
82817F7E,
807F7D7C,
7C7D7F80,
7E7E7E7E,
7E7E7E7E,
7E7F8182,
82817F7E,
8181807F,
7C797674,
76777878,
77767472,
706F6F6E,
6D6D6C6C,
7172767A,
7E828687,
8D8E9093,
96999B9C,
9C9D9D9E,
9F9FA0A0,
A0A09F9F,
9E9D9D9C,
A0A0A0A0,
A0A0A0A0,
A0A09F9E,
9E9D9C9C,
9C9C9C9C,
9C9C9C9C,
9F9E9C9A,
9A9A9B9B,
9E9D9D9C,
9B9B9A9A,
9A9A9998,
98979696,
98959291,
91929392,
909DB0BF,
C8CDD0D2,
DCDCDCDC,
DDDFE0E1,
DDD8D2CC,
BFA6856E,
696A6B6E,
70727474,
71727375,
7778797A,
7C7C7B7A,
7A797878,
7A7A7B7C,
7C7D7E7E,
7F828688,
87837E7A,
69594230,
292A2D30,
302E2C2C,
2D2E2E2E,
2F2F2F30,
30303030,
34333130,
3235393C,
9E9E9E9E,
9E9E9E9E,
9C9D9FA0,
A09F9D9C,
A0A0A0A0,
A0A0A0A0,
A4A5A6A7,
A9AAABAC,
ABAAA9A7,
A5A3A2A1,
A0A09F9E,
9E9D9C9C,
A3A4A6A6,
A5A19E9B,
948F8882,
7D766C65,
63605B58,
57595D5F,
60616263,
65666768,
6B6C6C6C,
6B696765,
6A6A6968,
68676666,
68676666,
67686A6C,
696A6C6F,
71747677,
76767778,
78797A7A,
7D7D7D7C,
7C7B7B7B,
7B7C7C7D,
7F808081,
7E7E7E7E,
7E7E7E7E,
7E7E7F80,
80818282,
82828282,
82828282,
82828282,
82828282,
85858584,
84848383,
82828282,
82828282,
7E7E7F80,
80818282,
8482807E,
7E818486,
7E7E7D7C,
7C7B7A7A,
7A7A7A7A,
7A7A7A7A,
7C7C7D7E,
7E7F8080,
7E7E7E7E,
7E7E7E7E,
7E7E7E7E,
7E7E7E7E,
81828384,
84838281,
80808080,
80808080,
84848484,
84848484,
82828180,
807F7E7E,
7E7F8182,
82817F7E,
807F7D7C,
7C7D7F80,
7E7E7E7E,
7E7E7E7E,
7E7F8182,
82817F7E,
8181807F,
7C797674,
74757778,
78777574,
70706F6E,
6E6D6C6C,
7172767A,
7E828687,
8C8D9092,
95989A9C,
9C9C9D9E,
9E9FA0A0,
A0A09F9E,
9E9D9C9C,
A0A0A0A0,
A0A0A0A0,
A0A09F9E,
9E9D9C9C,
9C9C9C9C,
9C9C9C9C,
A09E9C9B,
9A9A9B9C,
9E9E9D9C,
9C9B9A9A,
9A9A9998,
98979696,
9A969290,
92949595,
8B98ACBC,
C6CBCED0,
DDDCDCDC,
DDDFE1E3,
E0DAD5D4,
CDB59174,
6667696B,
6D6F7172,
73747577,
797B7C7D,
7C7C7B7A,
7A797878,
7A7A7B7C,
7C7D7E7E,
7F83888B,
89837A75,
58493627,
24272C30,
302D2A2A,
2B2D2C2B,
31313130,
30302F2F,
2D2E3032,
34353535,
9C9C9C9C,
9C9C9C9C,
A0A0A0A0,
A0A0A0A0,
A0A0A1A2,
A2A3A4A4,
AAAAAAAA,
AAAAAAAA,
A8A9A9A8,
A7A5A2A1,
A1A0A09F,
9D9C9C9B,
9FA0A2A2,
A19D9997,
94908B86,
81786E65,
61605D5B,
5B5D6061,
60616263,
65666768,
6768686A,
6B6C6D6D,
69686867,
65646463,
66666768,
68696A6A,
6C6D6E6F,
71727374,
76767778,
78797A7A,
7D7A787A,
7E807E7C,
7F7F7F7E,
7E7D7D7D,
82828282,
82828282,
82817F7E,
7E7F8182,
7C7C7D7E,
7E7F8080,
87838181,
8384817E,
87878685,
84828281,
82838586,
86858382,
80808080,
80808080,
83848688,
8784817F,
7E7F8080,
7F7E7C7A,
7E7C7A79,
7878797A,
7C7B7A7A,
7B7C7E80,
7D7D7E7E,
7E7F7F7F,
7E7D7B7A,
7A7B7D7E,
777A7F82,
83817E7B,
83828281,
7F7E7E7D,
84848382,
82818080,
80808080,
80808080,
80818282,
81807E7C,
7E7E7E7E,
7E7E7E7E,
7E7E7E7E,
7E7E7E7E,
7E7E7E7E,
7E7E7E7E,
7E7E7D7C,
7C7B7A7A,
79787775,
7371706F,
7271706F,
6D6C6B6A,
70727578,
7C7F8284,
8A8C8E91,
9496999A,
97989B9D,
9E9F9F9E,
A1A0A09F,
9D9C9C9B,
A0A0A0A0,
A0A0A0A0,
9E9E9D9C,
9C9B9A9A,
9E9E9E9E,
9E9E9E9E,
9C9C9C9C,
9C9C9C9C,
9E9E9D9C,
9C9B9A9A,
9C9C9B9A,
9A999898,
9D999594,
94938F8B,
8B8C93A3,
B5C2C7C6,
D1D3D6D8,
DADBDBDB,
DFDEDDDB,
D4C6B5A9,
7A767270,
72747575,
72727374,
74757676,
7B7B7B7A,
7A797979,
7B7B7A7A,
7A7C7E7F,
86858485,
847F766F,
55443634,
322C292B,
34343433,
312E2B29,
36363534,
34333232,
32312F30,
32363A3D,
9C9C9C9C,
9C9C9C9C,
A0A0A0A0,
A0A0A0A0,
A0A1A1A2,
A3A3A4A4,
AAAAAAAA,
AAAAAAAA,
A8A8A9A8,
A7A4A2A0,
A0A09F9E,
9E9D9C9C,
9FA0A2A2,
A19D9997,
94908A86,
80786D65,
615F5C5A,
5A5C5F61,
60616263,
65666768,
67686869,
6A6B6C6C,
68686766,
66656464,
66666768,
68696A6A,
6C6D6E6F,
71727374,
76767778,
78797A7A,
7C7A787A,
7E807E7B,
7D7D7E7E,
7E7E7F7F,
82828282,
82828282,
81807F7E,
7E7F8081,
7F7F7F80,
81828282,
85827F80,
8283807D,
86868584,
83828281,
80818283,
83828180,
80808080,
80808080,
83848687,
8684817F,
7E7F8080,
7F7E7C7A,
7E7C7A79,
7878797A,
7C7B7A7A,
7B7C7E80,
7E7E7E7E,
7E7D7D7D,
7D7C7B7A,
7A7B7C7D,
787B7F82,
83817E7C,
82828180,
807F7E7E,
84848382,
82818080,
80808080,
80808080,
80818282,
81807E7C,
7E7E7E7E,
7E7E7E7E,
7E7E7E7E,
7E7E7E7E,
7E7E7E7E,
7E7E7E7E,
7E7E7D7C,
7C7B7A7A,
79787775,
73727170,
7271706F,
6D6C6B6A,
70727578,
7C7F8284,
8A8B8D90,
93969899,
96989A9D,
9E9F9E9E,
A0A09F9E,
9E9D9C9C,
A0A0A0A0,
A0A0A0A0,
9E9E9D9C,
9C9B9A9A,
9E9E9E9E,
9E9E9E9E,
9C9C9C9C,
9C9C9C9C,
9E9E9D9C,
9C9B9A9A,
9C9B9B9A,
99999898,
9D999594,
94938F8B,
8D8D929F,
B1C0C7C9,
D2D4D7D9,
DBDCDDDC,
DFDEDDDB,
D5C8B8AC,
7D746A67,
6B6F706E,
72727373,
74757576,
7B7A7A7A,
7A7A7A79,
7B7B7B7C,
7D7F8081,
8080807F,
796C5B4E,
41332A2C,
2D28272A,
32333333,
312F2D2B,
36363534,
34333232,
31313132,
33353739,
9D9D9D9D,
9D9D9D9D,
A1A1A1A1,
A1A1A1A1,
A1A1A2A2,
A3A4A4A5,
A9A9A9A9,
A9A9A9A9,
A7A8A8A8,
A6A4A1A0,
A09F9F9E,
9E9D9D9C,
9FA0A2A2,
A19D9997,
938F8A85,
80776D65,
605E5B59,
595B5E60,
60616263,
65666768,
68686869,
6A6A6B6B,
68676766,
66656564,
66666768,
68696A6A,
6C6D6E6F,
71727374,
76767778,
78797A7A,
7C797779,
7D7F7D7B,
7B7B7C7D,
7F808181,
81818181,
81818181,
81807F7E,
7E7F8081,
81818182,
83848484,
83807D7E,
80817E7B,
85858484,
83828282,
7E7F8081,
81807F7E,
80808080,
80808080,
83848585,
8583817F,
7E7F8080,
7F7E7C7A,
7E7C7A79,
7878797A,
7C7B7A7A,
7B7C7E80,
80807F7E,
7D7B7B7A,
7D7C7B7A,
7A7B7C7D,
797B7E81,
82817E7C,
82818180,
807F7F7E,
84848382,
82818080,
80808080,
80808080,
80818282,
81807E7C,
7E7E7E7E,
7E7E7E7E,
7E7E7E7E,
7E7E7E7E,
7E7E7E7E,
7E7E7E7E,
7E7E7D7C,
7C7B7A7A,
78787776,
74737271,
7271706F,
6D6C6B6A,
70727578,
7C7F8284,
8A8B8D90,
93969899,
96979A9C,
9E9E9E9D,
A09F9F9E,
9E9D9D9C,
9F9F9F9F,
9F9F9F9F,
9E9E9D9C,
9C9B9A9A,
9D9D9D9D,
9D9D9D9D,
9C9C9C9C,
9C9C9C9C,
9E9E9D9C,
9C9B9A9A,
9B9B9A9A,
99989897,
9C989494,
9494908C,
908E919A,
AABBC7CC,
D3D4D7DB,
DDDEDFDE,
DFDEDDDC,
D7CCBEB3,
897A6861,
666D6D6A,
71727273,
74747575,
7A7A7A7A,
7A7A7A7A,
7B7C7D7F,
81828485,
8786847F,
735E4534,
2F262229,
2C29292E,
33343536,
36353332,
36363534,
34333232,
31323435,
35343332,
9E9E9E9E,
9E9E9E9E,
A2A2A2A2,
A2A2A2A2,
A2A2A3A3,
A4A5A5A6,
A8A8A8A8,
A8A8A8A8,
A7A7A7A7,
A5A3A09F,
9F9E9E9E,
9E9E9E9D,
9FA0A2A2,
A19D9997,
928E8984,
7F776C64,
5E5C5958,
58595C5E,
60616263,
65666768,
68686868,
69696969,
67666666,
66666665,
66666768,
68696A6A,
6C6D6E6F,
71727374,
76767778,
78797A7A,
7B787778,
7C7E7D7A,
797A7B7D,
7F818283,
80808080,
80808080,
807F7E7D,
7D7E7F80,
7F808081,
82828383,
827F7C7D,
7F7F7D79,
83838383,
82828282,
7F808182,
8281807F,
80808080,
80808080,
84848483,
83828180,
7E7F8080,
7F7E7C7A,
7E7C7A79,
7878797A,
7C7B7A7A,
7B7C7E80,
81817F7D,
7B7A7878,
7C7B7A79,
797A7B7C,
7A7B7E80,
81807F7E,
81808080,
8080807F,
84848382,
82818080,
80808080,
80808080,
80818282,
81807E7C,
7E7E7E7E,
7E7E7E7E,
7E7E7E7E,
7E7E7E7E,
7E7E7E7E,
7E7E7E7E,
7E7E7D7C,
7C7B7A7A,
78787776,
75747373,
7271706F,
6D6C6B6A,
70727578,
7C7F8284,
898A8C8F,
92959798,
9596999B,
9D9D9D9D,
9F9E9E9E,
9E9E9E9D,
9E9E9E9E,
9E9E9E9E,
9E9E9D9C,
9C9B9A9A,
9C9C9C9C,
9C9C9C9C,
9C9C9C9C,
9C9C9C9C,
9E9E9D9C,
9C9B9A9A,
9A9A9999,
98979796,
9B979493,
9594918D,
928F8F94,
A1B2C3CC,
D2D4D7DB,
DEDFE0E0,
DFDEDDDD,
DAD1C5BB,
9E897064,
686E6E6B,
70717172,
73737474,
7979797A,
7A7B7B7B,
7B7D7F82,
84858686,
8B867E73,
644F3829,
2B25262F,
322E2E34,
33353739,
3A393938,
36363534,
34333232,
31333536,
35322F2D,
9E9E9E9E,
9E9E9E9E,
A2A2A2A2,
A2A2A2A2,
A2A3A3A4,
A5A5A6A6,
A8A8A8A8,
A8A8A8A8,
A6A6A6A6,
A4A2A09E,
9D9E9E9E,
9E9E9E9F,
9FA0A2A2,
A19D9997,
928D8883,
7E766B63,
5C5B5856,
56585B5C,
60616263,
65666768,
68686868,
67676767,
65666666,
66666667,
66666768,
68696A6A,
6C6D6E6F,
71727374,
76767778,
78797A7A,
7A777678,
7C7D7C79,
797A7B7D,
7F818283,
80808080,
80808080,
7F7E7D7C,
7C7D7E7F,
7D7D7E7E,
7F808081,
827F7C7D,
7F7F7D79,
81818181,
82828282,
82838485,
85848382,
80808080,
80808080,
84838281,
81808080,
7E7F8080,
7F7E7C7A,
7E7C7A79,
7878797A,
7C7B7A7A,
7B7C7E80,
80807E7D,
7B797777,
7B7A7978,
78797A7B,
7B7C7D7F,
7F807F7F,
7F808080,
80808081,
84848382,
82818080,
80808080,
80808080,
80818282,
81807E7C,
7E7E7E7E,
7E7E7E7E,
7E7E7E7E,
7E7E7E7E,
7E7E7E7E,
7E7E7E7E,
7E7E7D7C,
7C7B7A7A,
78787777,
76767575,
7271706F,
6D6C6B6A,
70727578,
7C7F8284,
88898B8E,
91949697,
9496989A,
9C9C9C9C,
9D9E9E9E,
9E9E9E9F,
9E9E9E9E,
9E9E9E9E,
9E9E9D9C,
9C9B9A9A,
9C9C9C9C,
9C9C9C9C,
9C9C9C9C,
9C9C9C9C,
9E9E9D9C,
9C9B9A9A,
9A999998,
97979696,
9A969393,
9595928E,
92908D8E,
97A8BBC7,
D0D2D6DA,
DDDFE0E0,
DFDEDEDE,
DDD7CCC4,
B0997C6A,
67696A68,
70707171,
72737374,
7878797A,
7A7B7C7C,
7C7E8184,
86868585,
81766656,
483B2E25,
2E2A2B32,
322D2E35,
2F313335,
37373736,
36363534,
34333232,
32333536,
34312D2B,
9F9F9F9F,
9F9F9F9F,
A3A3A3A3,
A3A3A3A3,
A3A4A4A5,
A6A6A7A7,
A7A7A7A7,
A7A7A7A7,
A5A5A6A5,
A4A19F9D,
9C9D9D9E,
9E9F9FA0,
9FA0A2A2,
A19D9997,
918D8783,
7D756A62,
5B595654,
5456595B,
60616263,
65666768,
68686867,
66666565,
64656566,
66676768,
66666768,
68696A6A,
6C6D6E6F,
71727374,
76767778,
78797A7A,
79777577,
7B7D7B78,
7B7B7C7D,
7F808181,
7F7F7F7F,
7F7F7F7F,
7E7D7C7B,
7B7C7D7E,
7C7C7C7D,
7E7F7F7F,
83807D7E,
80817E7B,
7F7F8080,
81828282,
83848586,
86858483,
80808080,
80808080,
8583817F,
7F7F8081,
7E7F8080,
7F7E7C7A,
7E7C7A79,
7878797A,
7C7B7A7A,
7B7C7E80,
7E7D7D7B,
7A797878,
7A797877,
7778797A,
7C7C7D7D,
7E7F8080,
7E7F7F80,
80818182,
84848382,
82818080,
80808080,
80808080,
80818282,
81807E7C,
7E7E7E7E,
7E7E7E7E,
7E7E7E7E,
7E7E7E7E,
7E7E7E7E,
7E7E7E7E,
7E7E7D7C,
7C7B7A7A,
77777777,
77777777,
7271706F,
6D6C6B6A,
70727578,
7C7F8284,
87888A8D,
90939596,
9395979A,
9B9C9B9B,
9C9D9D9E,
9E9F9FA0,
9D9D9D9D,
9D9D9D9D,
9E9E9D9C,
9C9B9A9A,
9B9B9B9B,
9B9B9B9B,
9C9C9C9C,
9C9C9C9C,
9E9E9D9C,
9C9B9A9A,
99989897,
96969595,
99959293,
9596938F,
918F8C8A,
8F9DAFBD,
CDCFD3D8,
DBDEDFDF,
DFDEDEDF,
E0DCD4CD,
BBA78B72,
64606163,
6F6F7070,
71727273,
76777879,
7B7C7D7E,
7D7F8385,
86848280,
786A5543,
3934312F,
2F2B2B2F,
2C262933,
2D2E3133,
34343333,
36363534,
34333232,
32333333,
32302E2D,
A0A0A0A0,
A0A0A0A0,
A4A4A4A4,
A4A4A4A4,
A4A4A5A5,
A6A7A7A8,
A6A6A6A6,
A6A6A6A6,
A4A5A5A5,
A3A19E9D,
9C9C9D9E,
9E9FA0A0,
9FA0A2A2,
A19D9997,
908C8782,
7D746A62,
5A585553,
5355585A,
60616263,
65666768,
69686867,
66656464,
64646566,
66676868,
66666768,
68696A6A,
6C6D6E6F,
71727374,
76767778,
78797A7A,
79767476,
7A7C7A78,
7D7D7E7E,
7E7E7F7F,
7E7E7E7E,
7E7E7E7E,
7E7D7C7B,
7B7C7D7E,
7E7E7E7F,
80818181,
85827F80,
8283807D,
7E7E7F80,
81828283,
81828384,
84838281,
80808080,
80808080,
8583807E,
7D7E8081,
7E7F8080,
7F7E7C7A,
7E7C7A79,
7878797A,
7C7B7A7A,
7B7C7E80,
7B7B7B7A,
7A7A7A7A,
7A797877,
7778797A,
7D7D7C7D,
7D7F8081,
7E7E7F80,
80818282,
84848382,
82818080,
80808080,
80808080,
80818282,
81807E7C,
7E7E7E7E,
7E7E7E7E,
7E7E7E7E,
7E7E7E7E,
7E7E7E7E,
7E7E7E7E,
7E7E7D7C,
7C7B7A7A,
77777778,
78787878,
7271706F,
6D6C6B6A,
70727578,
7C7F8284,
87888A8D,
90939596,
93949799,
9B9B9B9A,
9C9C9D9E,
9E9FA0A0,
9C9C9C9C,
9C9C9C9C,
9E9E9D9C,
9C9B9A9A,
9A9A9A9A,
9A9A9A9A,
9C9C9C9C,
9C9C9C9C,
9E9E9D9C,
9C9B9A9A,
98989797,
96959594,
98959293,
95969390,
908F8B88,
8993A4B2,
CACCD0D5,
D9DCDDDE,
DFDEDEE0,
E2DFD9D3,
C7B89E80,
675C5E64,
6E6F6F70,
71717272,
76767879,
7B7C7E7E,
7E818485,
85827E7B,
6C5D4939,
32313233,
302B2A2C,
27222936,
3637393A,
3B3A3939,
36363534,
34333232,
3332302F,
2F2F3030,
A0A0A0A0,
A0A0A0A0,
A4A4A4A4,
A4A4A4A4,
A4A4A5A6,
A6A7A8A8,
A6A6A6A6,
A6A6A6A6,
A4A4A5A4,
A3A09E9C,
9B9C9C9D,
9FA0A0A1,
9FA0A2A2,
A19D9997,
908C8682,
7D746961,
59575453,
53545759,
60616263,
65666768,
69686866,
65646363,
63646465,
67686869,
66666768,
68696A6A,
6C6D6E6F,
71727374,
76767778,
78797A7A,
78767476,
7A7C7A77,
7F7F7F7E,
7E7D7D7D,
7E7E7E7E,
7E7E7E7E,
7E7D7B7A,
7A7B7D7E,
80808182,
82838484,
87838181,
8384817E,
7D7D7E7F,
80828283,
7E7F8182,
82817F7E,
80808080,
80808080,
8583807D,
7C7E8081,
7E7F8080,
7F7E7C7A,
7E7C7A79,
7878797A,
7C7B7A7A,
7B7C7E80,
7979797A,
7A7A7B7B,
7A797776,
7677797A,
7E7D7C7C,
7D7E8081,
7D7E7E7F,
81828283,
84848382,
82818080,
80808080,
80808080,
80818282,
81807E7C,
7E7E7E7E,
7E7E7E7E,
7E7E7E7E,
7E7E7E7E,
7E7E7E7E,
7E7E7E7E,
7E7E7D7C,
7C7B7A7A,
77777878,
78797979,
7271706F,
6D6C6B6A,
70727578,
7C7F8284,
86878A8C,
8F929496,
92949699,
9A9B9A9A,
9B9C9C9D,
9FA0A0A1,
9C9C9C9C,
9C9C9C9C,
9E9E9D9C,
9C9B9A9A,
9A9A9A9A,
9A9A9A9A,
9C9C9C9C,
9C9C9C9C,
9E9E9D9C,
9C9B9A9A,
98989796,
96959494,
97949293,
95969491,
8E8E8B87,
868E9EAA,
C7CACED3,
D7DADCDD,
DFDEDEE0,
E3E1DCD7,
D2C7AF8D,
6E5E6169,
6E6E6F70,
70717272,
75767779,
7B7D7E7F,
7F818485,
84807A77,
594B392B,
26262728,
332E2C2D,
28252E3D,
43444647,
47464443,
36363534,
34333232,
33312E2C,
2C2F3133,
A2A2A2A2,
A2A2A2A2,
A1A1A1A2,
A2A3A3A3,
A2A5A8AB,
AAA7A3A0,
A4A4A4A4,
A4A4A4A4,
A3A3A3A2,
A2A2A1A1,
A2A19F9E,
9E9FA1A2,
A0A1A1A0,
9F9D9A99,
928C8680,
7B736A63,
5F5B5551,
51555B5F,
5D5E6164,
67686868,
66666666,
66666666,
66666666,
66666666,
66666768,
68696A6A,
6A6B6C6D,
6F707172,
76767778,
78797A7A,
76787A7B,
7C7C7B7A,
7E7D7B7A,
7A7B7D7E,
7E7E7E7E,
7E7E7E7E,
7A7A7B7C,
7C7D7E7E,
7C7E8081,
82828180,
82828180,
807F7E7E,
7A7E8181,
7E7C7C7E,
80808080,
80808080,
82828282,
82828282,
8383837F,
7B7B7F84,
7C7C7D7E,
7E7F8080,
7C7C7B7B,
7A797978,
7A7F817C,
736E7278,
7A7B7C7C,
7B7A7877,
7A7A7979,
79797978,
79787776,
7778797A,
7E7E7F80,
80818282,
83838281,
807E7E7D,
80808080,
80808080,
7C7E8081,
82828180,
7D7B7A7C,
8082817F,
7E7E7E7E,
7E7E7E7E,
7E7E7E7E,
7E7E7E7E,
7C7C7B7A,
7A797878,
74747474,
74747474,
76757473,
71706F6E,
7374777A,
7E828486,
8687898B,
8D8F9192,
92939495,
9798999A,
9A9A9B9C,
9C9D9E9E,
9C9C9C9C,
9C9C9C9C,
9C9C9C9C,
9C9C9C9C,
9A9A9A9A,
9A9A9A9A,
9C9C9C9C,
9C9C9C9C,
9C9C9B9A,
9A999898,
9A9A9999,
98979796,
97969593,
918F8E8D,
8E8C8988,
8A8F9498,
B9C5D1D5,
D2D3DAE2,
DDDEDFE0,
DFDEDCDB,
D6C9BBA8,
88675F68,
67707068,
68717169,
76747376,
7B7D7C79,
7D7B7D85,
8A816B59,
463B2F29,
2B2F302F,
2A2A2B2D,
2E303131,
34353536,
35333130,
30313132,
312F2D2C,
2E2E2E2E,
2E2E2E2E,
A2A2A2A2,
A2A2A2A2,
A1A1A1A2,
A2A3A3A3,
A4A6A9AB,
ABA8A4A1,
A3A3A3A3,
A3A3A3A3,
A2A2A2A2,
A2A1A1A1,
A2A19F9E,
9E9FA1A2,
A0A1A1A0,
9F9D9A99,
928D8680,
7B746A63,
5F5B5551,
51555B5F,
5D5E6164,
67686868,
66666666,
66666666,
66666666,
66666666,
66666768,
68696A6A,
6A6B6C6D,
6F707172,
76767778,
78797A7A,
76787A7B,
7C7C7B7A,
7E7D7B7A,
7A7B7D7E,
7E7E7E7E,
7E7E7E7E,
7A7B7B7C,
7D7D7E7E,
7C7E8081,
82828180,
82828180,
807F7E7E,
7F828686,
83808183,
80808080,
80808080,
82828282,
82828282,
8283837F,
7B7B7F83,
7F7F7F80,
81828282,
807F7F7E,
7D7D7C7C,
7A7A7B7C,
7D7C7976,
7A7B7C7C,
7B797876,
7E7E7D7B,
79787676,
7979797A,
7D808385,
7E7F7F80,
81818282,
82828180,
7F7E7E7D,
80808080,
80808080,
7C7E8081,
82828180,
7E7B7A7C,
8082817E,
7E7E7E7E,
7E7E7E7E,
7E7E7E7E,
7E7E7E7E,
7C7C7B7A,
7A797878,
74747474,
74747474,
76757473,
71706F6E,
71737579,
7D808384,
8687898B,
8D8F9192,
92939495,
9798999A,
9A9A9B9B,
9C9D9D9E,
9C9C9C9C,
9C9C9C9C,
9C9C9C9C,
9C9C9C9C,
9A9A9A9A,
9A9A9A9A,
9C9C9C9C,
9C9C9C9C,
9C9B9B9A,
99999898,
99989897,
96969595,
96959493,
918F8E8D,
8E8C8A89,
8B8F9397,
B2BECDD3,
D3D4DAE0,
DDDEDFE0,
E0DEDDDC,
DBCEC1B1,
95746465,
676F7069,
6A73736C,
74716F72,
777B7B79,
7F7E7E81,
7E725E4E,
3D352B28,
2A2D2D2B,
2B2C2D2F,
30313333,
36363737,
37353332,
31323333,
32312F2E,
2E2E2E2E,
2E2E2E2E,
A2A2A2A2,
A2A2A2A2,
A0A0A1A2,
A2A3A4A4,
A7A9ABAC,
ABA8A5A3,
A2A2A2A2,
A2A2A2A2,
A1A1A1A1,
A1A1A1A1,
A2A19F9E,
9E9FA1A2,
A0A1A1A0,
9F9D9A99,
938D8781,
7C746B64,
5F5B5551,
51555B5F,
5D5E6164,
67686868,
67676767,
67676767,
66666666,
66666666,
66666768,
68696A6A,
6B6C6D6E,
70717273,
76767778,
78797A7A,
76787A7B,
7C7C7B7A,
7E7D7B7A,
7A7B7D7E,
7E7E7E7E,
7E7E7E7E,
7B7B7C7C,
7D7E7E7F,
7C7E8081,
82828180,
82828180,
807F7E7E,
7F838786,
83818284,
81818181,
81818181,
81818181,
81818181,
81838380,
7C7B7F82,
81818182,
83848484,
82828181,
807F7F7E,
7C777479,
8081786E,
77787879,
78767473,
7A7A7979,
78777776,
76767677,
797C7F80,
7F7F7F80,
81828282,
81818080,
7F7E7E7E,
80808080,
80808080,
7C7E8081,
82828180,
7F7C7A7C,
8082807D,
7E7E7E7E,
7E7E7E7E,
7E7E7E7E,
7E7E7E7E,
7C7C7B7A,
7A797878,
74747474,
74747474,
75747372,
706F6E6D,
6F707376,
7A7E8082,
8687898B,
8D8F9192,
91929394,
96979899,
999A9A9B,
9C9C9D9D,
9C9C9C9C,
9C9C9C9C,
9B9B9B9B,
9B9B9B9B,
9A9A9A9A,
9A9A9A9A,
9B9B9B9B,
9B9B9B9B,
9B9B9A9A,
99989897,
96969595,
94939392,
95949392,
908F8E8E,
8E8C8B8A,
8B8F9295,
A6B3C5D0,
D3D5D9DD,
DCDDDFE0,
E0DFDEDD,
E0D4C8BD,
A7876C60,
666C6D6A,
6C737470,
726F6C6D,
73797B7B,
83828079,
6D5C4B40,
312D2928,
2A2B2A28,
2E2F3031,
33343536,
38393A3A,
39373534,
33343535,
3433312F,
2E2E2E2E,
2E2E2E2E,
A2A2A2A2,
A2A2A2A2,
9F9FA0A1,
A3A4A5A5,
AAABABAC,
AAA8A5A3,
9F9F9F9F,
9F9F9F9F,
9F9FA0A0,
A1A1A2A2,
A2A19F9E,
9E9FA1A2,
A0A1A1A0,
9F9D9A99,
938E8782,
7D756C65,
5F5B5551,
51555B5F,
5D5E6164,
67686868,
68686868,
68686868,
66666666,
66666666,
66666768,
68696A6A,
6C6C6D6F,
70727373,
76767778,
78797A7A,
76787A7B,
7C7C7B7A,
7E7D7B7A,
7A7B7D7E,
7E7E7E7E,
7E7E7E7E,
7C7C7D7D,
7E7F7F80,
7C7E8081,
82828180,
82828180,
807F7E7E,
7B7F8383,
7F7D7E80,
82828282,
82828282,
80808080,
80808080,
80828481,
7D7C7E81,
7F808081,
82828383,
8080807F,
7E7D7D7D,
7D787474,
78797571,
77787979,
78777574,
72727374,
75767777,
7A797877,
76777879,
7E7E7E7F,
80818181,
7F7F7F7F,
7E7E7E7E,
80808080,
80808080,
7C7E8081,
82828180,
807D7B7C,
80817F7C,
7E7E7E7E,
7E7E7E7E,
7E7E7E7E,
7E7E7E7E,
7C7C7B7A,
7A797878,
74747474,
74747474,
74747371,
706E6D6D,
6D6E7174,
787C7E80,
8687898B,
8D8F9192,
91919294,
95979898,
9899999A,
9B9B9C9C,
9C9C9C9C,
9C9C9C9C,
9A9A9A9A,
9A9A9A9A,
9A9A9A9A,
9A9A9A9A,
9A9A9A9A,
9A9A9A9A,
9A9A9999,
98979796,
94949393,
92919190,
93939291,
908F8E8E,
8E8D8C8B,
8C8E9193,
99A7BBCA,
D1D4D7DA,
DBDCDEDF,
E0DFDEDE,
E1D8CEC6,
B79A775F,
63666869,
6C707271,
74706C6E,
747A7D7E,
85847E6F,
5B483B34,
29292A2B,
2C2C2A29,
30313233,
35363738,
3A3B3C3C,
3B393836,
35353636,
36343231,
2E2E2E2E,
2E2E2E2E,
A2A2A2A2,
A2A2A2A2,
9E9EA0A1,
A3A4A6A6,
ABABABAA,
A8A6A4A2,
9D9D9D9D,
9D9D9D9D,
9D9D9E9F,
A0A1A2A2,
A2A19F9E,
9E9FA1A2,
A0A1A1A0,
9F9D9A99,
948F8883,
7D766C65,
5F5B5551,
51555B5F,
5D5E6164,
67686868,
68686868,
68686868,
66666666,
66666666,
66666768,
68696A6A,
6D6D6E70,
71737474,
76767778,
78797A7A,
76787A7B,
7C7C7B7A,
7E7D7B7A,
7A7B7D7E,
7E7E7E7E,
7E7E7E7E,
7C7D7D7E,
7F7F8080,
7C7E8081,
82828180,
82828180,
807F7E7E,
7C808483,
807E7F81,
82828282,
82828282,
80808080,
80808080,
7F828483,
7F7C7E80,
7D7D7E7E,
7F808081,
7E7E7D7D,
7C7B7B7A,
7B7D7C79,
787C868F,
86868788,
87858382,
7A797978,
76757574,
7C7B7A79,
7A7B7D7E,
7B7B7C7D,
7D7E7F7F,
7D7D7D7D,
7E7E7E7E,
80808080,
80808080,
7C7E8081,
82828180,
817E7C7D,
7F807E7B,
7E7E7E7E,
7E7E7E7E,
7E7E7E7E,
7E7E7E7E,
7C7C7B7A,
7A797878,
74747474,
74747474,
73737270,
6F6D6C6C,
6C6D7073,
777B7D7F,
8687898B,
8D8F9192,
90909193,
94969797,
98989999,
9A9B9B9C,
9C9C9C9C,
9C9C9C9C,
9A9A9A9A,
9A9A9A9A,
9A9A9A9A,
9A9A9A9A,
9A9A9A9A,
9A9A9A9A,
9A999998,
97979696,
93939292,
9190908F,
91919090,
8F8F8E8E,
8E8D8D8D,
8D8E9090,
8F9CAFC1,
CCD2D5D6,
DADBDDDF,
E0E0DFDF,
DFD9D2CC,
C1AA8567,
62626468,
6B6B6D70,
76737072,
777D7E7E,
827E7361,
4C3C322F,
282B2E30,
2F2E2D2D,
31313334,
35373839,
3B3C3C3D,
3C3A3837,
35353636,
36343231,
2E2E2E2E,
2E2E2E2E,
A2A2A2A2,
A2A2A2A2,
9D9D9FA1,
A3A5A7A7,
ABAAA9A7,
A5A3A1A0,
9A9A9A9A,
9A9A9A9A,
9B9C9D9E,
A0A1A2A2,
A2A19F9E,
9E9FA1A2,
A0A1A1A0,
9F9D9A99,
95908983,
7E776D66,
5F5B5551,
51555B5F,
5D5E6164,
67686868,
69696969,
69696969,
66666666,
66666666,
66666768,
68696A6A,
6D6E6F70,
72737475,
76767778,
78797A7A,
76787A7B,
7C7C7B7A,
7E7D7B7A,
7A7B7D7E,
7E7E7E7E,
7E7E7E7E,
7D7E7E7F,
80808181,
7C7E8081,
82828180,
82828180,
807F7E7E,
81858989,
85838486,
83838383,
83838383,
7F7F7F7F,
7F7F7F7F,
7E818584,
807D7D7F,
7C7C7C7D,
7E7F7F7F,
82828180,
807F7E7E,
7D83898A,
8A92A3B1,
9D9D9E9E,
9E9C9A99,
9694908B,
86817D7B,
74747474,
75787A7B,
77787879,
7A7A7B7B,
7B7B7C7C,
7D7E7E7E,
80808080,
80808080,
7C7E8081,
82828180,
827F7C7D,
7F807D7A,
7E7E7E7E,
7E7E7E7E,
7E7E7E7E,
7E7E7E7E,
7C7C7B7A,
7A797878,
74747474,
74747474,
73727170,
6E6D6C6B,
6C6E7074,
787B7E7F,
8687898B,
8D8F9192,
8F909192,
94959697,
97979898,
999A9A9B,
9C9C9C9C,
9C9C9C9C,
99999999,
99999999,
9A9A9A9A,
9A9A9A9A,
99999999,
99999999,
99989897,
96969595,
94939392,
91919090,
8F8F8F8F,
8F8F8F8F,
8E8E8E8E,
8E8E8E8E,
8A94A5B7,
C6CED2D3,
D9DADDDF,
E0E1E0E0,
DCDCD7CF,
C7B7977A,
6662636A,
6C696A70,
77757477,
7B7D7C79,
766D5D4D,
3F352F2C,
2B2F3232,
302E2F31,
30313233,
35363738,
3A3B3C3C,
3B3A3837,
33343535,
3433312F,
2E2E2E2E,
2E2E2E2E,
A2A2A2A2,
A2A2A2A2,
9C9D9EA1,
A3A6A7A8,
ABA9A6A3,
A19F9E9E,
99999999,
99999999,
9A9B9C9D,
9FA1A2A3,
A2A19F9E,
9E9FA1A2,
A0A1A1A0,
9F9D9A99,
95908A84,
7F776E67,
5F5B5551,
51555B5F,
5D5E6164,
67686868,
6A6A6A6A,
6A6A6A6A,
66666666,
66666666,
66666768,
68696A6A,
6E6F7071,
73747576,
76767778,
78797A7A,
76787A7B,
7C7C7B7A,
7E7D7B7A,
7A7B7D7E,
7E7E7E7E,
7E7E7E7E,
7E7E7F7F,
80818182,
7C7E8081,
82828180,
82828180,
807F7E7E,
82868989,
86848587,
84848484,
84848484,
7E7E7E7E,
7E7E7E7E,
7D818585,
817D7D7E,
7E7E7E7F,
80818181,
8C8C8B8A,
8A898888,
888D949B,
A1A8AEB3,
ACADAEAE,
ADACAAA9,
B0AEABA7,
A39F9C9A,
83817D7A,
77757575,
74747575,
76777778,
7A7A7B7C,
7D7E7E7F,
80808080,
80808080,
7C7E8081,
82828180,
83807D7D,
7F7F7C79,
7E7E7E7E,
7E7E7E7E,
7E7E7E7E,
7E7E7E7E,
7C7C7B7A,
7A797878,
74747474,
74747474,
7271706F,
6D6C6B6A,
6E6F7275,
797D7F81,
8687898B,
8D8F9192,
8E8F9091,
93949596,
96979798,
99999A9A,
9C9C9C9C,
9C9C9C9C,
98989898,
98989898,
9A9A9A9A,
9A9A9A9A,
98989898,
98989898,
98989797,
96959594,
95959494,
93929291,
8E8E8E8E,
8E8F8F8F,
8D8E8F8F,
8F8E8D8C,
88909EAF,
BFCAD0D1,
D8DADCDF,
E0E1E1E1,
DBE0DED3,
CBC2AB92,
6E666770,
716A6B73,
75747579,
7C7B7570,
65574438,
34322F2B,
2D313431,
2D2B2E32,
2F303132,
34353637,
393A3B3B,
3A383735,
31323333,
32312F2E,
2E2E2E2E,
2E2E2E2E,
A2A2A2A2,
A2A2A2A2,
9B9C9EA1,
A3A6A8A9,
AAA8A5A1,
9F9D9D9C,
98989898,
98989898,
999A9B9D,
9FA1A2A3,
A2A19F9E,
9E9FA1A2,
A0A1A1A0,
9F9D9A99,
96918A84,
7F786E67,
5F5B5551,
51555B5F,
5D5E6164,
67686868,
6A6A6A6A,
6A6A6A6A,
66666666,
66666666,
66666768,
68696A6A,
6E6F7071,
73747576,
76767778,
78797A7A,
76787A7B,
7C7C7B7A,
7E7D7B7A,
7A7B7D7E,
7E7E7E7E,
7E7E7E7E,
7E7E7F80,
80818282,
7C7E8081,
82828180,
82828180,
807F7E7E,
7E828585,
82808183,
84848484,
84848484,
7E7E7E7E,
7E7E7E7E,
7C818585,
817D7D7D,
80808182,
82838484,
95959493,
93929191,
959599A4,
AFB0A89F,
B1B1B2B2,
B2B0AEAD,
BBBBBBBB,
BCBCBCBC,
A7A29A91,
877F7A77,
72727273,
74757575,
79797A7B,
7C7E7E7F,
80808080,
80808080,
7C7E8081,
82828180,
83807D7D,
7F7F7C79,
7E7E7E7E,
7E7E7E7E,
7E7E7E7E,
7E7E7E7E,
7C7C7B7A,
7A797878,
74747474,
74747474,
7271706F,
6D6C6B6A,
6F707376,
7A7E8082,
8687898B,
8D8F9192,
8E8F9091,
93949596,
96969798,
98999A9A,
9C9C9C9C,
9C9C9C9C,
98989898,
98989898,
9A9A9A9A,
9A9A9A9A,
98989898,
98989898,
98989796,
96959494,
96969595,
94939392,
8D8D8D8E,
8E8E8F8F,
8D8E8F90,
8F8E8D8B,
898E9AAA,
BBC7CED0,
D8D9DCDF,
E1E1E1E1,
DBE4E2D6,
CEC8B8A3,
746B6B75,
756C6D76,
72727579,
7C787069,
5948332A,
2D312E2A,
2E32332F,
29282C32,
2E2F3031,
33343536,
38393A3A,
39373534,
30313132,
312F2D2C,
2E2E2E2E,
2E2E2E2E,
A3A2A2A1,
9F9E9E9D,
9C9EA1A4,
A7A8A9A9,
ACAAA8A4,
A09D9A99,
94939392,
93959798,
93969BA0,
A3A4A3A2,
A2A2A1A0,
A09F9E9E,
A4A4A4A3,
A09D9A99,
94908A86,
81786D65,
615C5554,
575B5D5D,
5C5D5E5F,
61626364,
6C6C6C6C,
6C6C6C6C,
64646566,
66676868,
6A696868,
696A6C6E,
6F707172,
71706E6D,
74767879,
7A7A7978,
7878797A,
7A7B7C7C,
7B7C7C7D,
7F808081,
7F7F7F7E,
7E7D7D7D,
7D7E7E7F,
81828283,
7E7F8182,
82817F7E,
807F7F7E,
7D7D7C7C,
80808080,
80808080,
86848281,
80808182,
81807E7D,
7C7D7E7E,
7B7D7F82,
84848484,
8B88878C,
9396928D,
94928F8E,
8F93989C,
A79F9EA4,
A8A8AEB8,
ADAEAEAA,
A6A8B2BA,
AAB3BEC1,
BDB9B8BA,
C5BDB3AD,
A9A39991,
857B706C,
71777A79,
7274787B,
7E7F7F7F,
7A7B7B7C,
7D7D7E7E,
82828384,
84828180,
85858483,
8280807F,
807F7D7C,
7C7D7F80,
80808080,
80808080,
7E7E7D7C,
7C7B7A7A,
7B7A7977,
75737271,
7271706F,
6D6C6B6A,
6E6F7072,
767B7F81,
8687898B,
8D8F9192,
8E8E8F90,
90919292,
96969798,
98999A9A,
9A9A9A9A,
9A9A9A9A,
95969697,
999A9A9B,
9798989A,
9B9C9D9D,
9A9A9998,
98979696,
98989796,
96959494,
93929190,
91929495,
90909090,
90909090,
8E8E8E8E,
8E8E8E8E,
938D8B97,
ADC1CACB,
CFD3D8DA,
DADCE1E5,
DFDEDEDD,
DAD0C2B8,
967B6461,
676B6E72,
79787A7F,
8179695B,
423A302A,
29282725,
2E2D2C2C,
2D2F3032,
31343737,
3535383B,
3A3A3939,
38373736,
3634302C,
2A2A2B2C,
302F2D2C,
2C2D2F30,
A2A2A1A0,
A09F9E9E,
9C9EA1A5,
A7A8A9A9,
ABA9A7A3,
9F9C9998,
94939291,
92939495,
93969BA0,
A3A4A3A2,
A2A2A1A1,
A09F9F9E,
A4A4A4A3,
A09D9A99,
94908A86,
81786D65,
615B5553,
565A5C5C,
60616263,
65666768,
69696969,
69696969,
64646566,
66676868,
6A696868,
696A6C6E,
6F707172,
72716F6E,
74767879,
7A7A7978,
7878797A,
7A7B7C7C,
7D7D7D7E,
7E7F7F7F,
7F7E7E7E,
7E7E7E7D,
7E7E7F80,
80818282,
7E7F8182,
82817F7E,
8181807F,
7F7E7D7D,
80808080,
80808080,
85848280,
80808181,
84827F7D,
7B7B7B7B,
7D7F8387,
8B8D8E8E,
93908F92,
989A9793,
94929191,
94999EA2,
A79F9EA4,
A7A6ABB5,
ABAFB2B1,
ADACB0B4,
B0B6BDBF,
BBB8B8BA,
BCB8B5B6,
B9BAB6B2,
A59B8F85,
807B7570,
73737475,
777A7C7D,
7A7A7A7B,
7C7D7D7D,
80818383,
8382807F,
84848382,
8180807F,
807F7D7C,
7C7D7F80,
80808080,
80808080,
7E7D7D7C,
7B7B7A7A,
7A797877,
75737271,
7271706F,
6D6C6B6A,
6E6F7072,
767B7F81,
8687898B,
8D8F9192,
8E8E8F90,
90919292,
96969797,
9899999A,
9A9A9A9A,
9A9A9A9A,
96969798,
98999A9A,
97989899,
9A9B9C9C,
9A999998,
97979696,
98979796,
95959494,
93929190,
90919394,
90909090,
90909090,
8E8E8E8E,
8E8E8E8E,
918E8E96,
A7B8C5CB,
CFD3D8DA,
DADBDFE3,
DFDEDEDF,
DCD4C7BE,
A3886E67,
6A6C7177,
78797B7C,
776B5B4F,
39332B28,
292B2B2A,
2D2C2C2B,
2C2E3031,
31343737,
3535383B,
39393938,
37363636,
33312E2B,
2A2B2C2D,
302F2D2C,
2C2D2F30,
A2A1A1A0,
A09F9F9E,
9EA0A2A5,
A8A9A9A9,
A9A8A5A1,
9E9A9796,
9392918F,
8F909191,
93969BA0,
A3A4A3A2,
A3A2A2A1,
A0A09F9F,
A4A4A4A3,
A09D9A99,
94908A86,
81786D65,
605B5453,
565A5C5C,
60616263,
65666768,
67676767,
67676767,
64646566,
66676868,
6A696868,
696A6C6E,
6F707172,
7272706F,
74767879,
7A7A7978,
7878797A,
7A7B7C7C,
7F7F7F7E,
7E7D7D7D,
7E7E7E7E,
7E7E7E7E,
7E7F7F80,
80818182,
7E7F8182,
82817F7E,
83838281,
81807F7F,
80808080,
80808080,
85838280,
7F7F8081,
8483807D,
7B7A7A7A,
8184898E,
93969899,
9A989698,
9B9C9A97,
93939396,
9AA1A7AB,
A8A1A0A5,
A7A5A9B1,
ACB1B7B8,
B5B0AEAE,
B6B9BBB9,
B6B4B5B7,
B6B5B6BB,
C3C8C9C8,
BFB9AFA5,
9B8E8076,
7573706F,
71757A7E,
7879797A,
7B7B7C7C,
7E7F8182,
8281807F,
83838282,
81808080,
807F7D7C,
7C7D7F80,
7F7F7F7F,
7F7F7F7F,
7D7D7C7C,
7B7A7A79,
79787776,
74737272,
7271706F,
6D6C6B6A,
6E6F7072,
767B7F81,
8687898B,
8D8F9192,
8E8E8F90,
90919292,
95969697,
98989999,
9A9A9A9A,
9A9A9A9A,
96979798,
9899999A,
98989899,
9A9A9B9B,
99999898,
97969695,
97979696,
95949493,
93929190,
90909293,
8F8F8F8F,
8F8F8F8F,
8E8E8E8E,
8E8E8E8E,
8F909195,
9CABBDC9,
CDD2D7D9,
D9D9DCDF,
DEDEDFE0,
E0DACFC7,
B69B7E71,
6D6D737D,
777B7D76,
6856463E,
2F2A2626,
2A2E2F2E,
2C2C2B2B,
2B2D2F30,
32353837,
3534373A,
38383737,
36353534,
2F2E2C2B,
2B2C2D2E,
302F2D2C,
2C2D2F30,
A1A0A0A0,
A0A0A09F,
A0A1A4A6,
A8A9A9A8,
A7A5A39F,
9B989594,
91908E8C,
8C8C8D8E,
93969BA0,
A3A4A3A2,
A4A3A3A2,
A1A1A0A0,
A4A4A4A3,
A09D9A99,
94908A86,
81786D65,
605A5452,
55595B5B,
5C5D5E5F,
61626364,
67676767,
67676767,
64646566,
66676868,
6A696868,
696A6C6E,
6F707273,
73737271,
74767879,
7A7A7978,
7878797A,
7A7B7C7C,
8180807F,
7D7C7C7B,
7D7D7D7E,
7E7F7F7F,
7F808080,
80808081,
7E7F8182,
82817F7E,
84848383,
82818180,
80808080,
80808080,
8483817F,
7E7F7F80,
807F7E7D,
7D7E7F80,
878A8E92,
96999A9B,
9A999796,
97979797,
9394969A,
A1A8AEB1,
ABA4A3A9,
AAA7A9B1,
B2B5B8B9,
B7B3B0AE,
B9B7B5B1,
AEAEB0B2,
B6B6B7B9,
BDBFC0C0,
BDBEBEBC,
B5AA9D94,
837F7872,
7173777A,
77777878,
797A7A7B,
7C7D7F80,
81807F7F,
81818181,
80808080,
807F7D7C,
7C7D7F80,
7E7E7E7E,
7E7E7E7E,
7C7C7B7B,
7A797978,
77777675,
74737272,
7271706F,
6D6C6B6A,
6E6F7072,
767B7F81,
8687898B,
8D8F9192,
8E8E8F90,
90919292,
94959596,
97979898,
9A9A9A9A,
9A9A9A9A,
97989898,
98989899,
98989898,
99999999,
98989797,
96959594,
96969595,
94939392,
9392908F,
8F8F9091,
8E8E8E8E,
8E8E8E8E,
8E8E8E8E,
8E8E8E8E,
8D919492,
929DB1C2,
C9CED5D8,
D8D8DADC,
DEDEDFE2,
E3E0D7D1,
C7AD907D,
716C737F,
787C7C6F,
58433530,
2A272425,
2A2E2F2E,
2D2C2B2B,
2C2D2F30,
33363837,
35343639,
37363635,
34343333,
2C2C2C2C,
2C2D2E2F,
302F2D2C,
2C2D2F30,
9FA0A0A0,
A0A0A0A1,
A2A3A5A7,
A9A9A8A8,
A4A3A09D,
99959391,
8C8B8A89,
89898B8C,
93969BA0,
A3A4A3A2,
A4A4A3A3,
A2A1A1A0,
A4A4A4A3,
A09D9A99,
94908A86,
81786D65,
5F595351,
54585A5A,
5C5D5E5F,
61626364,
69696969,
69696969,
64646566,
66676868,
6A696868,
696A6C6E,
6E707274,
75747473,
74767879,
7A7A7978,
7878797A,
7A7B7C7C,
8180807F,
7D7C7C7B,
7C7C7D7E,
7E7F8080,
81808080,
8080807F,
7E7F8182,
82817F7E,
84848383,
82818180,
80808080,
80808080,
8382807E,
7E7E7F7F,
7B7B7C7E,
8185888A,
8B8D9093,
95969696,
94939290,
8E8F9193,
9395989D,
A3AAAFB2,
ADA7A7AD,
AEAAABB2,
B9B7B5B4,
B4B4B3B2,
B7B3AEAA,
A8A9AAAB,
B6B7B7B6,
B5B4B4B5,
B1B7C0C5,
C4BEB7B3,
A39D9286,
7B74706E,
75767677,
78787979,
797A7C7E,
7F7F7F7E,
7F7F7F7F,
80808080,
807F7D7C,
7C7D7F80,
7E7E7E7E,
7E7E7E7E,
7C7B7B7A,
79797878,
75757474,
73737272,
7271706F,
6D6C6B6A,
6E6F7072,
767B7F81,
8687898B,
8D8F9192,
8E8E8F90,
90919292,
94949595,
96979798,
9A9A9A9A,
9A9A9A9A,
99989898,
98989897,
98989898,
97979797,
98979796,
95959494,
96959594,
93939292,
9492908E,
8D8E8E8F,
8E8E8E8E,
8E8E8E8E,
8E8E8E8E,
8E8E8E8E,
8B919590,
8B92A5B6,
C3CAD2D6,
D7D7D9DB,
DFDEDFE2,
E5E3DDD8,
D1BCA28D,
796D717D,
79797362,
4B372D2A,
2B282627,
2B2D2C2A,
2E2E2D2D,
2D2F3132,
34373938,
34333538,
35353434,
33323231,
2D2D2E2F,
2F2F2F2F,
302F2D2C,
2C2D2F30,
9E9F9FA0,
A0A1A1A2,
A3A5A7A8,
A9A9A8A8,
A2A19E9A,
9793908F,
87868585,
86888A8B,
93969BA0,
A3A4A3A2,
A5A5A4A4,
A3A2A2A1,
A4A4A4A3,
A09D9A99,
94908A86,
81786D65,
5E585250,
53585959,
60616263,
65666768,
69696969,
69696969,
64646566,
66676868,
6A696868,
696A6C6E,
6E6F7274,
76767675,
74767879,
7A7A7978,
7878797A,
7A7B7C7C,
7F7F7F7E,
7E7D7D7D,
7A7B7C7D,
7F808182,
82818180,
807F7F7E,
7E7F8182,
82817F7E,
83838281,
81807F7F,
80808080,
80808080,
82817F7E,
7D7D7E7F,
797A7D80,
868B9093,
8C8D9092,
93949393,
8D8E8E8B,
88898E93,
94969A9E,
A3A7AAAC,
AAA4A6AE,
AFABACB3,
B9B5B2B1,
B4B5B4B2,
B5B0AAA7,
A8AAA9A7,
B2B5B7B6,
B4B3B6B9,
AFB7C0C5,
C4C2C1C1,
C1BCB2A3,
9280726A,
74747575,
76777778,
76787A7D,
7E7E7E7E,
7D7D7E7E,
7F808080,
807F7D7C,
7C7D7F80,
7D7D7D7D,
7D7D7D7D,
7B7A7A79,
78787777,
73737373,
73737373,
7271706F,
6D6C6B6A,
6E6F7072,
767B7F81,
8687898B,
8D8F9192,
8E8E8F90,
90919292,
93939494,
95969697,
9A9A9A9A,
9A9A9A9A,
9A999998,
98979796,
98989897,
96969595,
97969695,
94949393,
95949493,
92929191,
9493908E,
8C8C8C8D,
8D8D8D8D,
8D8D8D8D,
8E8E8E8E,
8E8E8E8E,
8A90938E,
898C99A6,
BCC3CED4,
D7D7D9DB,
DFDEDFE2,
E5E5E0DB,
D7C8B5A0,
8672707A,
766F6250,
3E302A29,
2D2A282A,
2D2E2C29,
3130302F,
30323435,
35383A38,
34323437,
34333332,
31313030,
30313333,
3332302F,
302F2D2C,
2C2D2F30,
9E9E9FA0,
A0A1A2A2,
A5A6A8A9,
AAA9A8A8,
A09F9C99,
95918F8D,
81818182,
84878A8C,
93969BA0,
A3A4A3A2,
A6A5A5A4,
A3A3A2A2,
A4A4A4A3,
A09D9A99,
94908A86,
81786D65,
5E585150,
53575959,
60616263,
65666768,
67676767,
67676767,
64646566,
66676868,
6A696868,
696A6C6E,
6E6F7275,
76777776,
74767879,
7A7A7978,
7878797A,
7A7B7C7C,
7D7D7D7E,
7E7F7F7F,
7A7A7C7D,
7F808282,
82828180,
807F7E7E,
7E7F8182,
82817F7E,
8181807F,
7F7E7D7D,
80808080,
80808080,
82817F7D,
7C7C7D7E,
7E7F8184,
898E9396,
888A8E91,
94959696,
8C8E8F8C,
888A9299,
95979A9D,
A0A2A3A4,
A39EA1AA,
ADA9AAB0,
B2B0B0B4,
B9B9B3AD,
B5B0ABAA,
ADAFACA8,
ADB2B7B7,
B4B4B9BD,
B4B9BFC1,
BFBEC1C6,
C5C5C4BD,
AF9D8B80,
73737374,
75767676,
7576797B,
7D7E7D7D,
7C7C7D7E,
7F808081,
807F7D7C,
7C7D7F80,
7C7C7C7C,
7C7C7C7C,
7A7A7979,
78777776,
72727272,
72737373,
7271706F,
6D6C6B6A,
6E6F7072,
767B7F81,
8687898B,
8D8F9192,
8E8E8F90,
90919292,
92939394,
95959696,
9A9A9A9A,
9A9A9A9A,
9A9A9998,
98979696,
99989897,
96959494,
96969595,
94939392,
94949393,
92919190,
9493908D,
8C8B8B8C,
8C8C8C8C,
8C8C8C8C,
8E8E8E8E,
8E8E8E8E,
8A8D908D,
898A9096,
B5BECAD3,
D7D8DBDD,
E0DFDEE1,
E4E4E0DC,
DAD2C7B5,
967A737A,
6F614E3C,
322D2A29,
2B2A292C,
30322F2C,
34343332,
33353738,
36393A38,
34323336,
32323231,
302F2F2F,
35363738,
3734312F,
302F2D2C,
2C2D2F30,
9D9E9E9F,
A1A2A2A3,
A6A7A8AA,
AAA9A8A7,
9F9E9B98,
94908E8C,
7E7E7F81,
84878B8D,
93969BA0,
A3A4A3A2,
A6A6A5A4,
A4A3A2A2,
A4A4A4A3,
A09D9A99,
94908A86,
81786D65,
5D57514F,
53575858,
5C5D5E5F,
61626364,
64646464,
64646464,
64646566,
66676868,
6A696868,
696A6C6E,
6E6F7275,
77777777,
74767879,
7A7A7978,
7878797A,
7A7B7C7C,
7B7C7C7D,
7F808081,
797A7B7D,
7F818283,
83828281,
7F7E7E7D,
7E7F8182,
82817F7E,
807F7F7E,
7D7D7C7C,
80808080,
80808080,
81807E7D,
7C7C7D7E,
83848587,
8B8F9395,
85888C91,
96999A9B,
8E91928F,
8B8E979F,
96989A9C,
9E9E9E9E,
9C999CA6,
AAA6A7AE,
AAABAFB8,
BEBCB1A8,
B6B1ADAE,
B3B4AFAA,
ACB2B6B5,
B1B0B5BA,
B6BABEBD,
BABCC3CA,
B8BEC7CA,
C5B7A79D,
72727373,
74757576,
7375787B,
7C7D7D7D,
7B7B7C7D,
7E808081,
807F7D7C,
7C7D7F80,
7C7C7C7C,
7C7C7C7C,
7A7A7978,
78777676,
71717172,
72727373,
7271706F,
6D6C6B6A,
6E6F7072,
767B7F81,
8687898B,
8D8F9192,
8E8E8F90,
90919292,
92929394,
94959696,
9A9A9A9A,
9A9A9A9A,
9B9A9A99,
97969695,
99989896,
95949393,
96969594,
94939292,
94949392,
92919090,
9493908D,
8B8B8B8B,
8C8C8C8C,
8C8C8C8C,
8E8E8E8E,
8E8E8E8E,
8A8C8D8D,
8A898B8D,
B1BBC8D2,
D7D9DCDE,
E1DFDEE0,
E3E3E0DC,
DBD8D3C2,
A180757A,
69573F2F,
2A2B2B29,
2928292D,
33353431,
36353534,
3537393A,
37393A38,
34323335,
32313130,
2F2F2E2E,
38393B3B,
3935312E,
302F2D2C,
2C2D2F30,
9F9F9FA0,
A0A0A1A1,
ABABACAB,
A9A6A3A2,
A2A09C97,
928D8987,
817F7D7C,
7E83898D,
95979A9E,
A1A3A4A4,
A6A6A6A6,
A6A6A6A6,
A6A6A6A5,
A29F9C9B,
96918C86,
80776C63,
5956514D,
4D4F5255,
595B5F62,
64646261,
6A696867,
65646363,
5F616467,
68666463,
67686A6B,
6C6C6B6A,
6F707273,
74747372,
78787878,
78787878,
7C7C7C7C,
7C7C7C7C,
7C7C7C7C,
7C7C7C7C,
7C7C7C7C,
7C7C7C7C,
7E7E7E7E,
7E7E7E7E,
817F7C7D,
80838383,
79818077,
7882837A,
8383827D,
79787D81,
8A8A8987,
85848382,
787F8A94,
9897928E,
8B8D9091,
91908D8B,
999D8F88,
989994A0,
8B8D9094,
989C9FA0,
A3A19E9C,
9EA2A7AB,
9BA5B1B5,
B2B0B3B8,
ABB3B9B5,
ACAAB3BD,
BEB1A6A8,
B5BEBBB5,
ABB2BCC4,
C6C0B8B2,
C0C5CBCB,
C7C2BFBE,
AA977F70,
6F737676,
82776D6F,
7A817E78,
7E7E7F80,
807E7D7C,
7D7A787A,
7E807E7C,
7C7C7C7C,
7C7C7C7C,
78787776,
76757474,
6F717274,
74737271,
706F6E6D,
6B6A6968,
6E6F7072,
767B7F81,
87888B8E,
91929292,
94949392,
92919090,
8E909293,
94949392,
99999998,
98989797,
97989898,
97959391,
97979695,
94929291,
90909192,
92939494,
92929190,
908F8E8E,
8E8E8E8E,
8E8E8E8E,
8C8C8C8C,
8C8C8C8C,
8E8E8E8E,
8E8E8E8E,
8C8C8B8A,
8A898888,
95AAC4D1,
D2D2DAE3,
DFE0E0E2,
E3E4E4E5,
DAD7D6D0,
BA967768,
493E312A,
2B2E2E2C,
2728292B,
2D2F3031,
36363636,
36363636,
39383737,
36353434,
33312F2E,
2F323538,
3635322F,
2D2C2C2D,
2928292D,
31312D28,
9F9FA0A0,
A1A1A2A2,
ABABABAA,
A8A5A2A1,
9E9C9893,
8D888482,
7D7C7B7B,
7F858B8E,
95979B9E,
A1A3A4A4,
A6A6A6A6,
A6A6A6A6,
A6A6A6A5,
A29F9C9B,
96918C86,
80776C63,
5956514D,
4D4F5255,
56585C5E,
60605F5E,
65656566,
66666667,
5F616466,
67666563,
6667696B,
6C6C6B6A,
6E6F7173,
74747372,
78787878,
78787878,
7C7C7C7C,
7C7C7C7C,
7C7C7C7C,
7C7C7C7C,
7C7C7C7C,
7C7C7C7C,
7E7E7E7E,
7E7E7E7E,
86848281,
81807F7D,
84868178,
7B848278,
7D808384,
84868C91,
9A97938D,
87827D7B,
7C828A90,
93918D8A,
8D8E9192,
92918E8D,
8B98918D,
99958D98,
96969798,
999A9B9B,
9A9A9999,
9B9FA2A4,
A2A4A9AF,
B3B4B2AF,
ABB0B5B4,
AFADB2B7,
99ACC1C7,
BEB3B1B3,
BAB9B8B7,
B9BCC0C2,
C1C5C9C9,
C5C1C0C1,
BDB09982,
716C7075,
7676777A,
7D7E7C7A,
7C7D7E7F,
7F7E7C7B,
7C7A787A,
7E807E7B,
7C7C7C7C,
7C7C7C7C,
78787776,
76757474,
70717273,
73737271,
706F6E6D,
6B6A6968,
6E6F7072,
767B7F81,
87888B8E,
91929292,
94949392,
92919090,
8E909293,
94949392,
97979798,
98989898,
97979898,
97959392,
95959494,
94939393,
90909191,
92939394,
92929190,
908F8E8E,
8E8E8E8E,
8E8E8E8E,
8C8C8C8C,
8C8C8C8C,
8E8E8E8E,
8E8E8E8E,
8C8C8B8B,
8A898988,
92A4BBCC,
D2D5DBE0,
DEDFE0E1,
E2E4E5E5,
E2E2DED6,
C5A77E5E,
41392F2A,
2B2D2D2B,
292A2A2C,
2D2E2F2F,
36363636,
36363636,
34353535,
36373737,
36343230,
2F303233,
37353330,
2E2E2E2E,
2B2A292C,
30312E2B,
9FA0A0A1,
A2A3A3A4,
ABABAAA9,
A7A4A19F,
9A98948E,
88827D7B,
7676777A,
80878D91,
96989B9F,
A2A4A5A5,
A6A6A6A6,
A6A6A6A6,
A6A6A6A5,
A29F9C9B,
96918C86,
80776C63,
5956514D,
4D4F5255,
585A5C5F,
60616060,
61626364,
66676969,
60626465,
66666564,
6667696A,
6B6B6A69,
6E6F7172,
73737271,
77777777,
77777777,
7B7B7B7B,
7B7B7B7B,
7C7C7C7C,
7C7C7C7C,
7C7C7C7C,
7C7C7C7C,
7E7E7E7E,
7E7E7E7E,
83848484,
82807E7D,
827E7773,
7B837C6E,
82878D90,
90929599,
93908B85,
7E787371,
8083878A,
8C8B8987,
8D8E9091,
91908E8D,
82979896,
9D938A97,
99999A9A,
9B9B9C9C,
9C9EA1A4,
A6A8A9A9,
A8A4A2A9,
B2B5AEA5,
AAADB1B3,
B3B2B0AF,
A7B1BAB8,
B0AFB9C5,
BFBCB8B6,
B8BDC3C7,
C2C5C7C5,
C1C0C1C4,
C7C6BDA6,
8A746C6C,
68727C80,
7E7A797B,
7A7B7C7D,
7D7C7B7A,
7C797779,
7D7F7D7B,
7B7B7B7B,
7B7B7B7B,
78787776,
76757474,
70717273,
7372706F,
6F6E6D6C,
6A696867,
6E6F7072,
767B7F81,
87888B8E,
91929292,
94949392,
92919090,
8E909293,
94949392,
94959597,
98999A9A,
96979898,
97969493,
92929293,
93949494,
8F909091,
92929393,
92929190,
908F8E8E,
8E8E8E8E,
8E8E8E8E,
8C8C8C8C,
8C8C8C8C,
8E8E8E8E,
8E8E8E8E,
8D8C8C8B,
8A8A8989,
8D9AADC1,
D0D8DBDB,
DDDEDFE0,
E2E3E5E5,
E7E9E3D9,
D1B9824B,
36312C2B,
2C2D2B29,
2C2C2C2D,
2D2D2D2E,
36363636,
36363636,
31323334,
36373839,
38363331,
2F2F3030,
37363331,
302F3030,
302C292A,
2E31302F,
A0A0A1A3,
A4A5A6A6,
AAAAA9A8,
A5A19E9C,
9996918B,
847D7875,
6F707379,
80888F93,
96989CA0,
A3A5A5A6,
A6A6A6A6,
A6A6A6A6,
A6A6A6A5,
A29F9C9B,
96918C86,
80776C63,
5956514D,
4D4F5255,
5F5F6163,
64656666,
62626364,
65666667,
61626364,
65656565,
6566686A,
6A6A6969,
6D6E7072,
72727171,
76767676,
76767676,
7A7A7A7A,
7A7A7A7A,
7C7C7C7C,
7C7C7C7C,
7C7C7C7C,
7C7C7C7C,
7E7E7E7E,
7E7E7E7E,
7A7E8182,
817F7F7F,
7D77757D,
8C918576,
92969B9B,
97939292,
81807E7D,
7A787776,
7F808284,
86888989,
8A8B8B8C,
8C8B8B8A,
859C9F9B,
9E948E9F,
91929598,
9B9EA0A2,
9CA0A5AB,
AEAEACAB,
A8A5A4A8,
ADAEA9A4,
ABABAEB2,
B6B5AFAA,
BFB1A4A6,
B4C0C1BE,
B6B9BEC2,
C3C2C0BE,
C2C4C5C2,
BFBFC2C6,
C1C9CFC8,
B1947B6D,
676C7377,
79797878,
7677797B,
7B7B7A79,
7B787778,
7C7E7D7A,
7A7A7A7A,
7A7A7A7A,
78787776,
76757474,
70717272,
72706F6D,
6E6E6D6B,
6A686767,
6E6F7072,
767B7F81,
87888B8E,
91929292,
94949392,
92919090,
8E909293,
94949392,
92929495,
97999B9B,
95969798,
98969594,
8F909192,
93949595,
8E8F8F90,
91919292,
92929190,
908F8E8E,
8E8E8E8E,
8E8E8E8E,
8C8C8C8C,
8C8C8C8C,
8E8E8E8E,
8E8E8E8E,
8E8D8D8C,
8B8B8A8A,
8A909EB4,
CAD7D9D6,
DBDCDDDF,
E1E3E5E6,
E5E8E2DA,
D8C3803A,
2A2A2A2B,
2C2C2A28,
2F2E2E2E,
2D2D2D2D,
36363636,
36363636,
33343434,
35353535,
34333232,
31313132,
37353332,
31313132,
332E2A2A,
2E323332,
A0A1A2A4,
A6A7A9A9,
AAA9A9A6,
A39F9C99,
99969089,
81797471,
686B7078,
81899094,
97999DA1,
A4A5A6A6,
A6A6A6A6,
A6A6A6A6,
A6A6A6A5,
A29F9C9B,
96918C86,
80776C63,
5956514D,
4D4F5255,
5F5F6061,
62646667,
66666564,
63626261,
63636363,
64656667,
64656769,
6A696968,
6C6D6F71,
72717170,
76767676,
76767676,
7A7A7A7A,
7A7A7A7A,
7C7C7C7C,
7C7C7C7C,
7C7C7C7C,
7C7C7C7C,
7E7E7E7E,
7E7E7E7E,
797E8180,
7B787A7D,
7F7B8094,
A7AA9D8F,
999C9F9C,
958F8C8B,
7E7F7F80,
80818182,
7A7B7D80,
84888C8E,
86858584,
84858586,
8B9D9B92,
968F8FA4,
90919395,
989B9D9E,
9599A0A5,
A8A7A4A1,
A3A7ACAB,
A6A4A6AA,
ABACAEB3,
B7B6B0AB,
ACAAAEBC,
C9C9B9A8,
B6B9BEC2,
C3C2C0BE,
C0C2C3C1,
BEBEC2C6,
C2C4C8CB,
C6B59E8C,
78706869,
72787773,
73747678,
79797878,
7A777678,
7C7D7C79,
7A7A7A7A,
7A7A7A7A,
78787776,
76757474,
70717272,
716F6D6B,
6D6D6C6A,
69676666,
6E6F7072,
767B7F81,
87888B8E,
91929292,
94949392,
92919090,
8E909293,
94949392,
91919395,
97989A9A,
94959698,
98979695,
8F8F9091,
92939495,
8E8E8F8F,
90919192,
92929190,
908F8E8E,
8E8E8E8E,
8E8E8E8E,
8C8C8C8C,
8C8C8C8C,
8E8E8E8E,
8E8E8E8E,
8E8E8D8D,
8C8B8B8A,
898A93A7,
BFD0D4D3,
D9DADCDE,
E1E3E5E6,
E7E7E2DD,
DABF7935,
24262A2B,
2B2A2A29,
2F2F2F2F,
2E2E2E2D,
36363636,
36363636,
38383635,
3331302F,
2D2E3032,
34353636,
35343231,
30303132,
35302C2B,
2F333434,
A1A2A3A5,
A7A9ABAC,
A9A9A8A5,
A19D9997,
98948E86,
7D756E6B,
64686F77,
80898F93,
989A9EA1,
A4A6A7A7,
A6A6A6A6,
A6A6A6A6,
A6A6A6A5,
A29F9C9B,
96918C86,
80776C63,
5956514D,
4D4F5255,
5A595959,
5A5D6061,
67666564,
62615F5F,
64636262,
63646668,
63656668,
69696867,
6B6D6E70,
7171706F,
75757575,
75757575,
79797979,
79797979,
7C7C7C7C,
7C7C7C7C,
7C7C7C7C,
7C7C7C7C,
7E7E7E7E,
7E7E7E7E,
7F83847F,
7773787E,
7E798095,
A6A69D98,
90939593,
8E89898A,
7F7E7E7D,
7C7B7B7A,
77797C80,
85898D8E,
8382807F,
7F808283,
8B988E84,
8B898B9F,
97979696,
95959494,
9A9DA2A6,
A8A6A3A1,
A1A9AEAB,
A4A1A7AF,
ADAFB3B5,
B5B4B2B2,
A7B5C1C0,
B6B1B6BF,
BFBCB8B6,
B8BDC3C7,
BDC0C3C2,
C0BFC2C5,
CBC3BCBE,
C4C6BFB7,
9785716B,
7176746E,
6F717375,
77777776,
79777577,
7B7D7B78,
79797979,
79797979,
78787776,
76757474,
71717271,
706D6B6A,
6D6C6B6A,
68676665,
6E6F7072,
767B7F81,
87888B8E,
91929292,
94949392,
92919090,
8E909293,
94949392,
92929394,
95979798,
93949697,
98989796,
90909091,
91929292,
8D8D8E8E,
8F909091,
92929190,
908F8E8E,
8E8E8E8E,
8E8E8E8E,
8C8C8C8C,
8C8C8C8C,
8E8E8E8E,
8E8E8E8E,
8F8F8E8E,
8D8C8C8B,
8B898D9B,
B0C2CDD0,
D7D9DBDD,
E0E3E5E6,
ECE6E3E2,
D4A86633,
22262A2B,
29282A2C,
2E2F2F2F,
2F303030,
36363636,
36363636,
3A393734,
312E2C2B,
292B2E32,
35373838,
32312F2E,
2E2F3031,
34312E2F,
33363533,
A1A2A4A6,
A9ABADAE,
A9A8A7A4,
A09B9795,
94908981,
776E6864,
62666E77,
80888E91,
989B9EA2,
A5A7A8A8,
A6A6A6A6,
A6A6A6A6,
A6A6A6A5,
A29F9C9B,
96918C86,
80776C63,
5956514D,
4D4F5255,
58575656,
575A5D60,
63636362,
62626261,
65636261,
62646769,
63646668,
68686767,
6B6C6E70,
70706F6F,
74747474,
74747474,
78787878,
78787878,
7C7C7C7C,
7C7C7C7C,
7C7C7C7C,
7C7C7C7C,
7E7E7E7E,
7E7E7E7E,
7C80827E,
787A8590,
82787884,
8C8A8A90,
888A8A86,
81808285,
7B7B7A78,
77757474,
797B7F84,
87898A8A,
83827F7E,
7E7F8283,
8C93877F,
8B8A8998,
9A9A9998,
97969595,
A2A4A6A8,
A8A6A4A2,
A6A8A9A8,
A8A9ACAE,
AEB4B9B7,
B2B1B5BB,
BABEBDB2,
A7AABACB,
BAB9B8B7,
B9BCC0C2,
B8BDC3C4,
C2C0C0C2,
C6C4C2C2,
C5C7C7C7,
B7A7917F,
76726E6B,
6D6E7173,
75767675,
79767476,
7A7C7A78,
78787878,
78787878,
78787776,
76757474,
71717171,
6F6C6A68,
6C6B6A69,
67666564,
6E6F7072,
767B7F81,
87888B8E,
91929292,
94949392,
92919090,
8E909293,
94949392,
94949494,
94959595,
92939597,
98989797,
91919190,
90908F8F,
8C8D8D8E,
8F8F9090,
92929190,
908F8E8E,
8E8E8E8E,
8E8E8E8E,
8C8C8C8C,
8C8C8C8C,
8E8E8E8E,
8E8E8E8E,
908F8F8E,
8D8D8C8C,
8E8C8B92,
A1B5C5CF,
D6D7DADD,
E0E3E5E6,
EFE0DDDE,
C0804529,
25292C2B,
27262A2F,
2D2D2E2F,
30323233,
36363636,
36363636,
37373533,
312F2E2D,
2A2D3034,
36363534,
2E2E2C2C,
2C2D2E2F,
33313033,
37383532,
A1A2A4A7,
A9ACAEAF,
A9A8A6A4,
9F9B9694,
908D867C,
7369625F,
61666E77,
80878D8F,
999B9EA2,
A5A7A8A8,
A6A6A6A6,
A6A6A6A6,
A6A6A6A5,
A29F9C9B,
96918C86,
80776C63,
5956514D,
4D4F5255,
5B5A5858,
595D6063,
5E5F6061,
63646565,
65646260,
61646769,
62646667,
68686766,
6A6C6E6F,
70706F6E,
74747474,
74747474,
78787878,
78787878,
7C7C7C7C,
7C7C7C7C,
7C7C7C7C,
7C7C7C7C,
7E7E7E7E,
7E7E7E7E,
71787C7C,
7C8598A8,
91827A7D,
7D79808E,
8887847E,
7876797C,
7E7E7E7E,
7E7F7F7F,
7C7F8387,
88888685,
8583807F,
7F808385,
8E948782,
92918B95,
95969799,
9B9D9E9F,
9E9E9F9F,
9E9D9B9A,
ADA6A1A5,
ADB2AFAB,
AFB7BDB9,
B0AFB7C1,
BAB4B3BC,
C6C4B5A5,
ABB2BCC4,
C6C0B8B2,
B6BCC3C6,
C4C1C0C0,
B8C4D2D5,
CEC5C0BF,
CBC1AE95,
7D6E6A6A,
6B6D7072,
74757575,
78767476,
7A7C7A77,
78787878,
78787878,
78787776,
76757474,
71717170,
6F6C6967,
6C6B6A69,
67666564,
6E6F7072,
767B7F81,
87888B8E,
91929292,
94949392,
92919090,
8E909293,
94949392,
95959494,
94939393,
91939597,
98989897,
93929290,
8F8E8D8D,
8C8C8D8E,
8E8F9090,
92929190,
908F8E8E,
8E8E8E8E,
8E8E8E8E,
8C8C8C8C,
8C8C8C8C,
8E8E8E8E,
8E8E8E8E,
90908F8E,
8E8D8C8C,
918E8B8D,
98ACC1CF,
D5D7D9DC,
E0E3E5E7,
ECD8D4D6,
AD5F281C,
272B2D2B,
26252B31,
2B2C2D2F,
31333435,
36363636,
36363636,
33333332,
32313131,
2D303335,
35343230,
2C2B2A2A,
2A2C2D2E,
31313236,
3A393530,
A3A4A7AA,
ADAEAEAE,
AFA9A39F,
9E9D9995,
88847D73,
69605955,
59626E79,
81889095,
9A9DA1A4,
A6A6A5A3,
A8A8A7A6,
A6A5A4A4,
A6A6A6A5,
A3A09D9B,
97928C87,
80776B63,
56524C48,
474A4F53,
56575859,
5B5C5D5E,
5E5F5F60,
61616262,
62636566,
66656362,
66666666,
66666666,
696C6D6C,
696A6E72,
71727274,
75767777,
74747576,
76777878,
7A7A7A7A,
7A7A7A7A,
7C7C7C7C,
7C7C7C7C,
7C7C7C7C,
7C7C7C7C,
7D7A7B7E,
7F88A7C6,
7F78767B,
7B777A82,
8181807F,
7E7C7C7B,
7B7A7978,
797A7C7D,
7D81868B,
8C8B8785,
857F797B,
848B8E8D,
8F8D8A88,
898B8E91,
8F93958F,
888A97A3,
989EA3A3,
9D969290,
AAA29D9F,
AAB3B6B5,
A4A9B1B9,
BEC0BFBE,
B9BEC3C2,
BCB6B2B0,
BEBDBBBB,
BCBFC3C5,
BFBDBAB8,
BABEC3C7,
C4C4C4C4,
C4C4C4C4,
C5C6C1B0,
97827775,
636C7577,
726E7175,
74757576,
77777878,
77777776,
76767575,
76767574,
74737272,
72727170,
706F6E6E,
6A6B6B6A,
69676463,
686C7072,
73777E83,
85878A8E,
91939494,
96969594,
94939292,
8F8F8F90,
90919191,
96969595,
94939392,
92949799,
9A989694,
96918D8B,
8D8E8C89,
8C8C8D8E,
8E8F9090,
90919292,
91908E8C,
8E8E8E8E,
8E8E8E8E,
8C8A888A,
8E908E8B,
8C8C8D8E,
8E8F9090,
9493918F,
8D8B8988,
8A8E908E,
909EB6C9,
CDCFD8E2,
E7E6E5E6,
E5D8CFB7,
762F1D34,
2A2A2A2A,
2A2A2A2A,
2F2F3031,
33343535,
33323131,
33353738,
3534312E,
2C2A2A2A,
2B2D3134,
36363433,
2B2A2928,
28292A2B,
32343637,
37353331,
A3A5A8AB,
ADADADAD,
ADA8A29F,
9D9B9793,
8A857C71,
665C5652,
59626F79,
81888F94,
9A9CA0A4,
A6A6A5A4,
A8A8A7A6,
A6A5A4A4,
A6A6A6A5,
A29F9C9A,
96928C86,
80776B63,
56524C48,
474A4F53,
56575859,
5B5C5D5E,
5D5E5E5F,
60606161,
62636566,
66656362,
66666666,
66666666,
696C6D6C,
696A6E72,
71727273,
74757676,
74747576,
76777878,
7C7C7C7C,
7C7C7C7C,
7C7C7C7C,
7C7C7C7C,
7C7C7C7C,
7C7C7C7C,
79837F74,
84A3A794,
6C6A6F7B,
7E79787D,
7E7D7D7C,
7B7A7979,
7C7B7A79,
78797A7B,
7E808487,
89888786,
8B847D7C,
81858584,
8A898888,
88898A8B,
8D929490,
8A8B95A0,
979A9D9C,
99989A9C,
959BA6B1,
B5B0A399,
ABAEB3B7,
BABBBBBB,
C1BDB6AF,
ACB3C0CB,
B1B6BDC2,
C2BCB5AF,
BDBCBBBA,
BCBFC3C5,
C4C4C4C4,
C4C4C4C4,
C1C4C6C4,
B9A69081,
6A676565,
686B6D6D,
73737475,
75767777,
76767676,
75757575,
76757574,
73737272,
72717170,
6F6F6E6E,
6A6B6B6A,
69676463,
686C7072,
73777E83,
85878B8E,
91939494,
96969595,
94939392,
8F909090,
90909091,
93939291,
91908F8F,
91939698,
99979694,
96928D8C,
8D8E8C8A,
8C8C8D8E,
8E8F9090,
90919292,
91908E8C,
8E8E8E8E,
8E8E8E8E,
8D8A888A,
8E908E8C,
8C8D8D8E,
8F8F9090,
9291908F,
8E8C8B8B,
8C90918F,
8E97A9B8,
D1D4DBE4,
E7E5E3E2,
DCD2B789,
532C2127,
2A2A2A2A,
2A2A2A2A,
2B2C2E31,
33363839,
32333435,
35363737,
34322E2B,
2A2A2B2D,
2E2F3234,
35343231,
2E2D2C2B,
2C2D2F30,
30323333,
312E2A27,
A5A7A9AB,
ACADACAC,
ABA6A19D,
9C99938F,
8A84796C,
6057514E,
5A636F7A,
81888F94,
999CA0A4,
A6A7A6A5,
A8A8A7A6,
A6A5A4A4,
A5A5A5A4,
A29F9C9A,
95908B85,
80766B63,
56524C48,
474A4F53,
56575859,
5B5C5D5E,
5D5D5E5E,
5F606061,
62636566,
66656362,
66666666,
66666666,
696C6D6C,
696A6E72,
72727273,
74747575,
74747576,
76777878,
7E7E7E7E,
7E7E7E7E,
7C7C7C7C,
7C7C7C7C,
7C7C7C7C,
7C7C7C7C,
7289816F,
91C5AE6A,
595B6879,
807A7679,
7A7A7A79,
78787777,
7F7D7B79,
78787879,
7F808183,
84858687,
87827D7C,
7F828382,
86868788,
88878685,
8A8F9391,
8C8C939B,
93959797,
979AA1A7,
ADAFAFAD,
AAA9ABAE,
B2B3B4B5,
B6B7B8B8,
ACB3BBBF,
BEBCBBBB,
B4B8BDC0,
BFB9B1AC,
BBBCBDBE,
BFC1C2C3,
C4C4C4C4,
C4C4C4C4,
C3C1C3C9,
CCC3B09F,
8072615C,
61696B69,
71717272,
73747475,
74747474,
74747575,
75757474,
73727271,
71717070,
6F6E6E6D,
6A6B6B6A,
69676463,
686C7072,
73777E83,
86888B8F,
92949595,
97969695,
94949393,
90909090,
90909090,
90908F8E,
8E8D8C8C,
90929496,
97969595,
97928E8C,
8E8F8D8A,
8C8C8D8E,
8E8F9090,
90919292,
91908E8C,
8E8E8E8E,
8E8E8E8E,
8D8B898B,
8F918F8C,
8D8D8E8E,
8F909091,
8F8F8F8F,
8F8F8E8E,
8F929490,
8D909AA4,
CBD2DAE0,
E3E2DDD9,
CFBF9054,
302B2920,
2B2B2B2B,
2B2B2B2B,
282A2D30,
34373A3C,
31333639,
3A383635,
322F2B28,
282A2E31,
32333434,
3432302F,
302F2F2F,
30323435,
34353533,
2F29231F,
A7A8AAAB,
ACABAAA9,
A8A49F9C,
9A968F89,
88817465,
59514D4B,
5B64707A,
81878E92,
989B9FA4,
A7A7A7A6,
A8A8A7A6,
A6A5A4A4,
A4A5A4A3,
A19E9B99,
938F8984,
7F766B63,
56524C48,
474A4F53,
56575859,
5B5C5D5E,
5D5D5E5E,
5F606061,
62636566,
66656362,
66666666,
66666666,
696C6D6C,
696A6E72,
72727272,
73737373,
74747576,
76777878,
7C7C7C7C,
7C7C7C7C,
7C7C7C7C,
7C7C7C7C,
7C7C7C7C,
7C7C7C7C,
71837D74,
9DCDAE64,
585A6576,
7D787579,
7A7A7979,
79797978,
807F7C79,
77777777,
807F7F7F,
81838687,
7B7A7A7B,
80848789,
8587898B,
8A888482,
888C9090,
8E8D9196,
8F939798,
999CA2A7,
B7B7B4AC,
A5A7B3BE,
B4B3B2B2,
B3B5B7B9,
A7B3C2CA,
C6BCB1AA,
C3C0BBB7,
B6B8BCBF,
BABCBEC1,
C2C2C2C2,
C4C4C4C4,
C4C4C4C4,
C5C0BCBD,
C1C4C2BF,
A3927B6A,
6466696A,
6E6E6F6F,
70717172,
71727273,
73747474,
74747373,
72717170,
70706F6F,
6E6D6D6C,
6A6B6B6A,
69676463,
686C7072,
73777E83,
86888C90,
93959596,
98979796,
95959494,
91919190,
908F8F8F,
8F8F8F8E,
8D8C8C8C,
8F909193,
94959595,
97938E8D,
8F908E8B,
8C8C8D8E,
8E8F9090,
90919292,
91908E8C,
8E8E8E8E,
8E8E8E8E,
8E8B8A8C,
9091908D,
8E8E8F8F,
90919192,
8D8E8E8F,
90919292,
90939594,
908F9398,
BAC7D3D9,
DDDED7CE,
BA976236,
262A2C28,
2C2C2C2C,
2C2C2C2C,
2B2C2E31,
33363839,
3134383C,
3C393532,
302D2927,
282C3135,
36353533,
32302E2D,
2F2F2F30,
31343738,
3C3B3934,
2F28221F,
A9AAABAC,
ABAAA8A7,
A4A19C9A,
97928A84,
827A6C5D,
524D4C4C,
5C65707A,
81868D91,
979A9FA4,
A7A8A8A7,
A8A8A7A6,
A6A5A4A4,
A4A4A4A2,
A09D9A98,
918D8883,
7E766B64,
56524C48,
474A4F53,
56575859,
5B5C5D5E,
5F5F5F60,
61626262,
62636566,
66656362,
66666666,
66666666,
696C6D6C,
696A6E72,
72727272,
71717171,
74747576,
76777878,
78787878,
78787878,
7C7C7C7C,
7C7C7C7C,
7C7C7C7C,
7C7C7C7C,
797A777D,
98AA936C,
68646873,
7874767D,
7A7A7B7B,
7B7B7B7C,
807F7C79,
77777777,
807F7F7F,
81838687,
787A7C7E,
80838689,
888A8C8D,
8C898583,
888A8D8E,
8D8E9092,
8C929A9F,
9E9D9E9F,
97A5B4BA,
B5ADA8A7,
B0B0B0B1,
B3B6B9BA,
BCBBB9B4,
B0B2B9BF,
C1BDB8B5,
B6BBC1C5,
BBBCBFC1,
C3C3C3C2,
C4C4C4C4,
C4C4C4C4,
BEC0C1BE,
BBBDC5CC,
BEB4A187,
70656569,
6A6B6B6C,
6D6D6E6E,
6F6F7071,
72737374,
74737372,
71717070,
706F6F6E,
6D6D6C6C,
6A6B6B6A,
69676463,
686C7072,
73777E83,
87898D91,
94959696,
98989797,
96959594,
92929190,
908F8E8E,
9090908F,
8E8D8D8D,
8D8E8E90,
91939596,
98948F8E,
90908E8C,
8C8C8D8E,
8E8F9090,
90919292,
91908E8C,
8E8E8E8E,
8E8E8E8E,
8F8C8B8C,
9092918E,
8E8F8F90,
91919292,
8D8D8E90,
91929394,
8F929697,
96959697,
ABBECFD5,
D8D9CDBC,
9461362E,
2D252633,
2C2C2C2C,
2C2C2C2C,
31313132,
32333333,
3134383B,
3B383330,
2F2D2B29,
2B2F3336,
38373532,
302F2E2D,
2D2D2D2F,
3235383A,
3F3B352E,
2823201F,
ACACADAC,
ABA9A7A5,
A19E9A98,
958F867F,
79706255,
4D4B4E51,
5D66717A,
80868C90,
95999EA3,
A7A9A9A8,
A8A8A7A6,
A6A5A4A4,
A3A3A3A2,
9F9C9997,
8F8B8682,
7E766C64,
56524C48,
474A4F53,
56575859,
5B5C5D5E,
61626263,
64646565,
62636566,
66656362,
66666666,
66666666,
696C6D6C,
696A6E72,
72727271,
70706F6F,
74747576,
76777878,
76767676,
76767676,
7C7C7C7C,
7C7C7C7C,
7C7C7C7C,
7C7C7C7C,
82797881,
857C716C,
776F6E73,
75727780,
7A7A7A7B,
7C7C7D7D,
7F7D7B79,
78787879,
7F808183,
84858687,
7F828483,
807F8083,
8B8C8C8B,
8A888684,
8A898989,
8A8D9091,
8B939CA1,
A09D9C9C,
A1A6ADB1,
B1B1B1B2,
AEAFB0B2,
B4B6B7B7,
AFB3B7B8,
B7B7BABE,
B2B5B9BD,
BFBEBCBA,
BEBEBFC0,
C2C3C5C5,
C4C4C4C4,
C4C4C4C4,
B6C1CCCE,
C7C1C3C7,
C8C6BCA5,
87706766,
67686869,
6A6A6B6B,
6C6D6E6F,
70727373,
73727271,
70706F6F,
6F6E6E6D,
6C6C6B6B,
6A6B6B6A,
69676463,
686C7072,
73777E83,
888A8E91,
94969797,
99999898,
97969695,
94939291,
8F8E8D8C,
90908F8E,
8E8D8C8C,
8C8C8C8D,
8F929597,
9995908F,
90918F8D,
8C8C8D8E,
8E8F9090,
90919292,
91908E8C,
8E8E8E8E,
8E8E8E8E,
908D8B8D,
9193918F,
8F909091,
92929393,
8E8F9091,
92939494,
90929597,
99999999,
A3BCCFD1,
CFC8B297,
61351F2D,
32212034,
2D2D2D2D,
2D2D2D2D,
34343332,
32313030,
32343637,
3734312F,
30302F30,
31333436,
39373431,
2F2F2F2F,
2C2C2D30,
33383B3E,
3B352B22,
1C1C1E20,
ADADADAD,
ABA8A5A3,
9F9C9997,
948D827A,
70675A4E,
494B5156,
5E66717A,
80858B8F,
95989EA3,
A7A9A9A9,
A8A8A7A6,
A6A5A4A4,
A2A2A2A1,
9F9C9997,
8E8A8582,
7D766C64,
56524C48,
474A4F53,
56575859,
5B5C5D5E,
65656566,
67686868,
62636566,
66656362,
66666666,
66666666,
696C6D6C,
696A6E72,
73727271,
706F6E6E,
74747576,
76777878,
78787878,
78787878,
7C7C7C7C,
7C7C7C7C,
7C7C7C7C,
7C7C7C7C,
82818382,
786B676B,
7B737176,
7673767F,
76777778,
797A7B7B,
7C7B7A79,
78797A7B,
7E808487,
89888786,
7F838786,
82808285,
8C8B8986,
84848484,
8C898584,
878C9092,
8C92999C,
9D9DA0A2,
B8B0A7A4,
A9B2BBC0,
AFB1B4B5,
B5B3B1AF,
A5AFBDC4,
C2BAB3AF,
B8BABDC0,
C0BEBCBA,
C1C0BEBE,
BFC3C6C9,
C4C4C4C4,
C4C4C4C4,
C0C4C9CB,
CAC8C6C6,
C8CAC9BE,
A98E7668,
65656667,
67686969,
6A6B6C6E,
6F717273,
72727171,
706F6F6E,
6E6E6D6D,
6C6B6B6A,
6A6B6B6A,
69676463,
686C7072,
73777E83,
888B8E92,
95979898,
9A999998,
97979696,
94949291,
8F8E8C8C,
8D8D8C8B,
8B8A8989,
8B8A8A8B,
8D919597,
9A95908F,
9192908D,
8C8C8D8E,
8E8F9090,
90919292,
91908E8C,
8E8E8E8E,
8E8E8E8E,
908E8C8E,
9294928F,
90909191,
92939394,
91919192,
92929393,
92929395,
98999998,
9DB9CBC5,
B8A7825D,
382A252D,
3029282F,
2E2E2E2E,
2E2E2E2E,
31323232,
32323233,
34333332,
31302F2F,
31323537,
37363433,
38363330,
2F2F3032,
2E2E3033,
373C4043,
3B32251A,
161A2228,
AEAEAEAD,
AAA7A4A3,
9D9B9896,
938B8078,
6B62554A,
474B545A,
5E67727A,
80858B8F,
94989DA3,
A7A9AAA9,
A8A8A7A6,
A6A5A4A4,
A2A2A2A1,
9E9B9897,
8D898581,
7D766C64,
56524C48,
474A4F53,
56575859,
5B5C5D5E,
67676768,
696A6A6A,
62636566,
66656362,
66666666,
66666666,
696C6D6C,
696A6E72,
73727270,
6F6E6D6D,
74747576,
76777878,
7A7A7A7A,
7A7A7A7A,
7C7C7C7C,
7C7C7C7C,
7C7C7C7C,
7C7C7C7C,
7C888D83,
7772716F,
78727278,
7975767D,
73737475,
76787879,
7B7A7978,
797A7C7D,
7D81868B,
8C8B8785,
777E8587,
8585898E,
8C898581,
7F808182,
8E898381,
858B9093,
8E919597,
989DA5AB,
A2A2A6AE,
B6B4AA9F,
B2B4B7B8,
B6B1ABA7,
C3C0B9B0,
AAACB3BA,
CFC9C1BA,
B9BDC4C8,
C3C1BEBC,
BEC2C7CB,
C4C4C4C4,
C4C4C4C4,
D1C6BBB9,
C0C9CCCC,
C8CACDCE,
C5AC896F,
64646565,
66676768,
696A6B6D,
6F717273,
72727170,
706F6E6E,
6E6E6D6C,
6C6B6A6A,
6A6B6B6A,
69676463,
686C7072,
73777E83,
898B8E92,
95979898,
9A9A9998,
98979696,
95949391,
8F8D8C8B,
8A898988,
87878686,
8A898989,
8C909598,
9A959190,
9192908E,
8C8C8D8E,
8E8F9090,
90919292,
91908E8C,
8E8E8E8E,
8E8E8E8E,
918E8C8E,
92949290,
90909192,
92939494,
92929292,
92929292,
95939193,
95979694,
97B4C4B7,
A2885A2D,
2431362F,
2E35352C,
2E2E2E2E,
2E2E2E2E,
2E2E3031,
33343636,
3433312E,
2D2D2E2F,
3234393B,
3B383431,
3735322F,
2E303233,
30313336,
3B404547,
3F342519,
161E2932,
B0B0AFAD,
AAA7A3A1,
9F9B9590,
8C867D77,
5B5A554E,
494A5056,
5F667079,
7F858C92,
999B9EA2,
A5A7A8A8,
A6A6A5A4,
A4A3A2A2,
A4A4A4A3,
A09D9A99,
928D8882,
7C73685F,
514E4A47,
474A4E51,
5657595B,
5D5F6162,
63626262,
63656769,
60656967,
615F6368,
62616060,
61626465,
6A6A6B6C,
6C6D6E6E,
6D6D6F71,
73757777,
75757574,
74737373,
7A797776,
7677797A,
77787879,
7B7C7C7D,
8C817675,
7B7E7A74,
71949B7C,
6873796D,
72757776,
73727477,
6B6D7073,
74757575,
7976777F,
88898279,
7F7E7E7E,
7F818384,
848C8B82,
828C8E86,
918D867F,
7C818B94,
8B8F9393,
918F9193,
96918D90,
999E9D99,
98A6B3B3,
A9A2A7AE,
B7B5B1AC,
AAB0BBC4,
BAB8B5B4,
B6BBC0C4,
BABBBDBF,
C1C3C5C6,
B2BCC6C9,
C7C3C3C6,
BEC2C8CC,
CBC6BFBA,
B7BCC1C4,
C5C8CDD2,
CBC8C8CD,
CFC5B19F,
7762585F,
66615D60,
5E666A67,
64676A6B,
73737271,
706F6E6D,
6C6B6968,
68696B6C,
6E6D6C6B,
69686766,
66696C6E,
70757E85,
868B9193,
9394979A,
94959697,
97969594,
96949293,
94938F8A,
8A8A8887,
86848383,
83838485,
888B8E90,
96979796,
9593908F,
90909090,
90909090,
94959594,
93918E8D,
8E8E8E8E,
8E8E8E8E,
8E8E8F90,
90919292,
90909192,
92939494,
90909192,
92939494,
8D919699,
9A9B9D9F,
9CA19E8B,
6B4A362E,
2A2C2E2D,
2B2A2C2E,
2D2E3031,
3231302F,
35353434,
34333333,
36373837,
34302B28,
3436393B,
3A37322F,
302E2D2C,
2E313537,
34394046,
47433E3A,
302E2B25,
1B1F3D5E,
AFAFAEAC,
A9A6A2A0,
9D98918C,
8780766F,
5857534D,
494A5056,
5F667079,
7F858C92,
999B9EA2,
A5A7A8A8,
A6A6A5A5,
A4A3A3A2,
A4A4A4A3,
A09D9A99,
928D8882,
7C73685F,
514E4A47,
474A4E51,
5657595B,
5D5F6162,
63636262,
63656768,
61656866,
62606367,
62616060,
61636566,
6A6A6B6C,
6C6D6E6E,
71717172,
72737373,
73737474,
74747575,
7A797776,
7677797A,
7878797A,
7A7B7C7C,
847F7A7A,
7C7E7B78,
959F9578,
686F756F,
72747675,
716F7174,
6C6E7073,
75757575,
7A7D8082,
807E7C7C,
8482807D,
7D7E8082,
848B8A82,
838C8D87,
85838181,
8386898B,
898D9191,
8F8D8F92,
8E8C8C91,
989EA0A1,
B7A69390,
9DAAAFAE,
9CA4AEB6,
BABCBFC2,
B9B8B6B6,
B8BBBFC1,
C3C2C2C0,
BFBEBDBD,
C7C7C4BF,
B9BBC2C9,
C9C6C2BE,
BEBFC3C5,
C7C9CBC9,
C5C2C4C6,
D0CBC7C9,
CDCABEB3,
98785C55,
5858595E,
5E636868,
67676969,
72727170,
6F6E6D6D,
6B6A6968,
68696A6B,
6E6D6C6B,
69686766,
66696C6E,
70757E85,
878C9295,
9595989B,
96979899,
99989796,
97949293,
95948F8A,
8A898886,
84828180,
80808182,
85898C8E,
95969696,
9593918F,
90909090,
90909090,
94959594,
93918E8D,
8E8E8E8E,
8E8E8E8E,
8E8E8F90,
90919292,
90909192,
92939494,
90919192,
93939494,
90929597,
98989A9B,
9D978870,
553E312D,
2B2C2D2D,
2B2B2C2D,
2C2D2F31,
32323231,
36363635,
35343433,
33333231,
2F2C2A28,
3033373A,
3A383533,
3836322F,
2E2F3132,
35394045,
45403934,
27222022,
26385D80,
AEADADAB,
A8A4A09E,
9B958E87,
80776D65,
5353514D,
494B5157,
5F667079,
7F858C92,
999B9EA2,
A5A7A8A8,
A7A6A6A5,
A4A4A3A3,
A4A4A4A3,
A09D9A99,
928D8882,
7C73685F,
524F4B48,
484B4F52,
5657595B,
5D5F6162,
64636262,
63646667,
62656765,
63616366,
63626161,
62636566,
6A6A6B6C,
6C6D6E6E,
74747372,
72717070,
71717273,
75767777,
7A797776,
7677797A,
7879797A,
7A7B7B7C,
7B7D7E7D,
7C7C7F83,
BDA68872,
6B6C7173,
71737572,
6E6C6D70,
6E6F7174,
75767575,
7C838782,
7873777E,
8985807C,
7A7C7F81,
84898883,
838A8C88,
817F8087,
8F918B84,
888B8E8E,
8B8B8D90,
8D8F9293,
94979CA1,
A49B959B,
A8ADA69C,
A2ABB5BA,
B9B5B3B2,
B7B7B8B9,
BBBCBDBE,
C4C3C2C0,
BEBCBBBA,
C8C7C3BE,
BABCC2C8,
C8C5C1BE,
BDBFC2C4,
BFC3C6C7,
C5C6C9CD,
CEC7C0C1,
C8CCCAC6,
BD9B786C,
6D6A635F,
5D5E6165,
68686767,
70706F6F,
6E6D6D6D,
6B6A6968,
68696A6B,
6D6C6B6A,
68676665,
66696C6E,
70757E85,
898E9497,
97979A9D,
98999A9B,
9B9A9998,
97959394,
95948F8B,
89888684,
817F7D7C,
7C7C7D7F,
82868A8C,
93949595,
95939190,
90909090,
90909090,
94959594,
93918E8D,
8E8E8E8E,
8E8E8E8E,
8E8E8F90,
90919292,
90909192,
92939494,
91919292,
93949495,
93939495,
96989899,
9B886A4E,
3B312D2B,
2C2C2C2C,
2C2C2C2C,
2A2C2F31,
33343434,
38383737,
36353434,
302F2D2B,
2929292A,
2E313438,
39393736,
38363330,
30313335,
373B4043,
4139312B,
241C1A25,
39567E9F,
ABABAAA8,
A5A29E9C,
9B948C83,
7B71655D,
5051504D,
4A4C5157,
5F667079,
7F858C92,
999B9EA2,
A5A7A8A8,
A8A7A7A6,
A5A5A4A4,
A4A4A4A3,
A09D9A99,
928D8882,
7C73685F,
52504C49,
494C5052,
5657595B,
5D5F6162,
65646362,
62646566,
63646565,
63636465,
63636262,
62646667,
6A6A6B6C,
6C6D6E6E,
72727272,
72727272,
6F707173,
75777879,
7A797776,
7677797A,
797A7A7A,
7A7A7A7B,
797D807B,
76798693,
C79C766E,
716E6F77,
6F727370,
6C696B6D,
6F717375,
76767574,
7F81827E,
7875797E,
87837E7B,
7A7D8285,
84858583,
85888B8A,
8B86858D,
97998E83,
87898B8A,
88888C8F,
94989A96,
8F8D9298,
8A9AABAE,
A59D9FA5,
B2B4B3B0,
ADADB1B5,
B6B7B9BB,
BCBCBBBB,
BCBDBDBE,
BFC0C0C1,
B5BBC2C7,
C9C7C4C2,
BEC2C8CB,
CBC5BFBA,
BABEC1C1,
C0C0C3C7,
C3BFBBBE,
C5CDCFCF,
D3BEABA7,
A99E8671,
615A585F,
66666567,
6D6D6D6D,
6D6C6C6C,
6A696867,
6768696A,
6C6C6B69,
68666565,
66696C6E,
70757E85,
8B909598,
98999C9F,
9A9B9D9E,
9E9D9B9A,
98969494,
9695908C,
88878481,
7E7B7977,
7A7A7B7E,
8185898C,
90919394,
94949292,
90909090,
90909090,
94959594,
93918E8D,
8E8E8E8E,
8E8E8E8E,
8E8E8F90,
90919292,
90909192,
92939494,
92929393,
94959596,
95949396,
999B9B99,
92775238,
2E2D2C2A,
2E2C2A2B,
2D2E2C2A,
292B2E32,
35363737,
3A393937,
36353433,
2F2D2A28,
292B2E30,
31333536,
37363433,
2D2C2C2D,
31363B3E,
3C3E4040,
3B332923,
281F2135,
516E8EA6,
A9A9A8A6,
A39F9C99,
9A938A81,
786C6058,
4F51514F,
4C4D5256,
5F667079,
7F858C92,
999B9EA2,
A5A7A8A8,
A8A8A7A7,
A6A5A5A4,
A4A4A4A3,
A09D9A99,
928D8882,
7C73685F,
53504C4A,
4A4C5053,
5657595B,
5D5F6162,
66656462,
62636465,
65646363,
65656463,
64636362,
63656768,
6A6A6B6C,
6C6D6E6E,
6E6E7071,
73747676,
6F707173,
75777879,
7A797776,
7677797A,
7B7A7A7A,
7A7A7A79,
7C7F7E77,
70788DA0,
B186686D,
77727077,
6D70716F,
6B696B6D,
71737476,
76767574,
7F7A7677,
7C807F7C,
807E7B7B,
7D818689,
84828284,
8686898D,
958D868A,
92948B81,
87898A88,
86878B90,
94989A96,
8E8C9096,
A1A5A49B,
9398ACBE,
A6A9ADAF,
B0B5BDC3,
B7B8BABC,
BCBCBABA,
BABBBCBD,
BEBFC0C1,
B7BAC0C6,
CAC9C5C1,
BFC4CACD,
CDC7C0BC,
C6C7C5BF,
B6B0AEAF,
BEBEC1C6,
CDD3D4D4,
E0D8D2D4,
DAD1B69C,
735F5258,
61616267,
6B6B6B6B,
6B6C6C6C,
69686766,
66676869,
6B6B6A68,
67656464,
66696C6E,
70757E85,
8B909598,
98999C9F,
9B9C9D9E,
9E9D9C9B,
99969495,
9796918D,
8785827E,
7A767372,
7778797C,
8085898B,
8D8E9193,
94949393,
90909090,
90909090,
94959594,
93918E8D,
8E8E8E8E,
8E8E8E8E,
8E8E8F90,
90919292,
90909192,
92939494,
92939394,
95959696,
96949499,
9FA09C97,
81674632,
2E2F2D29,
2F2B282A,
2E302D29,
2A2C2F33,
35373738,
3A3A3837,
35333231,
2F2E2C2B,
2D303437,
37373736,
34312F2E,
2A292A2C,
30363C3F,
4242403B,
352D2521,
2725304D,
6B8296A5,
A6A6A5A4,
A19D9997,
968F867C,
73685C53,
52545552,
4F4E5255,
5F667079,
7F858C92,
999B9EA2,
A5A7A8A8,
A9A9A8A8,
A7A6A6A5,
A4A4A4A3,
A09D9A99,
928D8882,
7C73685F,
54514D4A,
4A4D5154,
5657595B,
5D5F6162,
67666463,
62626364,
66636163,
65676562,
65646363,
64666769,
6A6A6B6C,
6C6D6E6E,
6C6D6F71,
73757778,
71717273,
75767777,
7A797776,
7677797A,
7C7B7B7A,
7A797978,
7F807D76,
727B91A3,
9076666E,
77736F72,
6B6E706F,
6C6B6E71,
73747677,
77767574,
7A747076,
8086827B,
7A7A7B7D,
80848789,
847E7E85,
8785888E,
928B8483,
8788847E,
898A8A88,
85878C92,
8E909292,
9193979B,
AA9F969A,
A8B2AFA9,
A5ADB7BC,
BBB8B5B5,
BABABABA,
BABABABA,
BEBEBEBD,
BDBCBCBB,
CCC6BEBB,
BDC1C3C4,
CBC8C3C0,
BFC1C4C7,
BCBEBFBC,
B8B5B6B8,
C5C9CED4,
D9DBDBDA,
E5E3DEDD,
E3E7DBCA,
98745756,
5B5A5D66,
68686969,
6A6B6B6B,
68676665,
65666768,
6B6A6968,
66656463,
66696C6E,
70757E85,
898E9497,
97979A9D,
9A9B9D9E,
9E9D9B9A,
9A979596,
9896928D,
8684817C,
77726E6C,
72737478,
7C818688,
8A8C8F91,
93949594,
90909090,
90909090,
94959594,
93918E8D,
8E8E8E8E,
8E8E8E8E,
8E8E8F90,
90919292,
90909192,
92939494,
93949495,
96969797,
9896979D,
A29F958B,
68553E30,
2F312E2A,
312B2729,
2F312D27,
2D2E3134,
36373737,
39383735,
33312F2E,
2D2D2E30,
3336393B,
3B393734,
312E2C2B,
31302F2F,
3135393B,
4A463F36,
2F292524,
272C4265,
82929EA9,
A5A5A4A2,
9F9B9895,
8F897F76,
6D62564E,
56585956,
52505255,
5F667079,
7F858C92,
999B9EA2,
A5A7A8A8,
AAA9A9A8,
A7A7A6A6,
A4A4A4A3,
A09D9A99,
928D8882,
7C73685F,
55524E4B,
4B4E5255,
5657595B,
5D5F6162,
68676563,
62626363,
67636062,
66686561,
65656464,
64666869,
6A6A6B6C,
6C6D6E6E,
6F707071,
73747475,
73737474,
74747575,
7A797776,
7677797A,
7C7C7B7A,
7A797878,
7D7E7E7B,
7B82909C,
7B757070,
706E6C6C,
696D7070,
6E6F7275,
75767777,
77767574,
7273777B,
7F817F7C,
787B7E81,
83848383,
837C7C85,
88838690,
88878685,
85848281,
8B8C8B88,
86888E94,
8F8D8C8E,
93979998,
9B989CA9,
B7B8AA9B,
B5BABEBE,
B9B3B0AF,
BEBCB9B7,
B7B8BBBD,
BABBBBBC,
BDBDBEBE,
CDC5BDBA,
BEC2C4C3,
C6C3BFBC,
BBBDC0C2,
ADB3BABF,
C3C8CFD5,
D0D3D7D9,
DADBDCDD,
DDE2E1DB,
DFE8E7DE,
C7946558,
58545763,
66666768,
696A6B6B,
68676665,
65666768,
6A696867,
65646362,
66696C6E,
70757E85,
878C9295,
9595989B,
999A9B9C,
9C9B9A99,
9A989697,
9897928E,
85837F7A,
746F6B69,
6A6B6D71,
757B8082,
888A8D91,
93959595,
90909090,
90909090,
94959594,
93918E8D,
8E8E8E8E,
8E8E8E8E,
8E8E8F90,
90919292,
90909192,
92939494,
94949595,
96979798,
9B999A9E,
A1988575,
5144342B,
2A2C2D2B,
322B2528,
30332D26,
30313335,
36363535,
38373533,
302E2C2B,
292B2F33,
36393A3B,
38373532,
302F2E2E,
34343333,
363B3F42,
514A3E32,
2A272829,
333E5879,
9099A2AC,
A4A4A3A1,
9E9A9794,
8A837A71,
695E524A,
595B5C59,
54515254,
5F667079,
7F858C92,
999B9EA2,
A5A7A8A8,
AAAAA9A8,
A8A7A6A6,
A4A4A4A3,
A09D9A99,
928D8882,
7C73685F,
55524E4B,
4B4E5255,
5657595B,
5D5F6162,
69676563,
62626263,
68635F61,
67696560,
66656464,
6566686A,
6A6A6B6C,
6C6D6E6E,
74737372,
72717170,
75757574,
74737373,
7A797776,
7677797A,
7D7C7C7B,
79787877,
797C7F81,
83888E93,
747A7A70,
69686967,
686C7071,
70717578,
75767778,
78767573,
6C757F81,
7C797A7E,
7A7D8185,
85837F7C,
837A7B85,
88838691,
81868C8D,
8B878687,
8D8D8C89,
86898F95,
98918C8D,
9397948F,
9CA2A59F,
989CADBE,
B8B6B3AF,
AFB6C2CC,
C0BDB8B5,
B5B7BBBE,
B0B2B5BA,
BEC2C6C7,
BABABDC4,
CCCCC5BE,
B6BAC0C4,
C3BEB7B2,
B8BDC3C7,
CACED4D9,
D6D6D6D5,
D3D5D9DC,
CFDEE6E1,
E1E7E4DA,
E8AB715C,
574F5360,
65656667,
68696A6B,
68676564,
64656768,
6A696867,
65646362,
66696C6E,
70757E85,
868B9193,
9394979A,
98999A9B,
9B9A9998,
9B989697,
9997938E,
85837E79,
736D6966,
6465686B,
70767A7D,
87898C90,
93959696,
90909090,
90909090,
94959594,
93918E8D,
8E8E8E8E,
8E8E8E8E,
8E8E8F90,
90919292,
90909192,
92939494,
94949596,
96979898,
9E9B9B9F,
9E907864,
42392C24,
22262A2D,
322B2528,
30332D26,
32333436,
36353433,
36353331,
2E2C2A29,
24282E34,
383A3A39,
35343231,
30313132,
30313236,
3C444B4F,
554C3D2F,
27262A2D,
45506985,
9498A0AB,
9E9F9F9D,
9A948F8B,
837E766C,
625A5451,
53555654,
51505458,
636B757D,
83899096,
999B9EA2,
A5A7A8A8,
A8A9AAAA,
A9A8A6A4,
A6A6A5A3,
A09C9997,
938D857F,
7870665E,
55524D49,
494B4E51,
57585B5D,
5E5F5F5E,
60616364,
64636160,
68645E5D,
60636362,
64646566,
66676868,
67686B6D,
6E6F6F6E,
70707172,
72737474,
72737475,
7778797A,
7A7A7A7A,
7A7A7A7A,
78787878,
78787878,
7E7A787C,
84888682,
76736F6C,
6A6A6C6D,
6C6E6E6D,
6C6E757A,
7D7A7672,
71737577,
7F7D7B7D,
7F7E7A76,
7E7E7E7E,
7E7E7E7E,
797A7D80,
83848484,
8E868185,
8F91897F,
82878A87,
838998A5,
878E9494,
9090979E,
B99E8A90,
A4B0B5B7,
ADABAEBA,
C8CABEB1,
AFB1B6B9,
BAB9B6B4,
B5BCC3C4,
C0BCBDBF,
B9BDC2C2,
BEBAB9BA,
C2BEB9B5,
B3B4B7BA,
D1D3D6D8,
D8D6D3D1,
DAD8D4D1,
D0D1D3D5,
D9DADCDF,
E2E5E7E8,
E6D6A769,
484B5350,
64626062,
66696765,
6B6B6A69,
68676665,
66666564,
64636262,
64686D6F,
72767E83,
8A8C8F92,
95969797,
9A9A9A9A,
9A9A9A9A,
98999998,
97959291,
908A8179,
736B625C,
63626163,
6970787D,
8285898E,
92959697,
9593908D,
8C8E9091,
90919394,
94939190,
8E8F9192,
92918F8E,
8E8E8F90,
90919292,
8E8E8F90,
90919292,
8F919599,
9A999896,
9C9A9A9C,
9985654D,
2D2E2F30,
302F2E2D,
23272C30,
32302D2B,
34393C39,
33303338,
38363435,
3736322E,
2F313336,
393A3A3A,
2C2D2E2E,
2D2C2A28,
33323236,
3D48535A,
4C463C30,
28293139,
5D6E8491,
969AA2AA,
9F9F9F9D,
99938E8A,
827C7267,
5E575351,
54555654,
51515458,
636A747C,
82899095,
999B9EA2,
A5A7A8A8,
A8A9AAAA,
A9A8A6A4,
A6A6A5A3,
A09C9997,
928D857F,
7970665F,
55524D4A,
494B4F51,
57585B5D,
5E5F5F5E,
60616364,
64636160,
68635F5E,
61646362,
64646566,
66676868,
67686B6D,
6E6F6F6E,
70707172,
72737474,
72737475,
7778797A,
7A7A7A7A,
7A7A7A7A,
78787878,
78787878,
7E7B7B7E,
8485827D,
706F6D6B,
6B6D6F71,
6C6F7171,
6F707579,
7E7A7470,
6F73787C,
7C7A787A,
7C7C7873,
7777797C,
7E818283,
7A7B7E80,
83848585,
7F7F8082,
84858381,
8E817880,
929C968B,
86878B91,
979C9D9D,
A2999AA7,
B0AEAAAA,
ADBBC6C2,
B4ACB2BB,
BDBBB9B7,
B5B4B4B4,
BBBFC1BE,
B9B6B9BD,
C2C4C6C3,
BDB8B7B8,
B4B5B6B9,
BEC4CBCE,
D2D3D4D5,
D5D4D3D2,
D8D6D5D3,
D2D2D2D3,
D8D9DBDE,
E1E4E6E7,
E3DAB884,
594B525A,
605E5E62,
67696764,
6A6A6968,
67666565,
66656564,
63636262,
64686C6F,
71767D83,
898B8F92,
95979797,
9A9A9A9A,
9A9A9A9A,
98999998,
97959291,
908A817A,
736B625B,
5D5C5B5D,
626A7378,
8183888D,
91949696,
9593908E,
8D8E9091,
90919394,
94939190,
8E8F9192,
92918F8E,
8E8E8F90,
90919292,
8E8E8F90,
90919292,
91929597,
98999999,
A09D9993,
856C4D37,
2D2D2D2D,
2D2D2D2D,
26282C2F,
30302E2D,
35383B39,
33313437,
38353233,
3534302C,
2E303438,
3A3A3938,
2F2F3030,
2F2D2C2A,
3434363A,
40485054,
5047392C,
2831424F,
6C7B8D97,
999BA1A8,
A0A09F9C,
98918B88,
7F786C60,
57525151,
54565755,
52515559,
626A747C,
82888F95,
999B9EA2,
A5A7A8A8,
A8A9AAAA,
A9A8A6A4,
A6A6A5A3,
A09C9997,
918C857F,
7971675F,
56524E4A,
4A4C4F52,
57585B5D,
5E5F5F5E,
60616364,
64636160,
67635F5F,
63656463,
64646566,
66676868,
67686B6D,
6E6F6F6E,
70707172,
72737474,
72737475,
7778797A,
7A7A7A7A,
7A7A7A7A,
79797979,
79797979,
7D7D7E81,
83817A75,
6B6B6B6B,
6D707274,
6C717576,
74747678,
7D797370,
70757B7F,
79777677,
7A797571,
7677787A,
7C7E7F80,
7C7D7E81,
83858687,
787E8384,
807E8185,
8A807A84,
959A8F81,
8783838C,
989D9890,
999AA3AF,
B0A7A4A8,
B4BFC7BE,
ADA7B0BD,
C2BFBAB6,
B4B6B9BB,
BABBBBB7,
B5B5BABF,
C0C1C0BB,
B5B1B3B5,
B3B6BBC3,
CBD2D8DB,
D5D4D3D2,
D2D3D4D5,
D3D4D5D5,
D4D3D1D0,
D6D7D9DC,
DFE2E4E5,
E0DDCFAC,
79534F5D,
59595B61,
67696662,
68686767,
66656565,
65656464,
63626261,
63676C6E,
71757D83,
888B8E92,
95979898,
9A9A9A9A,
9A9A9A9A,
98999998,
97959291,
908A827B,
746B6159,
56555354,
5A626B71,
7D80858A,
8F929495,
9593918F,
8F8F9091,
90919394,
94939190,
8E8F9192,
92918F8E,
8E8E8F90,
90919292,
8E8E8F90,
90919292,
94949495,
96989B9C,
A19E9687,
70553B2B,
2D2B2927,
27292B2D,
2A2A2C2D,
2F303131,
36383A38,
34323436,
37333030,
31312D29,
2D303539,
3B393634,
31313232,
312F2D2C,
35383C41,
45494B4C,
5046372B,
2D3F596C,
7F8A979D,
9C9CA0A5,
9F9F9E9A,
958E8783,
79716559,
514F5153,
55575856,
5252565A,
6269737B,
81878F94,
999B9EA2,
A5A7A8A8,
A8A9AAAA,
A9A8A6A4,
A6A6A5A3,
A09C9997,
908B847E,
79716860,
56534F4B,
4A4C5053,
57585B5D,
5E5F5F5E,
60616364,
64636160,
65626061,
65676663,
64646566,
66676868,
67686B6D,
6E6F6F6E,
70707172,
72737474,
72737475,
7778797A,
7A7A7A7A,
7A7A7A7A,
7A7A7A7A,
7A7A7A7A,
7C7E8183,
817B736D,
6B6B6C6D,
6E707172,
6E73797A,
78767677,
76767575,
77797B7C,
7A777677,
7A797571,
7D7D7C7A,
79787776,
7E7F8081,
8386888A,
84878989,
87868585,
7C858E8D,
8784888F,
8987878C,
91908A84,
A8A09DA1,
A3A2A8B2,
B8B3AFB2,
B9BDBBB6,
BAB9B8B8,
BABEC1C4,
B4B5B6B7,
B8BABDC0,
AFB1B0AE,
ABADB2B8,
C4C7CBCF,
D2D4D5D6,
D6D4D1CF,
CFD1D4D6,
D0D1D4D6,
D6D4D1CE,
D4D5D7DA,
DDE0E2E3,
E1DEDED2,
A4694E52,
5354585E,
65676460,
65656565,
65646464,
64646363,
62616160,
62666B6E,
70757C82,
878A8E92,
95989999,
9A9A9A9A,
9A9A9A9A,
98999998,
97959291,
908B837C,
756B5F57,
514F4C4D,
525B656C,
797C8187,
8C909293,
94939291,
91909090,
90919394,
94939190,
8E8F9192,
92918F8E,
8E8E8F90,
90919292,
8E8E8F90,
90919292,
97969493,
95989C9F,
A09C917C,
6249372F,
2D2A2623,
23262A2D,
2D2D2C2D,
2E313335,
37383837,
35343435,
36312D2C,
2E2E2C29,
2E31363A,
3A373330,
2F303132,
31302E2D,
373B4247,
4A494644,
46403834,
3B506C80,
8A91999D,
9C9C9FA3,
9D9D9B97,
9088817D,
70695E54,
4F4F5255,
56585956,
5353575A,
6168727A,
80868E93,
999B9EA2,
A5A7A8A8,
A8A9AAAA,
A9A8A6A4,
A6A6A5A3,
A09C9997,
8F8A837E,
79726962,
57544F4C,
4B4D5153,
57585B5D,
5E5F5F5E,
60616364,
64636160,
64626063,
67696764,
64646566,
66676868,
67686B6D,
6E6F6F6E,
70707172,
72737474,
72737475,
7778797A,
7A7A7A7A,
7A7A7A7A,
7A7A7A7A,
7A7A7A7A,
7C7F8282,
7D756D68,
6D6E6E6F,
6F6E6E6E,
70757A7B,
79767677,
7074797D,
7E7C7976,
7C797879,
7C7B7773,
7C7C7B7A,
79787877,
81818181,
84878B8D,
938C8789,
8E8E867D,
82888C89,
82818992,
868C9192,
8E8B8C8E,
B1A09498,
A1A5AAB0,
ACADAFB6,
BDBFBBB7,
B4B6BABE,
C1C1C1C0,
B8B8B8B9,
BAB9B7B5,
A2A5A9AC,
AFB5BFC6,
D4D5D5D5,
D4D2D0CE,
D5D3D0CE,
CED0D3D5,
CED0D3D5,
D5D3D1CF,
D1D2D4D7,
DADDDFE0,
E4DDE2E7,
CA8D5B47,
5151545A,
6063615E,
63636363,
63646464,
64636362,
61616060,
62666A6D,
6F747B81,
86898D92,
96989A9A,
9A9A9A9A,
9A9A9A9A,
98999998,
97959291,
908B847E,
766B5E55,
4D4A4646,
4B556067,
75787D83,
898D8F91,
94949493,
93929190,
90919394,
94939190,
8E8F9192,
92918F8E,
8E8E8F90,
90919292,
8E8E8F90,
90919292,
98979594,
96999DA0,
9F96846B,
503B302B,
2C292522,
2225292C,
2F2E2E2E,
30323536,
39373636,
36363533,
342F2B2A,
2C2E2D2B,
30333638,
3835312E,
2B2D2F31,
32323131,
3A3F464C,
4D4A4440,
3A3C3F45,
51647A89,
8E919597,
999A9EA1,
9A999792,
8B827A75,
65605953,
51525658,
56585957,
5454575B,
60677179,
7F868D92,
999B9EA2,
A5A7A8A8,
A8A9AAAA,
A9A8A6A4,
A6A6A5A3,
A09C9997,
8E89837E,
79726963,
5855504D,
4C4E5254,
57585B5D,
5E5F5F5E,
60616364,
64636160,
62616165,
696B6865,
64646566,
66676868,
67686B6D,
6E6F6F6E,
70707172,
72737474,
72737475,
7778797A,
7A7A7A7A,
7A7A7A7A,
7B7B7B7B,
7B7B7B7B,
7B7F827F,
776F6A68,
6D6E6F70,
706E6D6C,
72767979,
76747577,
71757B80,
807D7774,
7C7A787A,
7C7C7873,
73747679,
7D808283,
84838282,
84888D8F,
93898185,
8D8F8478,
94857A7E,
8E968F85,
848D9595,
91929BA4,
A49896A2,
ACABA6A5,
9FB5C7C3,
B0A6B1C1,
B7BABEC1,
C1BEBAB7,
C3BEB8B5,
B3B1ACA7,
A7ADB4BA,
BFC7D0D7,
D6D5D4D3,
D2D1D1D0,
D2D1D0CF,
CFD0D1D2,
CECFD0D2,
D3D2D2D1,
CFD0D2D5,
D8DBDDDE,
E5DEE1EA,
E0B47A54,
53515054,
5A5E5E5C,
60606161,
62636363,
63626261,
60605F5F,
6165696C,
6E737A80,
85888C91,
96999B9C,
9A9A9A9A,
9A9A9A9A,
98999998,
97959291,
908B857F,
776B5C52,
47433F3E,
434E5A62,
71747980,
868A8D8F,
93949595,
9593918F,
90919394,
94939190,
8E8F9192,
92918F8E,
8E8E8F90,
90919292,
8E8E8F90,
90919292,
97979697,
999B9D9E,
9C8B7154,
3C2C231F,
2B292725,
2527292B,
2E2F3032,
33353536,
3A373435,
37383532,
322D2928,
2C303231,
35353535,
3331302E,
292B2F32,
35373838,
3D42494E,
4F4B4440,
363F4C5A,
6776848D,
90909192,
94979B9D,
9796938D,
857C746F,
5B595654,
5457595B,
57595A58,
5554585C,
5F677179,
7F858C92,
999B9EA2,
A5A7A8A8,
A8A9AAAA,
A9A8A6A4,
A6A6A5A3,
A09C9997,
8D88827E,
7A736A63,
5955514D,
4C4F5255,
57585B5D,
5E5F5F5E,
60616364,
64636160,
61606266,
6B6C6965,
64646566,
66676868,
67686B6D,
6E6F6F6E,
70707172,
72737474,
72737475,
7778797A,
7A7A7A7A,
7A7A7A7A,
7C7C7C7C,
7C7C7C7C,
7B7F807B,
726B696A,
686A6D70,
7171706F,
74767775,
72717478,
7A7B7B7B,
7A797878,
79777677,
7A797571,
7273777B,
7F838788,
86848282,
84898E92,
88848285,
8A8B8681,
8F847D85,
959B9183,
8A8B8C8E,
9198A0A6,
97959CA9,
ADA7A4A8,
A5B9C8BF,
A9A0B0C3,
B9BABBBC,
BCBCBBBA,
C4B9ACA5,
A6A9ABAB,
B8BEC6CB,
CFD2D8DC,
D3D1CFCD,
CDCFD1D3,
CFD0D1D2,
D2D1D0CF,
CFCFCECE,
CFD1D3D4,
CDCED0D3,
D6D9DBDC,
E3E2E0E2,
E3D1A479,
57524E4E,
53595B5B,
5E5E5F60,
61626363,
62626161,
605F5F5E,
6064696C,
6E727A80,
84878C91,
96999B9C,
9A9A9A9A,
9A9A9A9A,
98999998,
97959291,
908C8680,
786B5B51,
403C3735,
3B46535B,
6E71777D,
84898C8D,
93949697,
9694918F,
90919394,
94939190,
8E8F9192,
92918F8E,
8E8E8F90,
90919292,
8E8E8F90,
90919292,
9596989A,
9C9D9C9C,
917A5A3F,
3028231F,
29292929,
29292929,
2D2F3336,
37373534,
3B373334,
38393531,
302B2728,
2E343737,
3A373431,
2F2E2F30,
2A2D3137,
3C3F4242,
3F434A4E,
4F4B4642,
3D495B6B,
79848E94,
9794908F,
90949697,
9594918B,
8279706B,
55555556,
575A5C5D,
57595A58,
5555585C,
5F667079,
7F858C92,
999B9EA2,
A5A7A8A8,
A8A9AAAA,
A9A8A6A4,
A6A6A5A3,
A09C9997,
8D88827E,
7A736B64,
5956514E,
4D4F5355,
57585B5D,
5E5F5F5E,
60616364,
64636160,
60606267,
6C6D6965,
64646566,
66676868,
67686B6D,
6E6F6F6E,
70707172,
72737474,
72737475,
7778797A,
7A7A7A7A,
7A7A7A7A,
7C7C7C7C,
7C7C7C7C,
7B7E7F78,
6F69696C,
63666B70,
73747473,
76777672,
6F6F7479,
837F7975,
73767A7D,
77747374,
7776726E,
78797B7D,
7F828384,
87858382,
84898F93,
7E83888A,
89898C90,
79869396,
918C8D91,
938A8283,
8C959896,
9498A1A7,
A29DA6B6,
B7B4B1AE,
AEB2B8BC,
B5B4B3B4,
B7BDC3C7,
BCAD9C95,
9BA8B3B9,
C4CAD2D5,
D5D4D6D8,
D4D1CCC9,
C8CACED1,
CCCED1D3,
D3D1CECC,
D0CFCDCC,
CDD0D4D6,
CCCDCFD2,
D5D8DADB,
E0E5E1DA,
DFE0C29B,
5A544D4B,
4F55595B,
5D5D5E5F,
60616263,
62626160,
605F5E5E,
6064686B,
6D72797F,
84878C91,
969A9C9D,
9A9A9A9A,
9A9A9A9A,
98999998,
97959291,
908C8781,
786B5B50,
3B37312F,
34404D56,
6C6F757C,
83888B8C,
93949698,
9794918F,
90919394,
94939190,
8E8F9192,
92918F8E,
8E8E8F90,
90919292,
8E8E8F90,
90919292,
9395999D,
9E9E9C9A,
866C4B35,
2F2F2E2A,
28292B2C,
2C2B2928,
2B2F3438,
3A383533,
3C373334,
38393530,
2F2A2728,
2F363A3B,
3D39332E,
2C2D2F31,
2C2F353B,
4146494A,
40444A4E,
4F4C4744,
46526475,
818C959A,
9D98928F,
8F919393,
93918D86,
7D736A65,
56555454,
55565859,
5C5A5857,
56565758,
6169737B,
81878E94,
999B9EA2,
A5A7A8A8,
A8A8A7A6,
A6A5A4A4,
A9A8A7A4,
A09B9694,
908B847E,
79726861,
58544E4A,
494C5155,
56585A5D,
5E5F5E5E,
605A5A60,
625F6269,
64656768,
68676564,
66656464,
6566686A,
6F6F6F6E,
6E6E6D6D,
70707172,
72737474,
74747576,
76777878,
75767779,
7B7D7E7F,
797C7D79,
75778089,
78767370,
6E6C6C6C,
66676A6C,
6F727476,
7774716F,
71767D81,
797A7872,
6D717D88,
79777573,
72727273,
797A7B7E,
80818282,
7B7E8286,
88888685,
918A8485,
8A8C867F,
828F938A,
878F9089,
82899193,
9191969B,
AC988C96,
A6ACADAE,
9FA8B1B5,
B3B2B4B7,
A5B4C1C2,
C1BFB5A9,
B1A89FA0,
ABB9C3C6,
D2D2D3D4,
D5D6D6D7,
D4D1CCC8,
C7C8CACC,
D6D3CECB,
CBCDD1D4,
CDCDCECE,
CECFCFCF,
D5D4D1D0,
D1D3D7D9,
D5D8DCDF,
DDD8D1CD,
9E69444C,
58514E57,
5A5B5C5E,
5F606262,
63636261,
605F5E5D,
6264676B,
71787E81,
87898D92,
9698999A,
9A9A9A9A,
9A9A9A9A,
96979898,
97969492,
8E8A8580,
796E6158,
48392E30,
353A4551,
59647179,
7B7F878E,
8D929697,
95949598,
91919192,
92939393,
8E8E8E8E,
8E8E8E8E,
908F8E8E,
8F909294,
8C8D8E8F,
91929394,
9596989C,
9F9D9793,
6852382B,
2C2E2922,
302F2D2B,
2A2A2A2A,
34393D3B,
3634373C,
33343536,
36343332,
2B2A2B2C,
31373C40,
3734302C,
2A292A2B,
2E343A3D,
3D3C3E40,
41464C4E,
4C4A4A4B,
5D687886,
8E94999D,
9B97918F,
8F8E8B87,
8E8D8983,
796E645E,
55555555,
56575859,
5C5A5857,
56565758,
6168727A,
80878E93,
989B9EA2,
A5A7A8A8,
A8A8A7A6,
A6A5A4A4,
A8A8A6A4,
A09B9794,
908B847E,
79726861,
58544E4A,
494C5155,
57585B5D,
5F5F5F5E,
635C5C63,
6561646B,
64656667,
67666564,
66656464,
6566686A,
6E6E6E6E,
6E6D6D6D,
70707172,
72737474,
74747576,
76777878,
77777879,
7B7C7D7D,
797B7B7A,
797A7F83,
7574716E,
6C6B6B6C,
696A6B6D,
6F717374,
70727476,
78797979,
77777571,
70737A80,
75747372,
73747677,
73777C80,
82807C7A,
7F828689,
8B8B8988,
83868888,
88898B8D,
838F938C,
8A90918C,
8C919595,
92909397,
989397A3,
A8A39FA0,
9FAAB8BE,
BBB4AFAE,
A9BAC2B9,
ABA5A29F,
A4A2A4AC,
BBC7CDCF,
D4D4D3D3,
D2D2D2D1,
CDCDCDCC,
CBC9C7C6,
D4D2CFCD,
CDCFD1D3,
CCCCCCCD,
CDCECECF,
D1D1D0D1,
D2D4D6D7,
D7DADEE1,
DFDBD5D1,
C28B584C,
51504E50,
595A5B5C,
5E5F6061,
62626160,
5F5E5D5D,
6264676B,
71787E81,
87898D92,
9698999A,
9A9A9A9A,
9A9A9A9A,
97979898,
98969493,
8F8C8681,
7B706359,
4D3D302F,
32353D48,
545F6C74,
777B838A,
8C919596,
94939598,
91929292,
92929293,
8E8E8E8E,
8E8E8E8E,
908F8E8E,
8F909294,
8C8D8E8F,
91929394,
9595979C,
9E998C81,
52402D27,
2D33312B,
2C2C2B2B,
2D303437,
34383B39,
3533363A,
35353535,
34323130,
2A2B2D30,
33373A3C,
35322F2C,
2B2B2C2D,
2E343A3D,
3D3D3F41,
474A4D4E,
4D4D5155,
67717E89,
8F939699,
9D968E8A,
8B8D8D8C,
8988847E,
74675C55,
55555656,
57585859,
5C5A5857,
56565758,
6068727A,
80868D93,
989A9EA1,
A4A6A7A7,
A8A8A7A6,
A6A5A4A4,
A8A7A6A3,
A09B9795,
908B847E,
79726861,
58544E4A,
494C5155,
57595B5E,
5F605F5F,
665F5F65,
6763656D,
64656667,
67666564,
66656464,
6566686A,
6D6D6D6D,
6D6D6D6D,
70707172,
72737474,
74747576,
76777878,
79797A7A,
7A7A7B7B,
7A79797B,
7E7F7C79,
72706E6C,
6B6B6B6B,
6C6D6D6E,
6F707171,
6A70777D,
7F7B7672,
77747171,
74777877,
70707072,
74787B7D,
71767D83,
837E7873,
8183878A,
8C8B8988,
80888E8D,
86858C93,
868F938F,
8D919290,
95979896,
928F9092,
93969FA8,
A59B9BA2,
ABB2B9BB,
B8B3B0AF,
B0BEC1AC,
9691979D,
A6A9B2BE,
CBD2D2D1,
D4D3D2D1,
CFCECDCC,
C9CCCFD0,
CFCAC5C2,
D0D0D0D0,
D0D1D1D1,
CACACBCB,
CCCDCECE,
CCCED0D3,
D5D6D6D6,
DADDE1E3,
E3DFDBD7,
E0B17652,
4B50524F,
5757595A,
5B5D5E5F,
60605F5F,
5E5D5D5D,
6264676B,
71787E81,
87898D92,
9698999A,
9A9A9A9A,
9A9A9A9A,
97989999,
98969593,
918D8883,
7C72645B,
5240312D,
2D2D343D,
4E59666E,
71767E85,
8A8F9395,
93939597,
92929292,
92929292,
8E8E8E8E,
8E8E8E8E,
908F8E8E,
8F909294,
8D8E8F90,
92939495,
9694969C,
9E927A66,
42372E30,
3B44433E,
302E2C2B,
2E33383C,
33363837,
34323537,
37373534,
32302E2D,
292C3034,
37383737,
31302E2D,
2D2E2F30,
2F343A3D,
3D3D4043,
4E4E4E4D,
4D535C64,
737C868E,
91929597,
9D948A84,
868C9193,
85848079,
6F635750,
55565758,
59595958,
5C5A5857,
56565758,
60677179,
7F858D92,
97999DA1,
A4A5A6A6,
A8A8A7A6,
A6A5A4A4,
A7A6A5A3,
A09C9896,
908B847E,
79726861,
58544E4A,
494C5155,
585A5C5E,
60606060,
665F5E64,
6561636A,
63646566,
66656463,
66656464,
6566686A,
6B6B6C6C,
6D6D6E6E,
70707172,
72737474,
74747576,
76777878,
7B7B7B7A,
7A797979,
7B78777C,
82817971,
6E6D6C6A,
6A6A6B6C,
70707070,
6F6F6F6F,
6C71787D,
7E7B7571,
79747074,
7A7C7771,
6C6D6F72,
767B8082,
787B7F82,
817E7976,
81838689,
8A898785,
8C8F918E,
8885878B,
898F9392,
90909292,
95959492,
908F8F90,
A19C9CA1,
A09EA6B3,
B9B7B3B0,
AEB0B5B9,
B1B7B3A0,
9499A4AA,
BBBEC5CC,
D0D1CECB,
CFCFCFCE,
CECECDCD,
CECFD0D0,
CFCCC9C6,
CCCED0D1,
D2D1D0CF,
C8C9C9CB,
CCCDCECF,
CCCFD3D7,
D9D9D8D7,
DCDEE2E4,
E5E3E0DD,
E2C99966,
4D4D5251,
54545557,
585A5B5B,
5D5D5D5D,
5D5C5C5C,
6264676B,
71787E81,
87898D92,
9698999A,
9A9A9A9A,
9A9A9A9A,
9899999A,
99979594,
938F8A85,
7E73665C,
513F2F2B,
2A292F38,
4954626B,
6E737B83,
888C9193,
92929497,
93939392,
92919191,
8E8E8E8E,
8E8E8E8E,
908F8E8E,
8F909294,
8E8E8F91,
92949595,
9997999D,
9B88664C,
38322E34,
3F464540,
37342F2B,
2B2E3336,
33343534,
33333434,
39373431,
2E2D2C2B,
2A2E3439,
3A383431,
2E2E2E2F,
2F313233,
30343A3C,
3C3E4246,
51504E4C,
4F596772,
7C838C92,
93949799,
9C928681,
848D969A,
84817C74,
6A5F5651,
5456585A,
5B5A5958,
5C5A5857,
56565758,
5F667078,
7E848C91,
96989CA0,
A3A5A5A6,
A8A8A7A6,
A6A5A4A4,
A5A5A5A3,
A09D9997,
908B847E,
79726861,
58544E4A,
494C5155,
595A5D5F,
61616161,
645D5C62,
625E5F67,
62636465,
65646362,
66656464,
6566686A,
69696A6B,
6C6D6E6E,
70707172,
72737474,
74747576,
76777878,
7B7B7B7A,
7A797979,
7C79787D,
8280766C,
6C6B6A6A,
6A6C6D6E,
72727171,
706F6F6F,
72747678,
78787675,
7A757376,
7C7D766F,
6C6D6F72,
777D8184,
8381807E,
7E7E8081,
85878A8D,
8D8C8A88,
948F8B8B,
8E8F8A86,
8D8F9394,
918D8E92,
908E8C8B,
8D8F9091,
9F96949D,
A6A8ACB3,
B4B2B1B0,
B1B2B1B0,
A4A39C96,
9DB0BBBB,
CDCED0CF,
CECCCBCC,
C9C9CBCC,
CED0D1D2,
D6D4D1CE,
CCCCCECF,
C9CACCCE,
CFCFCECE,
C8C8CACB,
CDCFD0D1,
D0D3D7DA,
DCDCDAD9,
DBDDE0E3,
E4E3E2E1,
D8D7BF8B,
5C49494C,
51515254,
55575858,
5B5B5B5B,
5B5C5C5C,
6264676B,
71787E81,
87898D92,
9698999A,
9A9A9A9A,
9A9A9A9A,
99999A9A,
9A989695,
938F8A85,
7E73665C,
4D3B2C29,
29292F39,
46515F68,
6C717A82,
858A8F91,
90919396,
94949392,
92919090,
8E8E8E8E,
8E8E8E8E,
908F8E8E,
8F909294,
8F8F9092,
93959696,
9D9B9C9C,
93795439,
2C29272C,
3335312C,
33302D2B,
2B2E3134,
34343333,
34353433,
3836322E,
2C2A2A2B,
2D31373C,
3C38322D,
2C2D2F30,
32333333,
3135393B,
3C3F4549,
50504F50,
5460717D,
82889094,
95969A9D,
988F8683,
88929B9F,
817C746A,
625B5654,
54565A5C,
5D5C5958,
5C5A5857,
56565758,
5E656F77,
7D848B90,
96989B9F,
A2A4A5A5,
A8A8A7A6,
A6A5A4A4,
A4A4A4A3,
A09D9A98,
908B847E,
79726861,
58544E4A,
494C5155,
5A5B5E60,
62626261,
645D5C61,
615C5D64,
61626364,
64636261,
66656464,
6566686A,
6768696A,
6C6D6E6E,
70707172,
72737474,
74747576,
76777878,
79797A7A,
7A7A7B7B,
7B7B7B7D,
7E7A736D,
6B6B6B6B,
6C6E7072,
72727271,
71717070,
78777574,
74757778,
77757476,
78777370,
6F707174,
787C8083,
86837F7C,
7D808487,
8B8D9092,
92908E8C,
908A858A,
9397938C,
91909295,
9188888E,
8D898687,
8B909292,
8C8992A5,
B0ACA5A3,
A7ABB2B8,
B9B1A399,
93939296,
AAC2CAC5,
CED0D0CE,
CBCACDD1,
C6C7CACC,
CFD2D4D6,
D8D5CFCB,
CACBCED1,
C6C6C7C8,
CACBCDCD,
C9CACBCD,
CFD1D3D4,
D4D6D7D9,
D9D9D8D7,
D7D9DCDE,
E0E1E2E2,
D7E0DCB6,
7D4F4145,
4D4E4F51,
52535555,
58585959,
5A5B5B5B,
6264676B,
71787E81,
87898D92,
9698999A,
9A9A9A9A,
9A9A9A9A,
999A9B9B,
9A999796,
918D8883,
7C72645B,
4B3A2B28,
292A303A,
414D5B64,
696E777F,
82878D8F,
8F909396,
96959493,
91908F8E,
8E8E8E8E,
8E8E8E8E,
908F8E8E,
8F909294,
8F909192,
94959697,
9D9D9C95,
8265442E,
2D2B2A2B,
2E2E2A25,
2727292C,
2F333739,
37353234,
37383633,
36332F2B,
29292B2C,
32353A3C,
3B36302C,
2D2E3032,
34343332,
3135393B,
3C40474D,
4E51555A,
616C7B85,
888D9395,
9596999C,
918D888A,
919A9FA1,
7C756A5F,
58545556,
54565A5E,
5E5D5A57,
5C5A5857,
56565758,
5D656F77,
7D838A90,
95979B9E,
A1A3A4A4,
A8A8A7A6,
A6A5A4A4,
A4A4A4A3,
A19E9B99,
908B847E,
79726861,
58544E4A,
494C5155,
5A5C5E61,
62636262,
67605E63,
635E5F66,
61626364,
64636261,
66656464,
6566686A,
66676869,
6B6D6E6F,
70707172,
72737474,
74747576,
76777878,
77777879,
7B7C7D7D,
7A7D807E,
79737170,
6C6B6B6C,
6E717475,
71717172,
72727272,
77777675,
75757676,
71737371,
6E6C6E70,
74747475,
777A7D7F,
7F7E7E7E,
7F818485,
898B8D8F,
8F8D8A88,
8D8C8C8E,
91939392,
95909196,
8F83818A,
918B8686,
8C929493,
878C9AAA,
ACA4A1A5,
B0AFAEAF,
AEA6998E,
8F98A0A8,
B8CACFCB,
CACED1CF,
CAC7CACD,
CACBCCCE,
D0D2D4D4,
D0CFCDCB,
CAC9C9C9,
C4C3C2C2,
C4C7CBCD,
CACBCDCF,
D2D4D6D7,
D7D6D4D2,
D2D2D3D3,
D3D4D6D9,
DCDEE0E0,
DDE0E5D8,
A5684B4C,
4B4C4D4E,
50515253,
56565758,
595A5B5B,
6264676B,
71787E81,
87898D92,
9698999A,
9A9A9A9A,
9A9A9A9A,
9A9B9C9C,
9B999796,
8F8C8681,
7B706359,
4E3D2D29,
29292F39,
3B47555F,
6369737B,
80858B8E,
8E8F9295,
96969493,
91908E8E,
8E8E8E8E,
8E8E8E8E,
908F8E8E,
8F909294,
90919293,
95969798,
999C9A8B,
6F4F3526,
2E2D2C2D,
2F302E2C,
25282D32,
36383939,
3A363335,
393B3834,
33302C29,
28292C2E,
37383B3B,
39352F2C,
2E303234,
35343230,
3235393A,
3C41484F,
4D545E68,
707A858D,
91949796,
93929396,
8B8A8C93,
9BA1A2A1,
78706357,
50505356,
53565B5F,
5F5D5A57,
5C5A5857,
56565758,
5D646E77,
7D838A90,
95979A9E,
A1A3A4A4,
A8A8A7A6,
A6A5A4A4,
A3A3A3A3,
A19E9B9A,
908B847E,
79726861,
58544E4A,
494C5155,
5B5C5F61,
62636362,
6A636166,
65606168,
60616364,
64636160,
66656464,
6566686A,
65666769,
6B6D6E6F,
70707172,
72737474,
74747576,
76777878,
75767779,
7B7D7E7F,
7A7F827E,
756F7073,
6C6C6C6E,
70737678,
70707172,
72737474,
75767879,
78767473,
6C70726D,
6664696F,
77767676,
77797B7C,
76797C80,
82828180,
81838587,
8784817F,
8F959894,
8C888C91,
97909196,
8E7F7D86,
97908988,
8E939492,
959AA4A8,
A099A5B8,
C7B9A79B,
97979694,
94A6B7BD,
C2CCD1CF,
C9CFD4D2,
CAC3C1C2,
CFCFCFD0,
D0D1D1D2,
C7C9CCCD,
CBC7C3C0,
C4C1BFBD,
BFC4CACD,
CCCDCFD1,
D4D6D8D9,
D7D4D0CD,
CBCCCECF,
D0D1D3D6,
D9DCDEDF,
E0D9E2E8,
C3825C5B,
4A4A4C4D,
4E505152,
55555657,
58595A5B,
6264676B,
71787E81,
87898D92,
9698999A,
9A9A9A9A,
9A9A9A9A,
9A9B9C9C,
9B9A9897,
8E8A8580,
796E6158,
5340302B,
29282D36,
3642515A,
5F656E77,
7F848A8D,
8E8F9295,
97969593,
918F8E8D,
8E8E8E8E,
8E8E8E8E,
908F8E8E,
8F909294,
90919293,
95969798,
95999682,
61402B23,
23232325,
282B2C2B,
2C303538,
3A383532,
3C373436,
3B3D3934,
322F2A27,
27292D30,
3A3B3B3A,
38342F2C,
2F313335,
3533312F,
3235393A,
3C414950,
4E576572,
7B848C91,
989A9A97,
918E8E90,
86898F99,
A2A6A4A0,
6B665E56,
52525456,
5A5B5D5E,
5E5D5B5A,
5C5A5857,
56565758,
5D646E77,
7D838A90,
95979A9E,
A1A3A4A4,
A6A6A6A6,
A6A6A6A6,
A6A6A5A3,
A09C9997,
908B8580,
7B756C65,
59524B4A,
4E545859,
5B5C5F61,
62636362,
64646464,
64646464,
64646464,
64646464,
64646566,
66676868,
68696A6B,
6D6E6F70,
70727475,
76767574,
71727375,
77797A7B,
73797F7E,
7977797D,
81868176,
767C776A,
71737472,
6F6F7276,
706F6E6E,
6F707274,
7B797775,
74747475,
6B6B6D6F,
71727474,
74757779,
7A797878,
89857F7A,
7B80868B,
868E9189,
7D7A8694,
8C878B95,
948C909D,
918F8C89,
898A8C8D,
88818490,
948F929D,
9D999698,
9EA6ACAF,
A9ABA594,
838294A6,
AFBBCAD0,
CDC9CACD,
C9CACBCC,
CBCAC8C7,
CCD1D3CE,
C7C5CAD0,
D4C6BEC3,
C8C5C3C4,
CCCECFCB,
C7CAD2DB,
D2D1D1D1,
D0D0D0CF,
CACACBCC,
CCCDCDCE,
D1D2D2D4,
D5D6D7D7,
D5D9E0E3,
D9BE9B81,
61594B43,
4C585549,
4F52575B,
5C5A5754,
5D5F6369,
70787F83,
87898D92,
9698999A,
9A9A9A9A,
9A9A9A9A,
9B9C9C9C,
9B999795,
908C8782,
7C71645A,
4D392A2A,
2E2F3238,
3A3E4754,
616A6D6E,
7F7F8185,
898E9395,
95959595,
93908D8C,
908F8D8C,
8C8D8F90,
90909192,
92939494,
8E92989B,
9C9B9B9B,
A39C896B,
4A373337,
26272829,
2B2C2D2E,
2D2F3134,
373A3D3E,
3C353032,
393A3228,
2E2B2826,
272B3033,
3B3B3931,
29272D33,
36363636,
36363636,
3E404242,
4041454A,
5B64717C,
858C9499,
93969897,
938E8B8A,
8F92969B,
9FA2A4A5,
67625B55,
51525557,
5A5B5D5E,
5E5D5B5A,
5C5A5857,
56565758,
5D646E77,
7D838A90,
95979A9E,
A1A3A4A4,
A6A6A6A6,
A6A6A6A6,
A6A6A5A3,
A09C9997,
8D88827D,
79726962,
5C554D49,
4C505253,
5A5C5E61,
62636262,
64646464,
64646464,
64646464,
64646464,
64646566,
66676868,
68696A6B,
6D6E6F70,
70727475,
76767574,
72727475,
77787A7A,
767A7D7C,
78777B7F,
84868074,
7379756A,
72747573,
6F6E7174,
706F6E6E,
6F707274,
7A787675,
74747475,
71717273,
74767677,
78797C7E,
7F7F7F7E,
7A7D8184,
84827F7D,
8C8C8A86,
8283888D,
8B878A92,
90898C97,
908E8B89,
88898B8C,
908A8B95,
9791939B,
9192959B,
A1A7AAAB,
A89D8C80,
8293A9B9,
BCBEC4CA,
CDCDC8C4,
C8C9CBCC,
CCCCCBCA,
CDCECECB,
C7C6C9CC,
CCC2C0C6,
C9C5C5C9,
CFD1D1CC,
C7C7CCD1,
C8C8C8C8,
C9C9C9C9,
C9CACACC,
CDCECFCF,
D1D2D2D3,
D4D5D6D6,
D4D7DDE2,
E1D5C2B4,
92856A4E,
43484945,
4C4F5458,
5A595755,
5C5E6268,
70787F82,
87898D92,
9698999A,
9A9A9A9A,
9A9A9A9A,
9A9A9B9C,
9B9A9897,
908C8782,
7C71645A,
4E3B2B2B,
2E2E3035,
3438404B,
5862696B,
7C7D7F83,
888D9294,
95959594,
93908E8C,
908F8D8C,
8C8D8F90,
90909192,
92939494,
90939799,
99989797,
9A8D7557,
3C2D2A2D,
26272829,
2B2C2D2E,
34343536,
38393A3B,
3C353033,
39393129,
312F2C2B,
2D31363A,
3A3A3831,
2A282D33,
36363636,
36363636,
3C3D3E3D,
3C3E454B,
636C7984,
8A909599,
94989A97,
8F8B8C8F,
94969A9E,
A1A3A4A4,
605D5753,
51535658,
5A5B5D5E,
5E5D5B5A,
5C5A5857,
56565758,
5D646E77,
7D838A90,
95979A9E,
A1A3A4A4,
A6A6A6A6,
A6A6A6A6,
A6A6A5A3,
A09C9997,
8B87807B,
77706761,
5E574D48,
494C4D4D,
5A5B5E60,
62626261,
64646464,
64646464,
64646464,
64646464,
64646566,
66676868,
68696A6B,
6D6E6F70,
70727475,
76767574,
72737475,
7778797A,
7A7B7B79,
77787D82,
88867C71,
6F74726B,
73757674,
706E6F72,
706F6E6E,
6F707274,
78777574,
73747475,
77787878,
78797979,
78797C7F,
80818181,
7A7D8185,
8684817F,
928B8483,
878B8987,
8B888B8F,
8C868890,
8E8D8B89,
8889898A,
938E8E94,
94909095,
8B929CA4,
A9A9A6A3,
96887C81,
97AFBCC0,
C8C2BEC3,
CBCEC7BF,
C7C8CACC,
CECECDCD,
CDCAC6C6,
C8C9C8C6,
C2BFC4CB,
CAC4C5CE,
D0D2D2CE,
C8C4C5C7,
C2C3C3C5,
C6C7C8C8,
C8C9CACC,
CED0D1D2,
D2D2D2D3,
D4D4D5D5,
D7D7D8DD,
E3E5E3DF,
C7B99567,
47404447,
484B5055,
58585756,
5C5E6268,
6F777E82,
87898D92,
9698999A,
9A9A9A9A,
9A9A9A9A,
97989A9B,
9C9B9A9A,
908C8782,
7C71645A,
513D2E2C,
2E2C2D31,
2E30363F,
4B576268,
76787C81,
878C9092,
94949594,
93918E8D,
908F8D8C,
8C8D8F90,
90909192,
92939494,
92939596,
97969594,
917C5D41,
2F272525,
2728292A,
2C2D2E2F,
3A393939,
39393838,
3B353133,
3838312A,
2E2D2D2D,
3034393C,
38383631,
2C2B2F32,
36363636,
36363636,
3E3E3D3C,
3C414B53,
6D77848D,
91939597,
959B9D95,
8A878D96,
9B9D9FA1,
A3A4A3A3,
5A575452,
52545759,
5A5B5D5E,
5E5D5B5A,
5C5A5857,
56565758,
5D646E77,
7D838A90,
95979A9E,
A1A3A4A4,
A6A6A6A6,
A6A6A6A6,
A6A6A5A3,
A09C9997,
8C88817C,
78716862,
5C554B47,
484B4C4C,
595A5D5F,
61616161,
64646464,
64646464,
64646464,
64646464,
64646566,
66676868,
68696A6B,
6D6E6F70,
70727475,
76767574,
74747576,
76777878,
7D7B7976,
777A8085,
8A83786F,
6D6F6E6C,
72757775,
716E6E70,
706F6E6E,
6F707274,
77767473,
73737575,
7A7A7A79,
79797878,
7476797B,
7E7F7F7F,
89857F7C,
7D838A8F,
908C8786,
898B8A87,
8C8D8E8E,
8A86888C,
8B8B8A89,
88878788,
8B898A8D,
8D8C8D8F,
9099A6AD,
ACA49C97,
7F808AA1,
BAC5C0B6,
C7C2BFC1,
C6C9C7C4,
C5C6C9CC,
CECFCFCE,
CDC6C0C2,
C7CBC7C3,
BFC1C9CF,
CAC0C2CC,
CDCECFCD,
CAC6C4C3,
C5C6C7C9,
CBCDCECF,
C8C9CBCD,
CFD1D2D3,
D2D2D2D2,
D3D3D3D3,
DAD8D7D8,
DBE0E3E5,
DDD9BE8E,
64524E4E,
45474C50,
54555656,
5B5D6167,
6F777D81,
87898D92,
9698999A,
9A9A9A9A,
9A9A9A9A,
9597999B,
9C9C9C9B,
908C8782,
7C71645A,
523F302E,
2F2B2A2D,
292C3137,
404E5C66,
6F72777E,
848A8D8F,
93939494,
93918F8E,
908F8D8C,
8C8D8F90,
90909192,
92939494,
93939396,
999A9794,
896F4C33,
2A2A2927,
2828292B,
2C2E2F2F,
3A3A3A3A,
3A3A3A3A,
39363334,
3736312B,
2929292B,
2E33373A,
37363431,
2F2E3032,
36363636,
36363636,
4040403F,
414A5761,
77808B93,
94939292,
979C9D94,
8785909D,
A2A3A4A5,
A5A4A3A2,
56555353,
5356595B,
5A5B5D5E,
5E5D5B5A,
5C5A5857,
56565758,
5D646E77,
7D838A90,
95979A9E,
A1A3A4A4,
A6A6A6A6,
A6A6A6A6,
A6A6A5A3,
A09C9997,
8F8A847F,
7B746B64,
59524946,
484D4F50,
585A5C5E,
60606060,
64646464,
64646464,
64646464,
64646464,
64646566,
66676868,
68696A6B,
6D6E6F70,
70727475,
76767574,
75757576,
76777777,
7E7B7776,
797E8285,
897E736E,
6C6B6B6C,
70747776,
726F6E70,
706F6E6E,
6F707274,
75747372,
72737576,
78787878,
77777676,
77787B7D,
7F80807F,
87837E7B,
7D838A8F,
8B8D8E8B,
8786898C,
8D91938E,
8A898A8B,
88898988,
87868585,
85888989,
8C8F9190,
939CA6A8,
A1958D89,
8291A7BE,
CAC8BEB5,
BDC1C3C2,
C0C2C9CF,
C3C5C7CA,
CCCDCDCD,
CBC4BFC0,
C7CAC8C3,
C3C5CBD0,
C9BEBFC8,
C9C9CACB,
CCCBC9C7,
C9CACBCD,
CFD1D2D3,
CACBCCCE,
CFD1D2D3,
D2D2D2D2,
D1D1D1D1,
D7D8D8D8,
D8D8DADC,
DFE5DBBA,
93766052,
4345484C,
4F525354,
5A5C6066,
6E767C80,
87898D92,
9698999A,
9A9A9A9A,
9A9A9A9A,
9597999B,
9C9C9C9B,
908C8782,
7C71645A,
5240312F,
302B292B,
272B2F33,
3A465763,
676C737B,
82878B8C,
92929394,
9392908F,
908F8D8C,
8C8D8F90,
90909192,
92939494,
94939499,
9E9E9891,
775D3D2A,
282B2B28,
29292A2C,
2D2F3030,
3737383A,
3B3C3D3E,
38363535,
3634302D,
292A2B2E,
3135383A,
35333131,
31323231,
36363636,
36363636,
3B3C3E40,
4651616C,
7F868F93,
928F8E8F,
979A9991,
898995A1,
A6A6A7A7,
A6A5A3A1,
56555555,
56585A5B,
5A5B5D5E,
5E5D5B5A,
5C5A5857,
56565758,
5D646E77,
7D838A90,
95979A9E,
A1A3A4A4,
A6A6A6A6,
A6A6A6A6,
A6A6A5A3,
A09C9997,
908B8580,
7C756C65,
59524A47,
4A4E5152,
57595B5E,
5F605F5F,
64646464,
64646464,
64646464,
64646464,
64646566,
66676868,
68696A6B,
6D6E6F70,
70727475,
76767574,
76767676,
76767676,
7D797678,
7D828484,
83776E6F,
6E6A696C,
6C717677,
74717071,
706F6E6E,
6F707274,
73727171,
72737576,
75757576,
76767676,
7F818284,
85848382,
777A7F84,
86868482,
898E918E,
8886898D,
8B93948D,
898B8D8A,
86878788,
87858382,
868C8E8B,
8E959793,
8D949A97,
8E868587,
A1ADBCC3,
C3C0C0C2,
B8C0C6C4,
BFBFC7D1,
C2C3C6C8,
C9C9C9C8,
C8C5C2C3,
C6C8C8C7,
CAC6C8CD,
C8BFBFC5,
C9C7C6C8,
CDD0CFCE,
C9CACBCC,
CDCECFD0,
CECECECF,
CFD0D0D1,
D2D2D2D1,
D0D0CFCF,
D1D6DADB,
D9D9DADC,
DDE7E8D8,
BF9F7758,
43434548,
4A4D4F50,
595B5F65,
6D757C80,
87898D92,
9698999A,
9A9A9A9A,
9A9A9A9A,
97989A9B,
9C9B9A9A,
908C8782,
7C71645A,
503F3130,
312C292A,
252B3032,
353F4F5C,
60656E77,
80858889,
91929394,
94939190,
908F8D8C,
8C8D8F90,
90909192,
92939494,
9594959B,
A09C8F84,
5A473024,
25292927,
292A2B2C,
2E2F3031,
35353638,
3A3B3D3D,
36373736,
3533302E,
2F313335,
383B3C3D,
33302F30,
34353431,
36363636,
36363636,
32363C43,
4C5A6A76,
868B9091,
8F8D8D8F,
9695938F,
8E929BA1,
A6A7A7A7,
A6A5A2A1,
58585858,
595A5B5B,
5A5B5D5E,
5E5D5B5A,
5C5A5857,
56565758,
5D646E77,
7D838A90,
95979A9E,
A1A3A4A4,
A6A6A6A6,
A6A6A6A6,
A6A6A5A3,
A09C9997,
8E89837E,
7A736A63,
5F584F4A,
4B4E5050,
57585B5D,
5F5F5F5E,
64646464,
64646464,
64646464,
64646464,
64646566,
66676868,
68696A6B,
6D6E6F70,
70727475,
76767574,
77767676,
76767675,
7B78767A,
81858481,
7D706B70,
716A676C,
686E7477,
75737374,
706F6E6E,
6F707274,
71717070,
71737576,
73747576,
77787979,
84858586,
85838280,
7B7F8489,
8B8B8988,
8F8C8B8C,
8E8E8A87,
86909289,
858B8D88,
84858788,
87858280,
8990918A,
8B94948D,
868B8D89,
8386919C,
B9BEC2C2,
BFC0C4C9,
BFC1C3C3,
C2C2C4C5,
C1C2C4C5,
C5C5C3C3,
C4C6C7C6,
C5C6C9CD,
CDC4C1C6,
C9C4C3C8,
CFCAC5C7,
CDD2D3D1,
CCCCCDCD,
CDCDCECE,
D2D1D1D0,
CFCFCECE,
D3D2D2D1,
D0CFCECE,
D1D6DADA,
D7D6DADE,
D8DDE0E0,
DBC5976D,
43444445,
47494B4D,
595B5F65,
6C747B7F,
87898D92,
9698999A,
9A9A9A9A,
9A9A9A9A,
9A9A9B9C,
9B9A9897,
908C8782,
7C71645A,
4E3D3031,
322D2A2B,
22292F31,
31374652,
5B616A75,
7E838687,
90919294,
94939291,
908F8D8C,
8C8D8F90,
90909192,
92939494,
9896989D,
9E947F6E,
41372A25,
26292A28,
2A2B2C2D,
2F303132,
37373737,
37373737,
35373837,
3431302F,
32343638,
3A3B3B3B,
312E2D30,
36383531,
36363636,
36363636,
3138434E,
5A6A7A85,
8E909290,
8D8D9093,
95908C8E,
959CA0A0,
A5A5A6A7,
A6A4A2A1,
595A5A5A,
5A5B5B5B,
5A5B5D5E,
5E5D5B5A,
5C5A5857,
56565758,
5D646E77,
7D838A90,
95979A9E,
A1A3A4A4,
A6A6A6A6,
A6A6A6A6,
A6A6A5A3,
A09C9997,
8C87817C,
77716861,
655D534C,
4B4D4D4C,
56585A5D,
5E5F5E5E,
64646464,
64646464,
64646464,
64646464,
64646566,
66676868,
68696A6B,
6D6E6F70,
70727475,
76767574,
77777776,
76757575,
7977767C,
8487847F,
786C6972,
736A676C,
656C7377,
76757475,
706F6E6E,
6F707274,
71707070,
71737576,
73747577,
797B7C7D,
82838382,
817E7C7A,
908C8886,
888F989D,
958B8388,
93968C80,
818D8F85,
828A8C86,
83848687,
8784817F,
88909086,
858D8C83,
83868884,
838EA3B4,
BEC0C2C5,
C7C6C4C3,
C8C2BEC1,
C7C7C0B8,
C1C2C3C3,
C3C2C0BF,
C2C8CBC9,
C4C4CAD1,
CEC0BAC2,
C9C9C8CB,
D5CDC6C6,
CCD2D3D2,
D2D1D1D1,
D0D0D0D0,
D4D3D2D1,
CFCECDCC,
D3D2D2D0,
CFCECDCD,
D4D8D9D6,
D0CFD4DA,
D2D1D3DC,
E8DDB286,
44444344,
4547494A,
585A5E64,
6C747B7F,
87898D92,
9698999A,
9A9A9A9A,
9A9A9A9A,
9B9C9C9C,
9B999795,
908C8782,
7C71645A,
4C3C3031,
332E2B2C,
1E272F30,
2E323F4B,
585E6974,
7D838586,
8F909293,
94939291,
908F8D8C,
8C8D8F90,
90909192,
92939494,
9A98999D,
9B8C715C,
35312C2A,
2B2D2D2D,
2A2B2C2D,
2F303132,
3A3A3837,
35333231,
35373937,
34313030,
30313335,
36363635,
302D2C30,
37393630,
36363636,
36363636,
363F4D5B,
69798993,
93949490,
8D8E9398,
948C878D,
99A3A39F,
A3A4A5A6,
A5A4A2A1,
55555555,
575A5D5E,
5C5C5C5C,
5C5C5C5C,
605E5C5B,
5A5A5B5C,
5C646F78,
7F878F95,
92979DA0,
A0A0A3A6,
A4A4A4A4,
A4A4A4A4,
A0A1A3A2,
A09C9895,
948E8781,
7B726861,
60584E49,
4A4C4E4D,
575A5D61,
6262605F,
60606162,
62636464,
67666665,
63626261,
62626364,
64656666,
6868696A,
6A6B6C6C,
6D6E6F71,
73757677,
77797B7C,
7B787573,
716F7688,
95907C6B,
716D6864,
62646769,
686A6D70,
74787A7C,
74726F6D,
6D6E7072,
73757774,
706E6F72,
75757475,
777A7D7F,
89847E7A,
7A7F868A,
898A8C8D,
8E8D8D8C,
868B9190,
8C898B8F,
8F878184,
8C8F8881,
8A8E9291,
8B868484,
86898D90,
8E89837F,
8482828A,
9AADBBC3,
BFC0C1C3,
C5C7C8C9,
D1C6BAB7,
BBC0BFBC,
BFBDBDC1,
C5C3BBB3,
C5CACCC9,
C1BDBEC2,
C9CACBCC,
CBCAC8C7,
C6D0D8D3,
C8C4CCD7,
CDCECFD0,
D0CECDCB,
CDD0D2D0,
CCCACCCE,
CECECECE,
CECECECE,
D4D8DBDA,
D6D3D3D5,
CFD0D6DF,
E5E0D1C4,
6E462A2F,
393A4150,
54565B62,
6B747B80,
85878B90,
94969798,
9A9A9A9A,
9A9A9A9A,
98999A9A,
99989694,
928D8882,
7C73685F,
52473930,
2C2C2B2B,
28272525,
292F353A,
4B525F6C,
767C7E7E,
8C8E9295,
97969493,
94928F8B,
8989898A,
8D8F9092,
9291908F,
9C989799,
96815D41,
2C2C2C2C,
2C2C2C2C,
2A292A2F,
35373532,
34353738,
38373534,
3B393632,
2F2D2C2C,
38383939,
36322D2A,
23262C31,
35363636,
4039312F,
3234322F,
3B47596A,
78848F95,
93949595,
928E8A87,
84878D94,
9A9FA3A4,
A4A4A4A4,
A4A4A4A4,
56555556,
575A5D5E,
5C5C5C5C,
5C5C5C5C,
5F5E5C5A,
5A5A5B5B,
5E657078,
7F868D93,
92979DA0,
A0A0A3A6,
A4A4A4A4,
A4A4A4A4,
A1A2A3A3,
A09C9895,
948E8781,
7B726861,
5F574E49,
4A4D4E4E,
57595D60,
6161605F,
60606162,
62636464,
66666564,
64636262,
62626364,
64656666,
6869696A,
6B6B6C6C,
6E6E7071,
73747676,
74767778,
77757270,
736E7995,
A4967D6E,
6C6B6866,
65666869,
6A6B6E70,
73767879,
73726F6D,
6D6F7172,
70737573,
706E7073,
75767778,
797A7B7B,
81818182,
82838484,
87898C8F,
90908E8D,
98897C7F,
8E979289,
928B8588,
8F918B84,
878A8C8A,
86828283,
7F828486,
85837F7C,
818B9BA9,
B1B3B1AF,
BFC0C2C5,
C6C7C7C7,
C4C3C2C0,
C0C3C8CC,
BAB9BAC0,
C7C9C5C0,
BEC1C2C0,
BDBDC3C9,
CACBCCCD,
CDCBCAC9,
C5CCD2D0,
C9C6CACF,
CDCECFCF,
CFCECDCC,
CED1D3D1,
CDCBCDCF,
D0D0D0D0,
D0D0D0D0,
D2D6D9D9,
D6D4D5D7,
D5D5D7DB,
DDDBD5D0,
9E6B4039,
4040444E,
53555A61,
6A747B80,
85878B90,
94969798,
9A9A9A9A,
9A9A9A9A,
98999A9A,
99989694,
928D8882,
7C73685F,
52483A30,
2C2C2C2B,
2A292726,
292E3336,
454D5966,
71787B7C,
888B8E91,
9291908F,
8C8D8E8F,
8F8F8E8D,
8F8F9092,
93939494,
9B999795,
8A715038,
2C2C2C2C,
2C2C2C2C,
2C2A2A2E,
34373634,
34353738,
38373534,
3A383532,
2F2D2D2D,
38383938,
35322E2B,
2A2C3034,
35353332,
3E37302E,
31343432,
404D6072,
808A9297,
94949391,
8F8C8988,
8B8E9399,
9EA2A5A6,
A4A4A4A4,
A4A4A4A4,
57565656,
585A5D5E,
5C5C5C5C,
5C5C5C5C,
5F5D5C5A,
59595A5B,
60687179,
7E848B90,
92979DA0,
A0A0A3A6,
A4A4A4A4,
A4A4A4A4,
A1A2A3A3,
A19D9996,
948E8781,
7B726861,
5E574E49,
4A4D4F4F,
58595C5E,
6060605F,
60606162,
62636464,
66656564,
64636362,
62626364,
64656666,
69696A6A,
6B6C6C6D,
6E6F7071,
73747576,
72737474,
7372706E,
756C7FA8,
B69A7B71,
65666869,
6A696968,
6D6E6F70,
72747575,
72716F6E,
6E6F7172,
6D707372,
6F6F7174,
75777A7C,
7C7A7876,
7A7E8489,
8A87827F,
86898E92,
93918D8B,
8E868085,
8F95918B,
958F8A8C,
91938E88,
84868683,
7F7D8083,
84827F7D,
7C7D7E7F,
8FA0B4BF,
BDB4ACA8,
BEC0C4C7,
C8C8C6C5,
B9C1C8C6,
C0BFC6CE,
BEBCBCBF,
C4C8C7C5,
B4B7B9B9,
BABFC7CE,
CBCCCDCF,
CFCECCCC,
C6C8CBCD,
CDCBC8C7,
CBCCCECF,
CFCECDCC,
D0D2D4D2,
CECCCED1,
D2D2D2D2,
D2D2D2D2,
CED2D7D8,
D6D5D7D9,
DBDBDBD8,
D6D6DBDF,
C6884B38,
3D404146,
51535960,
69737B7F,
85878B90,
94969798,
9A9A9A9A,
9A9A9A9A,
98999A9A,
99989694,
928D8882,
7C73685F,
52483A30,
2D2C2C2B,
2D2C2928,
292C2F31,
3E45505D,
6972777A,
8284888D,
90939494,
87898C8E,
8E8B8886,
8F8F8F90,
92959799,
999A978C,
775A3D2B,
2C2C2C2C,
2C2C2C2C,
302D2B2D,
33373736,
34353738,
38373534,
39373431,
2F2E2E2E,
38383837,
35322F2D,
31333637,
37353230,
3B352E2C,
2F343738,
4A586D7F,
8B929699,
96938F8B,
8988898A,
94969A9F,
A3A5A7A7,
A3A3A3A3,
A3A3A3A3,
59585857,
585A5C5E,
5C5C5C5C,
5C5C5C5C,
5E5D5B59,
5859595A,
62697279,
7E838A8F,
92979DA0,
A0A0A3A6,
A4A4A4A4,
A4A4A4A4,
A2A3A4A4,
A29E9997,
948E8781,
7B726861,
5D564D49,
4A4E5050,
58595A5C,
5E5F5F60,
60606162,
62636464,
65646464,
64646463,
62626364,
64656666,
6A6A6B6B,
6C6D6D6E,
70707172,
72737474,
73737372,
7271706F,
736E89B8,
C099766F,
5F63676C,
6D6C6A68,
6F6F7070,
71717272,
6F6F6F6F,
70717172,
6C6F7272,
70707376,
76787C7F,
7E7B7773,
7A7E8489,
8A888481,
8B8E9193,
928E8884,
6E84999A,
8C838995,
94908C8D,
90908C88,
8484837F,
7B7B7F84,
8E877E78,
787F8990,
A8B4BFBE,
B5AFB1B7,
BDC0C4C7,
C8C7C4C2,
BAC0C5C4,
BEBABABD,
C8C5C2BF,
BDBDBCBB,
B1B4B8BD,
C0C4C8CA,
CBCCCED0,
D0D0CFCE,
CAC8C8CC,
D1D1CAC3,
C9CBCCCE,
CECECDCC,
D0D3D5D3,
CFCDCFD1,
D0D0D0D0,
D0D0D0D0,
CACFD4D6,
D6D6D8DB,
DADDDFDB,
D5D6DEE6,
DA9B583D,
40454545,
4E51565E,
68727A7F,
85878B90,
94969798,
9A9A9A9A,
9A9A9A9A,
98999A9A,
99989694,
928D8882,
7C73685F,
53493B31,
2E2D2D2C,
302E2C2A,
292A2B2C,
393E4854,
616C7478,
7D80848A,
9095999B,
9291908E,
8B898685,
8C8C8C8D,
9094979A,
9A9B9481,
63442E24,
2C2C2C2C,
2C2C2C2C,
34302D2E,
33373838,
34353738,
38373534,
37353331,
30303031,
38373735,
3432302F,
34363839,
39373431,
36312C2A,
2E363F44,
58677B8C,
9598999A,
96928C87,
85878A8D,
999B9EA1,
A4A5A5A5,
A2A2A2A2,
A2A2A2A2,
5B5A5959,
595A5C5D,
5C5C5C5C,
5C5C5C5C,
5D5C5A58,
58585959,
62697279,
7E838A8F,
92979DA0,
A0A0A3A6,
A4A4A4A4,
A4A4A4A4,
A3A4A5A5,
A39F9A97,
948E8781,
7B726861,
5C554C49,
4A4E5151,
5859595A,
5C5E5F60,
60606162,
62636464,
63646464,
64646465,
62626364,
64656666,
6A6B6B6C,
6D6D6E6E,
71717172,
72737373,
75747372,
72717171,
6E7698C0,
BD927069,
5D61676D,
6F6D6A68,
6F6F6F70,
70707070,
6D6E6F70,
71727272,
6D717474,
72717478,
76797D80,
7F7C7774,
7F808284,
86878888,
91929392,
8E88817D,
73869694,
86808B9A,
908E8B8A,
8B8A8785,
8485837F,
7A7A7E82,
857F7774,
7B8B9DAA,
B1BAC0BC,
B3B0B8C1,
BDBFC1C4,
C4C3C1C0,
C0BEBDC0,
C3C1BAB3,
C7C5C2BD,
B8B5B5B5,
B5B8BFC6,
CAC9C5C2,
CACCCECF,
D0D0D0CF,
D0CBC8CD,
D4D5CDC5,
C7C9CBCD,
CECECDCC,
CFD2D4D2,
CECCCED0,
CCCCCCCC,
CCCCCCCC,
C8CDD3D5,
D5D6D9DC,
D5DCE1E0,
DBD9DEE3,
E8B57A5A,
524F4A46,
4B4E545D,
6771797E,
85878B90,
94969798,
9A9A9A9A,
9A9A9A9A,
98999A9A,
99989694,
928D8882,
7C73685F,
544A3C32,
2E2E2E2D,
31302E2C,
2A292929,
3539414C,
58646E74,
7D7E8184,
898E9193,
9895908C,
8A8A8C8E,
89898A8C,
8F929597,
99978A70,
50352824,
2C2C2C2C,
2C2C2C2C,
35323031,
36393937,
34353738,
38373534,
34333231,
30313233,
38373634,
33323131,
3234373A,
3A393635,
302D2A29,
2F3B4A54,
69768895,
9B9A9998,
94908985,
84888E92,
9B9C9EA1,
A2A2A2A2,
A2A2A2A2,
A2A2A2A2,
5D5C5A5A,
5A5B5C5D,
5C5C5C5C,
5C5C5C5C,
5C5B5958,
57575859,
60687179,
7E848B90,
92979DA0,
A0A0A3A6,
A4A4A4A4,
A4A4A4A4,
A4A5A6A6,
A39F9B98,
948E8781,
7B726861,
5B544C48,
4B4F5152,
59585858,
5A5C5F60,
60606162,
62636464,
62636364,
64656566,
62626364,
64656666,
6B6C6C6D,
6E6E6F6F,
72727272,
72727272,
76747271,
70707172,
6B86ADC2,
B1896C64,
5E62676C,
6E6D6A68,
6E6E6E6F,
6F6F7070,
6B6C6F71,
73737272,
72757777,
74737679,
77797C7E,
7E7D7B79,
83828181,
83878B8E,
9493908C,
87827E7B,
95887A79,
838F9393,
8D8C8A88,
86848382,
8384837F,
7977797B,
6F6F727B,
899CAEB8,
ACB6C1C4,
C0BBBABB,
BEBDBDBD,
BDBDBEBE,
C2BDBBC0,
C9CAC2B9,
B7BABDBC,
B9B8BBBD,
BEC0C3C9,
CDCBC4BE,
C8C9CCCE,
CFD0CFCF,
D3CEC9CB,
D1D3D0CB,
C6C7C9CC,
CDCECDCD,
CDD0D2D0,
CCCACCCE,
CACACACA,
CACACACA,
C8CDD2D5,
D4D4D7DA,
D3D8DEE0,
DFDDDDDE,
E8CCA37E,
624E3F37,
494C525B,
6570797E,
85878B90,
94969798,
9A9A9A9A,
9A9A9A9A,
98999A9A,
99989694,
928D8882,
7C73685F,
554B3D33,
2F2F2F2E,
30302F2D,
2B2A2827,
30333841,
4D5A656C,
7A7A7B7D,
8185898C,
8E8C8987,
8687898A,
898B8E91,
93939393,
958C785B,
3E2C282A,
2C2C2C2C,
2C2C2C2C,
35333336,
3A3B3834,
34353738,
38373534,
32323130,
31323435,
38373433,
32323334,
32343739,
3A383534,
2B2A2829,
31425765,
7A849199,
9B989594,
908D8886,
878C9397,
9A9C9EA0,
A1A1A1A0,
A1A1A1A1,
A1A1A1A1,
5E5D5B5A,
5A5B5C5D,
5C5C5C5C,
5C5C5C5C,
5C5B5957,
56565758,
5E657078,
7F868D93,
92979DA0,
A0A0A3A6,
A4A4A4A4,
A4A4A4A4,
A4A5A6A6,
A4A09C99,
948E8781,
7B726861,
5A534B48,
4B4F5253,
59585757,
585B5F61,
60606162,
62636464,
62626364,
64656666,
62626364,
64656666,
6C6C6D6D,
6E6F6F70,
73727272,
72727271,
74726F6D,
6C6D6E70,
6C9BC4C2,
A2816C61,
6264676A,
6C6B6968,
6C6C6D6E,
6F707071,
696B6F72,
74747372,
777A7C7A,
7775777A,
78797A7B,
7D7E7E7F,
82818182,
85888C8E,
908E8985,
81808080,
9787787A,
89939088,
8C8C8B89,
85828181,
7F81827E,
77727071,
68728294,
A2ABAFB0,
B1B7BFC6,
C7C3BEBA,
BEBCB8B6,
B6B8BBBD,
C2C1C1C1,
C2C1BFBC,
ACB3BBBF,
BFBFC2C6,
C8C4C1C2,
C7C9C7C3,
C5C7C9CC,
CECECECE,
D2CEC9C7,
C9CCCECF,
C4C6C8CB,
CDCDCDCD,
CBCDCFCD,
C9C7C9CC,
CCCCCCCC,
CCCCCCCC,
C9CED3D4,
D3D3D5D8,
D7D6D7DA,
DEE0DEDC,
DEDCCBA5,
77513930,
474A5059,
646F787D,
85878B90,
94969798,
9A9A9A9A,
9A9A9A9A,
98999A9A,
99989694,
928D8882,
7C73685F,
554B3D33,
302F2F2E,
2F2F2F2E,
2C2A2827,
2A2B2E35,
404D5A61,
6D6F747B,
8590999E,
9D9D9E9C,
978F8883,
8C909599,
9A989491,
8E7D6144,
2E272A2F,
2C2C2C2C,
2C2C2C2C,
3333363B,
3F3D3731,
34353738,
38373534,
31303030,
31333537,
38363432,
31323435,
36373839,
3734302D,
2627272A,
34496275,
878E969A,
98939090,
8B8A8889,
8C92989C,
9B9C9FA1,
A3A3A3A2,
A0A0A0A0,
A0A0A0A0,
5F5E5C5B,
5A5B5C5D,
5C5C5C5C,
5C5C5C5C,
5B5A5857,
56565758,
5C646F78,
7F878F95,
92979DA0,
A0A0A3A6,
A4A4A4A4,
A4A4A4A4,
A5A6A7A6,
A4A09C99,
948E8781,
7B726861,
5A534B48,
4B505253,
59585656,
575B5E61,
60606162,
62636464,
61626263,
65666667,
62626364,
64656666,
6C6C6D6E,
6E6F7070,
73737372,
72717171,
716F6C69,
68696B6D,
6DA9D4C2,
997E6E60,
65666869,
6A6A6968,
6A6B6C6D,
6F707172,
686B6F72,
74747372,
7B7D7F7D,
7876777A,
79797979,
7B7E8183,
7F808386,
888A8B8C,
8C88837F,
7E808385,
79849094,
90888482,
8D8E8D8A,
85828282,
7B7F807D,
756E6A69,
728199AE,
B7B3A89F,
BFBDBBBE,
C2C5C4C2,
BFBBB5B1,
B1B4B9BD,
C2C7C8C1,
B6AFB1B5,
ABB4BFC4,
C3C1C4C7,
CEC5BCBA,
C0C6CAC9,
C3C5C8CA,
CCCDCDCD,
D0CDC8C4,
C3C6CCD1,
C3C5C8CB,
CCCDCDCD,
C9CCCDCC,
C8C6C7CA,
CECECECE,
CECECECE,
CACFD3D4,
D3D2D4D6,
DCD6D1D3,
DBE1E0DC,
DCEBECC9,
9262473D,
46494F59,
646F787D,
85878B90,
94969798,
9A9A9A9A,
9A9A9A9A,
98999A9A,
99989694,
928D8882,
7C73685F,
564B3E34,
30302F2F,
2D2E2E2E,
2D2B2928,
2526282D,
38455159,
5F646F7E,
90A3B3BC,
C4C6C8C5,
B9A79489,
8F949BA0,
A19C9691,
88735235,
25242B31,
2C2C2C2C,
2C2C2C2C,
3133383F,
423F362F,
34353738,
38373534,
302F2F30,
31343637,
38363331,
31323536,
3A3A3A39,
35302B27,
2325272B,
364D697E,
8E939999,
95908D8D,
8888888B,
90969B9F,
9B9DA0A3,
A5A5A5A5,
A0A0A0A0,
A0A0A0A0,
5C5C5B5A,
5A595858,
6261605F,
5F606162,
5B5B5957,
55535151,
5E626B75,
7F878C8F,
95979A9E,
A1A3A4A4,
A6A6A5A4,
A4A3A2A2,
A2A3A5A4,
A29E9A97,
908A847E,
79726861,
5B544C48,
4B4F5252,
57585B5D,
5E5F5F5E,
5E5E5F60,
60616262,
65656768,
68676565,
64636363,
65676A6B,
6C6C6D6E,
6E6F7070,
6F707273,
74747372,
746D696D,
716F6C6C,
A4C0CCB5,
9177665B,
66696B6A,
6665676A,
6D6D6D6E,
6E6E6F6F,
6B6D6F71,
73737372,
74777A7A,
76737375,
78797B7D,
7E7D7D7C,
89858387,
8E918F8B,
7980898F,
8F887F78,
87898B8D,
8D8B8988,
8A8C8D8B,
867F7A77,
82817A6D,
63646E78,
95AAB9B7,
B5B8B5AB,
BABCC1C3,
C3C1BCBA,
B5BABCB9,
B4B4BDC6,
B4BDC5C2,
B8ADA9A9,
BDC0C5C9,
CAC7C4C1,
C5C9CAC5,
BEBCC2C8,
C8C9C9CA,
CBCBCCCC,
CFD0CFCB,
C6C3C5C8,
CACACBCC,
CDCECECF,
CEC5BCBB,
C3CACCCB,
CDCED0D1,
D2D2D1D0,
CCCBCBCF,
D4D6D4D1,
D3D4D5D7,
DADEE2E4,
E7DBDFE9,
CD88492E,
41454D59,
67747D81,
7F83898F,
94969696,
94969899,
9A9A9998,
9A9A9A9A,
9A9A9A9A,
948E8781,
7B726861,
52493C33,
302E2D2B,
2B2B2C2C,
2C2D2D2D,
3325191D,
2F414949,
4C678DAA,
BBC4CCD3,
D7DADCD8,
CCBAA89C,
A4BDCDBF,
A6958E8B,
764F382F,
23282E21,
292E3334,
322F2F30,
32333435,
35343332,
30313233,
36393C3E,
38363433,
32323334,
35343232,
34373B3D,
2F303233,
34343333,
25262C3B,
526A7E89,
93949595,
928E8986,
82858A90,
969A9C9D,
A0A0A0A0,
A0A0A0A0,
9E9E9E9E,
9E9E9E9E,
5C5C5B5A,
5A595858,
5E5D5C5B,
5B5C5D5E,
57575756,
56555555,
5D626A74,
7E868C8F,
95979A9E,
A1A3A4A4,
A6A6A5A4,
A4A3A2A2,
A2A3A5A4,
A29E9A97,
928D8681,
7C746B64,
5B544B48,
4A4F5152,
56585A5D,
5E5F5E5E,
5E5E5F60,
60616262,
64656667,
67666564,
68676768,
696B6E6F,
6C6C6D6D,
6E6F6F70,
6E6F7173,
74747372,
726D6B6E,
6D6A6E75,
B3C7CDB3,
8F76685F,
676A6B6A,
66656669,
6C6C6D6E,
6F707071,
70707171,
706F6D6C,
6F747879,
77757779,
7A7B7D7F,
7F7F7E7E,
8E8A8686,
898A8681,
8A888584,
8486898C,
82828385,
87898B8C,
95918C88,
85827D7A,
7C78716B,
6A73818C,
9FAFBAB7,
B7BEBFBA,
BABBBDBF,
BFBDBBBA,
B9B8B8B9,
BCBDBDBC,
C0B9AFAA,
ABB1B7BC,
BFC1C4C6,
C7C6C4C3,
C2C6C8C8,
C4C1C1C1,
C8C8C8C9,
CACBCBCB,
CBCDCDCB,
C7C7CACD,
CCCCCCCB,
CBCACACA,
CCC7C3C2,
C5C9CACB,
CCCDCFD1,
D2D2D1D0,
CECCCBCD,
D2D5D4D2,
D3D3D4D6,
DADDE1E3,
E5DEE0E8,
D69F5C32,
3B414C56,
606A7379,
7F83898F,
94969696,
94969899,
9A9A9998,
9A9A9A9A,
9A9A9A9A,
948E8781,
7B726861,
52483C33,
2F2E2C2B,
2C2C2C2C,
2C2B2B2B,
21262A2A,
2A313F4A,
7B92B1C7,
D0D3D6D9,
D7D8D7D4,
CDC5BCB7,
C0CCD3CB,
BDAB927C,
5D3C2F2F,
272C342A,
2A2F3334,
322F3031,
34353636,
36363534,
383A3C3E,
3D3B3735,
36363535,
34333232,
35333231,
31343638,
37373533,
302D2B2A,
2C2F394A,
5F758690,
95959594,
918D8986,
86898E93,
989C9E9F,
A0A0A0A0,
A0A0A0A0,
9E9E9E9E,
9E9E9E9E,
5C5C5B5A,
5A595858,
59585756,
56575859,
54545556,
56575858,
5D616A74,
7E868C8E,
95979A9E,
A1A3A4A4,
A6A6A5A4,
A4A3A2A2,
A2A3A5A4,
A29E9A97,
948F8883,
7D766D65,
5A534B47,
4A4E5151,
56575A5C,
5E5E5E5D,
5E5E5F60,
60616262,
63646566,
66656463,
67676767,
696B6D6F,
6B6C6C6D,
6E6E6F6F,
6E6F7172,
73737271,
6E6C6E6F,
68637186,
C6CFCAAD,
8A736965,
696B6C6A,
66646567,
6A6B6C6E,
70727374,
73737271,
6E6B6765,
6C717678,
77777A7D,
7C7D7F81,
82828180,
8C888585,
8686837F,
928E8883,
83888E92,
81818283,
878B8F91,
8A827A77,
7A7C7975,
746F6A6D,
7A8B9AA3,
A4AFB6B6,
B8C0C5C3,
BAB9B8B7,
B7B8B9BA,
BEB9B7BC,
C4C3BAAF,
BCAFA1A1,
ACBAC2C4,
C1C1C2C3,
C4C4C5C5,
C2C3C5C8,
CAC7C1BB,
C6C7C7C8,
C9C9CACA,
C8CBCCCB,
C9C9CDD1,
CDCCCBCA,
C8C7C6C5,
C9CBCDCB,
C8C7C8CB,
CCCDCFD0,
D1D1D0CF,
D2CECACB,
CFD4D5D4,
D3D3D3D5,
D8DCDFE1,
E4E2E2E5,
E2BF7838,
37414E57,
5C636D75,
7F83898F,
94969696,
94969899,
9A9A9998,
9A9A9A9A,
9A9A9A9A,
948E8781,
7B726861,
51483B32,
2F2E2C2A,
2E2E2D2C,
2B292928,
1E2A322A,
222D4F6E,
ABBDD3E1,
E3DFDCDB,
CFCDCBCA,
CACCCFD1,
D7D6D5D6,
D9CBA37C,
472A2730,
2A2D342D,
2A2F3334,
31303134,
37373737,
37373737,
35383D41,
403B3530,
33343637,
3734312F,
33323130,
31323435,
3937332F,
2C2A2828,
343C4B5E,
71839097,
97969593,
908C8886,
8C8E9398,
9C9FA1A1,
A0A0A0A0,
A0A0A0A0,
9E9E9E9E,
9E9E9E9E,
5C5C5B5A,
5A595858,
58575655,
55565758,
56565656,
56565656,
5C616973,
7D858B8E,
95979A9E,
A1A3A4A4,
A6A6A5A4,
A4A3A2A2,
A2A3A5A4,
A29E9A97,
938E8782,
7C756B64,
59524A47,
494D5051,
5556595B,
5D5D5D5D,
5E5E5F60,
60616262,
61626364,
64636261,
62626162,
6366686A,
6A6B6B6C,
6D6D6E6E,
6D6E7072,
72727171,
6C6B6F70,
645F799C,
D5D2C1A2,
826D6767,
696C6D6A,
66636467,
696A6C6E,
71737576,
72727170,
6E6B6866,
6E727778,
7776787B,
7E808183,
84848382,
85848486,
88898988,
8D8D8D8D,
8B888684,
8486898D,
8F8F8F8E,
78716B6E,
767B7872,
706D6E7A,
8FA2ACAF,
A2A9B1B6,
BBBFC1C0,
B9B7B3B1,
B1B3B7B9,
BFBEBFC2,
C3BDB2A8,
AAA9ACB4,
BDC2C1BD,
C2C2C1C0,
C1C3C5C6,
C7C3C0C3,
C9CAC4BD,
C5C5C6C6,
C7C8C8C9,
CACCCDCB,
C8C8CCD0,
C9C9C8C8,
C8C7C7C7,
C7CED4D2,
CBC6C7CB,
CBCCCED0,
D0D0CFCF,
D5CFCAC9,
CDD2D5D5,
D2D2D3D4,
D6DADDDF,
E3E7E2E0,
E8D89041,
3743515A,
5E65717B,
7F83898F,
94969696,
94969899,
9A9A9998,
9A9A9A9A,
9A9A9A9A,
948E8781,
7B726861,
50473B32,
2E2D2B29,
2F2F2D2B,
29282626,
2C2A231D,
274C83AD,
C6D1DEE4,
E1DAD4D2,
C1C1C0C2,
C7CDD4D8,
D9D5D2D8,
E5E0BD96,
45252431,
2A282D27,
2B2F3333,
31313437,
39393837,
37383939,
2C2F3337,
38383635,
31343739,
3935302D,
30313133,
34363839,
33312D2A,
2A2B2E30,
3A465A6E,
7E8A9499,
97969592,
8F8C8987,
9295989D,
A0A2A3A4,
A0A0A0A0,
A0A0A0A0,
9E9E9E9E,
9E9E9E9E,
5C5C5B5A,
5A595858,
5A595857,
5758595A,
5A5A5857,
55545252,
5B606872,
7C848A8D,
95979A9E,
A1A3A4A4,
A6A6A5A4,
A4A3A2A2,
A2A3A5A4,
A29E9A97,
908B847F,
7A726962,
58514946,
484D4F50,
5456585A,
5C5C5C5C,
5E5E5F60,
60616262,
60616263,
63626160,
61616161,
62656769,
6A6A6B6B,
6C6D6D6E,
6C6D6F71,
72717170,
6C696D6F,
636085B4,
DACCB598,
7B686366,
686B6C6A,
66646568,
6A6B6D6F,
72747677,
6D6D6F70,
706F6D6C,
72767A79,
76747476,
7F808284,
85848483,
87888A8A,
89898A8B,
8E8D8B88,
8582807F,
85898F92,
918B847F,
78757376,
7C7D7973,
76777E8F,
A2AFB2B0,
A2A7B1BE,
C4C1BCBA,
B8B5B0AD,
ADB0B5B8,
BDC3C7C5,
BBB1ABAA,
A5B0BDC4,
C3BFBDBC,
C1C1C0BF,
C0C2C4C5,
CDC5BCBC,
C2C8C8C5,
C3C4C4C5,
C6C6C7C7,
CDCECECA,
C5C4C6C9,
C3C4C5C7,
C9CACCCD,
C7CFD5D4,
CDC7C7CA,
CACBCDCF,
D0CFCFCE,
D6D0CAC9,
CDD1D4D4,
D2D1D2D3,
D5D7DADC,
E3E8E1DB,
E7E3A255,
38414C55,
5C66737D,
7F83898F,
94969696,
94969899,
9A9A9998,
9A9A9A9A,
9A9A9A9A,
948E8781,
7B726861,
50463A31,
2D2C2A29,
2E2E2C2B,
29272525,
2C201725,
4E86B8D5,
D7DADCD9,
D2C9C2BF,
BDBFC3C8,
CDD1D4D6,
D6D7D5D6,
DEDFCDB6,
50271F2E,
2B282D28,
2C2F3232,
3132363A,
3B393736,
3637393B,
3432302F,
3134383A,
31343739,
3935302D,
2E303337,
3A3D3F40,
34312B28,
272B3033,
3F4F6679,
858C9296,
96959390,
8E8D8C8B,
989A9DA0,
A3A4A5A5,
A0A0A0A0,
A0A0A0A0,
9E9E9E9E,
9E9E9E9E,
5C5C5B5A,
5A595858,
5C5B5A59,
595A5B5C,
5C5B5957,
55535150,
5A5F6772,
7B84898C,
95979A9E,
A1A3A4A4,
A6A6A5A4,
A4A3A2A2,
A2A3A5A4,
A29E9A97,
8F8A837E,
79716861,
58514845,
474C4E4F,
5355575A,
5B5C5B5B,
5E5E5F60,
60616262,
5E5F6061,
61605F5E,
65656465,
66696B6D,
69696A6A,
6B6C6C6D,
6B6D6E70,
7171706F,
6E66696F,
666793CB,
D7C2A992,
7A666064,
65686B69,
6765686B,
6C6D6E70,
72747576,
6A6C6E71,
73737373,
74787B7A,
76737375,
7F808283,
84848382,
9091918D,
87848485,
938C8279,
777C8489,
84878B8C,
88807771,
79797775,
73717070,
868A93A0,
ACB2B3B1,
ADADB6C6,
CBC3B9B6,
B6B4B0AD,
ADB0B4B6,
B9C0C3BD,
B2ABADB2,
B5BDC3C1,
BAB7BCC3,
BFBFC0C1,
C1C2C2C3,
CDC6BDBA,
BDC4C9CC,
C2C2C3C3,
C4C5C5C6,
CCCDCCC8,
C2C0C2C5,
C1C3C5C8,
CBCDD0D1,
C8CCD0D1,
CECBC9CA,
C9CBCCCE,
CFCFCECD,
D5D0CCCB,
CFD2D2D1,
D1D1D1D1,
D3D5D8D9,
E1E5DFDA,
E4E3B47A,
3F3F434A,
56647077,
7F83898F,
94969696,
94969899,
9A9A9998,
9A9A9A9A,
9A9A9A9A,
948E8781,
7B726861,
4F463930,
2C2B2A28,
2C2B2B29,
28272626,
21223259,
8EBBD2D8,
E3DED6CD,
C4BEBAB9,
C7CBD0D5,
D9DADAD9,
DCE2E1D9,
D6D8D3CA,
69301928,
2B2C3230,
2D303232,
3133383D,
3A383634,
3436383A,
433E3731,
2F313538,
33343637,
3734312F,
2F31353A,
3D3F4141,
3D372F28,
26292E32,
4A5C7384,
8B8E9295,
9492908F,
8E8E8F90,
9C9DA0A2,
A4A5A5A4,
A0A0A0A0,
A0A0A0A0,
9E9E9E9E,
9E9E9E9E,
5C5C5B5A,
5A595858,
5B5A5958,
58595A5B,
59585857,
55545453,
5A5F6771,
7B83898B,
95979A9E,
A1A3A4A4,
A6A6A5A4,
A4A3A2A2,
A2A3A5A4,
A29E9A97,
918C8580,
7B736A63,
57504845,
474B4E4F,
53545759,
5B5B5B5A,
5E5E5F60,
60616262,
5D5E5F60,
605F5E5D,
64646464,
66686A6C,
6869696A,
6B6B6C6C,
6B6C6E70,
70706F6F,
7164646D,
6A70A1DD,
D1BAA191,
7E6A6164,
62656969,
67676B6E,
6F707071,
72737474,
6D6E7173,
75767676,
71757979,
76757678,
7D7F8082,
83838281,
8D90918C,
85808184,
88837D79,
7B818A90,
89888683,
7E797573,
7475736B,
64677480,
999DA3A7,
AAAEB4B8,
B8B1B4C2,
C7BCB3B2,
B5B3B0AF,
AFB0B3B5,
B7B5B2AF,
ADB0B6BB,
C0BFBEBB,
B8B8BBBD,
BBBDC0C3,
C4C3C1BF,
C5C5C3BF,
BEC1C8CE,
C1C1C1C2,
C3C4C4C4,
C6C7C7C4,
C0BFC1C5,
C6C7C8CA,
CCCECFD0,
CAC9C8CB,
CECECCC9,
C9CACCCE,
CECECDCD,
D3D0CDCE,
D1D2D0CD,
D1D0D0D0,
D1D4D6D7,
DDDFDCDB,
E2E1C6A6,
51484145,
55656E71,
7F83898F,
94969696,
94969899,
9A9A9998,
9A9A9A9A,
9A9A9A9A,
948E8781,
7B726861,
4E453830,
2C2B2927,
29292928,
28282828,
2A4672A0,
C2D4D8D6,
DCD4C8C0,
BDC0C5C8,
D5D6D9DD,
DFE1E1E2,
E1EAEBE1,
DBDCDBD7,
90441A23,
292C322E,
2E303231,
31333A3F,
39373331,
31333739,
403D3934,
32313334,
36363535,
34333232,
3234373A,
3C3B3A39,
3D372E27,
262C3339,
596B818F,
9292959A,
908F8E8D,
8E909395,
9E9FA1A3,
A4A4A4A3,
A0A0A0A0,
A0A0A0A0,
9E9E9E9E,
9E9E9E9E,
5C5C5B5A,
5A595858,
5A595757,
5757595A,
54555556,
56575758,
595E6771,
7A83888B,
95979A9E,
A1A3A4A4,
A6A6A5A4,
A4A3A2A2,
A2A3A5A4,
A29E9A97,
948F8882,
7D766C65,
57504844,
474B4E4E,
52545659,
5A5B5A5A,
5E5E5F60,
60616262,
5C5D5F5F,
5F5F5D5C,
5F5F5F5F,
61636667,
6868696A,
6A6B6C6C,
6A6C6E6F,
70706F6E,
7462606C,
6E76A9E7,
CEB59E92,
836E6365,
60646768,
68696C70,
71717272,
72737373,
70727476,
76767675,
6D717678,
7777797C,
7C7D7F81,
82828180,
83888B89,
83818489,
73777F86,
8B8D8C8B,
928D857E,
7A7A7C7E,
7376746A,
646F8AA0,
A6A9ABA8,
A6AAB6C1,
BEB1AEB9,
BCB2ACAE,
B3B3B1B1,
B1B1B3B3,
B6ACA2A2,
ADB9C0C1,
BEBAB8BC,
C2C0B6AD,
B9BCC1C5,
C5C3BFBD,
BDC3C8C6,
C1C0C6CC,
C0C0C1C1,
C2C3C3C4,
BFC1C3C1,
BFBFC3C7,
CBCBCCCC,
CDCDCDCE,
CCC6C3C6,
CDD1CDC8,
C8CACCCD,
CECECDCC,
D2D0CFD0,
D3D3CFCB,
D1D0D0D0,
D1D3D5D6,
DADADADE,
E2E0D2C5,
63544547,
58697070,
7F83898F,
94969696,
94969899,
9A9A9998,
9A9A9A9A,
9A9A9A9A,
948E8781,
7B726861,
4E45382F,
2C2A2927,
27272728,
28282929,
426FAAD0,
DAD8DADF,
CCC3B9B5,
BBC8D6DE,
DBDBDADB,
DEE1E5E7,
E1EBEEE8,
E5E7E6E0,
B1582021,
25272B26,
2E303231,
31343B40,
3936322F,
2F323639,
30303233,
33333232,
38363433,
32323334,
3537393A,
39363330,
36302926,
29323E45,
65778C97,
98979A9F,
8E8D8C8C,
8E919598,
9FA0A2A3,
A4A4A3A2,
A0A0A0A0,
A0A0A0A0,
9E9E9E9E,
9E9E9E9E,
58585858,
58585858,
5A5A5B5C,
5C5D5E5E,
5C5B5A59,
57565554,
5B626C75,
7B81888E,
9395999E,
A2A4A5A6,
A8A8A7A6,
A6A5A4A4,
A1A2A2A2,
A19F9D9C,
928C857F,
7970665F,
534D4644,
464A4B4B,
52535659,
5B5B5B5B,
5C5E6061,
62626160,
62626262,
62626262,
64636262,
63646668,
69696868,
68676767,
6F6F7070,
6F6D6B69,
78626663,
619DD9D3,
C3B5A79B,
89736767,
62656969,
67676B6E,
78716A68,
6B707475,
7373777A,
756F7582,
67748183,
7C777B80,
857E787B,
848A8986,
7C838C91,
8E85786F,
71788083,
82848B91,
817C787A,
7F817E7A,
70696365,
73899DA9,
AFAEACAD,
B1B7BEC3,
B1A79FA6,
B4BCB7AE,
A5A2A6B4,
C0BDAA96,
9AA1AAB1,
B6BCC2C7,
BBBAB8B6,
B7BCC2C6,
B8BABEC2,
C4C5C3C2,
C3C4C6C7,
C5C1BCB9,
C5C4C2C0,
BEBEBEBF,
B8B9BCC0,
C4C7CACB,
CECBC7C5,
C5C8CDD0,
CECCC9C7,
C7C9CCCE,
CFCDC9C7,
C8CBD0D3,
D2D1CFCE,
CECFD1D2,
C4C5C7CA,
CDD0D2D3,
D8DBE0E3,
E2DDD8D3,
9F653B44,
5A616B7C,
7A828C92,
94949698,
9A9A9B9C,
9C9D9E9E,
999A9B9C,
9B9A9997,
96908880,
786E635B,
483F3A38,
3228262D,
33251D21,
2427374C,
91B1CFD6,
D6DBDAD4,
A0A8B5C2,
CCD2D4D4,
DCDDDFE1,
E3E3E2E2,
E0E1E2E3,
E5E6E7E8,
CD893218,
2F322731,
2C2D2E2F,
31323334,
38393A3A,
39383635,
3533312F,
2F313335,
3634312F,
2F313335,
35373839,
3A393837,
2B2C2C2C,
313F5464,
7A818C95,
9997928E,
8F8D8B8B,
8E949A9E,
A2A2A2A2,
A2A2A2A2,
9E9E9E9E,
9E9E9E9E,
9E9E9E9E,
9E9E9E9E,
58585858,
58585858,
5A5B5B5C,
5D5D5E5E,
5F5E5D5B,
5A595757,
5B626C75,
7B81888E,
9395999E,
A2A4A5A6,
A8A8A7A6,
A6A5A4A4,
A2A2A3A2,
A19F9D9B,
928C857F,
7970665F,
534D4744,
474A4B4B,
50525558,
5B5C5D5D,
5D5E6062,
62626161,
62626262,
62626262,
64636262,
63646668,
69696968,
68686868,
6E6E6F6F,
6E6C6A69,
75636564,
69A4D9D3,
C4B5A497,
85706768,
62656969,
67676B6E,
756F6A69,
6E747778,
706D6E74,
736E717B,
73767773,
70747F89,
787F878B,
89837D79,
7E7E7E7D,
7B777371,
7E858C8E,
8C898A8C,
837E7A7B,
7D7C7772,
68696E78,
8694A0A6,
B2B1B0B0,
B2B6BABD,
ABA8A4A5,
AAAEB0B0,
B5B4B3B4,
B3AEA6A0,
AAAEB3B5,
B4B5B8BC,
BDBAB8B8,
BBBFC0C0,
BCBDC0C2,
C2C1BFBE,
C4C4C4C3,
C2C1C1C0,
C4C3C1BE,
BCBBBBBA,
BEBFC1C4,
C7CACCCD,
CCCBC9C7,
C8CACDCF,
CACAC8C8,
C8C8CACA,
CDCBC8C6,
C7CACED1,
CFCECDCC,
CCCDCECF,
C7C8CACC,
CED0D2D3,
D6DADFE2,
E2DFDAD7,
BD845047,
555F666E,
7C828B90,
9294979A,
9A9A9B9C,
9C9D9E9E,
9A9A9B9C,
9B9A9897,
8F8A837E,
79716861,
51433734,
2F28272D,
1E202628,
26366695,
B8C2CBD2,
DBDBC6AB,
AEB5C0CB,
D3D7D7D7,
D9DADCDE,
DFDFDEDD,
DFDFE1E2,
E4E6E7E8,
D6953E1C,
2E30242C,
2C2D2E2F,
31323334,
38393A3A,
39373534,
3433312F,
2F313334,
37353230,
2F2F3132,
33343637,
37373534,
2E2F2F30,
37485E6E,
80868F97,
9997918D,
8C8C8D8F,
92979B9E,
A2A2A2A2,
A2A2A2A2,
9E9E9E9E,
9E9E9E9E,
9E9E9E9E,
9E9E9E9E,
59595959,
59595959,
5B5B5C5C,
5D5E5E5F,
61605F5E,
5C5B5A59,
5B626C75,
7B81888E,
9395999E,
A2A4A5A6,
A8A8A7A6,
A6A5A4A4,
A2A3A3A2,
A19E9C9A,
928C857F,
7970665F,
544E4745,
474A4C4B,
4E505458,
5B5E5F5F,
5D5F6062,
63636261,
63636363,
63636363,
64636262,
63646668,
69696969,
69696969,
6D6E6F6F,
6F6D6B6A,
71646466,
77AFDAD3,
C5B4A091,
7F6D666A,
62656969,
67676B6E,
706C696B,
72787B7B,
726A6972,
76727276,
74737070,
73798186,
79848E8D,
82787576,
817B736C,
6B6F767B,
898E9393,
8E888483,
837F7B79,
78746D67,
656F8091,
9DA3A5A4,
B5B5B4B4,
B3B3B3B3,
A5A7A8A4,
A0A2AAB2,
C2C1BBB1,
A6A2A7AD,
B4B7B8B7,
B2B0B2B4,
BFBBB8BB,
C1C3BEB8,
BFBFC0C1,
C0BEBCBA,
C2C1C1C0,
C1C3C5C6,
C0BFBEBC,
BBB9B8B8,
C5C6C7C9,
CACCCDCE,
C9CACACB,
CCCCCDCE,
C6C6C8C8,
C8C8C6C6,
CBC9C7C5,
C6C9CCCE,
CDCCCBCA,
CACBCCCD,
CDCDCECE,
CFD0D1D1,
D4D8DDE1,
E2E0DDDB,
D8A96F4E,
4E5C6668,
7D82888C,
8F92989D,
9A9A9B9C,
9C9D9E9E,
9B9B9C9C,
9B999796,
8E89827D,
7770665F,
4B382826,
26232328,
191D2632,
4468A2D2,
D6D8D6D0,
CAC1AB96,
C2C7CED5,
DADBDAD9,
D5D6D8DA,
DADAD9D8,
DBDCDEE0,
E3E5E7E8,
E0A75024,
2D2E2327,
2C2D2E2F,
31323334,
37383939,
38373534,
3332302F,
2F303233,
36343230,
2F2F3030,
32333435,
35343332,
32323337,
42556C7C,
898D9498,
9996908D,
898B8F94,
989B9D9E,
A1A1A1A1,
A1A1A1A1,
9E9E9E9E,
9E9E9E9E,
9E9E9E9E,
9E9E9E9E,
5A5A5A5A,
5A5A5A5A,
5C5C5D5D,
5E5F5F60,
61605F5E,
5C5B5A59,
5B626C75,
7B81888E,
9395999E,
A2A4A5A6,
A8A8A7A6,
A6A5A4A4,
A4A4A4A3,
A19E9B99,
928C857F,
7970665F,
554F4846,
484B4D4C,
4C4E5358,
5C5F6061,
5E5F6163,
64636362,
64646464,
64646464,
64636262,
63646668,
68686969,
6A6A6B6B,
6F707172,
72716F6E,
6C666369,
8ABED9D1,
C5B29C8B,
7968646A,
62656969,
67676B6E,
6C6A6A6E,
757B7C7C,
766C6A75,
7D7A7777,
6D6F747D,
8384807B,
8887847C,
7472787E,
817B726D,
6E77828A,
8A8B8A88,
84807E7D,
7E7C7975,
706A6561,
728094A4,
ABABA8A5,
B7B7B6B5,
B2AFACAA,
A4A5A4A1,
A0A4ACB4,
BDBAB3AB,
A5A7B0B7,
B3B5B6B4,
B0AEB1B4,
C0BBBABF,
C5C5BCB3,
BDBDBDBE,
BDBDBCBC,
BCBDBFC2,
C4C5C5C5,
B8B9BABB,
BCBCBBBB,
C8C8C9C9,
CACACBCB,
C6C8CACC,
CECECDCD,
C2C4C7C9,
C9C7C4C2,
C8C7C6C5,
C6C8CACC,
CECDCCCB,
CBCCCDCE,
D1D1D1D0,
D0D0D0D0,
D1D5DADE,
E1E1DFDE,
DFC59360,
4A54666E,
7D818689,
8C91999F,
9A9A9B9C,
9C9D9E9E,
9C9C9D9C,
9B999795,
958F867D,
74695D55,
43302222,
26242326,
25212B4E,
80AECCDA,
D6E0DFC7,
A89AA2B0,
D2D5D9DC,
DDDCD9D7,
D4D5D7D8,
D8D7D6D5,
D7D8DADE,
E1E4E6E8,
E5B7622A,
2B2E2528,
2C2D2E2F,
31323334,
37373838,
38363433,
31313030,
30303131,
2F2F2F2F,
30313233,
34353637,
36353332,
3232353D,
4D637987,
92959899,
98948F8C,
878B9299,
9D9F9E9D,
A0A0A0A0,
A0A0A0A0,
9E9E9E9E,
9E9E9E9E,
9E9E9E9E,
9E9E9E9E,
5A5A5A5A,
5A5A5A5A,
5C5D5D5E,
5F5F6060,
5F5E5D5C,
5A595857,
5B626C75,
7B81888E,
9395999E,
A2A4A5A6,
A8A8A7A6,
A6A5A4A4,
A5A5A4A3,
A09D9A98,
928C857F,
7970665F,
56504946,
494C4D4D,
4C4E5358,
5C5F6061,
5F606264,
64646363,
64646464,
64646464,
64636262,
63646668,
6868696A,
6B6C6D6D,
72737476,
76757473,
696B636D,
9DCCD6CD,
C3AF9886,
74646268,
62656969,
67676B6E,
6A696A70,
777A7A77,
736A6975,
7D7B7676,
72747981,
8788837E,
8A817773,
75797A79,
78767576,
7B828A8E,
89857F7B,
7A7C7E7F,
7776736F,
6A676666,
8994A3AD,
AEACABAB,
B6B5B4B2,
AFAAA6A4,
A8A39FA1,
A8AFB3B3,
ABA7A4A6,
AEB6BBBC,
B5B6B5B1,
ACABAEB1,
BEBCBDC2,
C6C5BCB4,
B8B8B9BA,
BBBDBFC0,
B6BABFC4,
C5C3C0BD,
B2B4B8BD,
C0C2C2C2,
C7C7C7C7,
C7C7C7C7,
C3C5C8CA,
CCCDCCCC,
C2C4C7C9,
C9C7C4C2,
C7C7C6C6,
C7C8CACB,
D1D0CFCE,
CECFD0D1,
D2D2D1D1,
D0CFCFCF,
CFD2D6DA,
DDDEDEDE,
DED9B97E,
50495E71,
7B7F8588,
8B9199A0,
9A9A9B9C,
9C9D9E9E,
9D9D9D9D,
9B989694,
958E857B,
72675B52,
46362B2C,
2C262325,
27365685,
B5D5DBD4,
D0CFC4AE,
9999B3CF,
DADBDCDC,
DBD9D5D3,
D5D6D7D7,
D7D6D5D4,
D2D4D7DB,
DFE3E6E7,
E4C2712F,
29302B2C,
2C2D2E2F,
31323334,
36373738,
37353332,
2F2F3030,
30302F2F,
27292B2F,
32343637,
38393939,
39373533,
30323845,
5970838E,
99999998,
95928E8C,
8A8E969D,
A1A19F9E,
A0A0A0A0,
A0A0A0A0,
9E9E9E9E,
9E9E9E9E,
9E9E9E9E,
9E9E9E9E,
5B5B5B5B,
5B5B5B5B,
5D5E5E5F,
60606161,
5F5E5D5C,
5A595857,
5B626C75,
7B81888E,
9395999E,
A2A4A5A6,
A8A8A7A6,
A6A5A4A4,
A6A6A5A3,
A09D9997,
928C857F,
7970665F,
56504947,
494D4E4E,
4E505458,
5B5E5F5F,
60616364,
65656463,
65656565,
65656565,
64636262,
63646668,
6868696A,
6C6D6E6F,
71727476,
77767575,
68716471,
AFD9D2C8,
BFAC9584,
72625E64,
62656969,
67676B6E,
6A6A6C71,
7677736E,
69636772,
78737174,
817F7C7A,
7B81888D,
7D787579,
8080766C,
6F737A80,
85878786,
86817B79,
7C808282,
71716F6B,
696C7379,
9CA4ADAE,
ABAAAEB3,
B2B1AEAC,
A8A6A4A3,
A9A5A2A6,
AEB4B3B1,
A1A0A1A9,
B5BDBEBB,
BCBBB8B2,
ABA9ABAF,
B9BDC1C4,
C4C1BEBB,
B5B5B6B7,
B9BCBFC1,
B8BABEC0,
C0BDB9B6,
B3B6BCC2,
C6C8C8C8,
C4C4C4C4,
C5C5C5C5,
C1C2C3C5,
C7CACBCC,
C6C6C8C8,
C8C8C6C6,
C7C7C8C9,
CACACBCB,
D2D1D0CF,
CFD0D1D2,
D0D0CFCF,
CFCECECE,
CDCFD2D6,
D8DADADB,
E0E4D4A3,
6848536B,
777D8489,
8D92999E,
9A9A9B9C,
9C9D9E9E,
9E9E9E9D,
9B989593,
8D877F79,
72695F57,
40342B28,
231C1E26,
32639DBF,
CDD4D7D8,
CDB29B9C,
ACBECCD6,
DBDBDBDA,
D8D5D2D1,
D4D4D5D6,
D5D3D2D0,
CED0D3D8,
DDE2E5E7,
E2CC7E33,
26302E2D,
2C2D2E2F,
31323334,
35363737,
36343331,
2D2E3031,
31302E2D,
24272B2F,
32353636,
3A3B3B3B,
39373533,
30343E50,
687D8C92,
9C9B9995,
928F8D8C,
8F93999F,
A2A2A09E,
9F9F9F9F,
9F9F9F9F,
9E9E9E9E,
9E9E9E9E,
9E9E9E9E,
9E9E9E9E,
5C5C5C5C,
5C5C5C5C,
5E5E5F5F,
60616162,
61615F5E,
5D5B5A59,
5B626C75,
7B81888E,
9395999E,
A2A4A5A6,
A8A8A7A6,
A6A5A4A4,
A7A6A5A3,
A09C9896,
928C857F,
7970665F,
57514A48,
4A4D4F4E,
50525558,
5B5C5D5D,
60616365,
66666564,
66666666,
66666666,
64636262,
63646668,
6768696B,
6D6E6F70,
6D6F7172,
73737372,
68766574,
BDE1CFC3,
BBA99484,
71605B60,
62656969,
67676B6E,
6B6B6D71,
74726B64,
63636A75,
766F7077,
8082817C,
787A838C,
7979797A,
7A77726E,
7379838A,
8C89827D,
7E7B7A7D,
82837E79,
6F6F6E6C,
6D778693,
A3AAB0AF,
AAAAB1BA,
ADABA7A4,
A2A2A4A5,
A6AAAEAF,
ADABABAC,
A8ACB1B3,
B2B3B5B8,
BBBBB9B4,
B0B0B5BA,
B5BDC5C5,
C0BDC0C5,
B8B7B6B5,
B6B9BCBE,
C2BFBAB6,
B3B3B3B4,
BBBEC4C8,
CBCBC9C7,
C2C2C3C4,
C5C6C7C7,
C0C0BFBF,
C2C6CACD,
CACAC8C8,
C8C8CACA,
C8C9CACC,
CCCCCCCC,
D0CFCECD,
CDCECFD0,
CCCCCDCD,
CDCDCECE,
CCCDCFD1,
D3D5D6D6,
DEDEDBC2,
8C5B556A,
737B848B,
8F93979B,
9A9A9B9C,
9C9D9E9E,
9F9F9E9D,
9A979492,
8D877F78,
71685D55,
352D2622,
1D1F3248,
709FCEDB,
D3CDCCCA,
B79F95AA,
C8D6D7D7,
D9D9D8D7,
D5D4D2D1,
D0D1D1D2,
D1CFCDCB,
CACCD1D6,
DCE1E5E7,
E4D68935,
222D2D2A,
2C2D2E2F,
31323334,
35353636,
36343231,
2C2D2F31,
312F2D2C,
282A2D30,
3232302F,
39393A39,
37353231,
3238465D,
778A9396,
9D9A9692,
8F8D8D8D,
96999C9F,
A1A19F9E,
9E9E9E9E,
9E9E9E9E,
9E9E9E9E,
9E9E9E9E,
9E9E9E9E,
9E9E9E9E,
5C5C5C5C,
5C5C5C5C,
5E5E5F60,
60616262,
64636261,
5F5E5D5C,
5B626C75,
7B81888E,
9395999E,
A2A4A5A6,
A8A8A7A6,
A6A5A4A4,
A7A7A6A3,
A09C9896,
928C857F,
7970665F,
57514A48,
4A4E4F4F,
52535659,
5B5B5B5B,
61626465,
66666564,
66666666,
66666666,
64636262,
63646668,
6768696B,
6D6F7071,
696B6D6F,
7070706F,
68796676,
C4E6CCC0,
B8A79384,
725F595D,
62656969,
67676B6E,
6D6D6E71,
736E655E,
6367727B,
7971737E,
717D8989,
7F787A7F,
81817C71,
6868727D,
7E848C92,
918A817A,
74757980,
8581766C,
6F6F6F6E,
728095A5,
A1A9B1B0,
ABABB4BE,
AAA7A29F,
9EA0A4A7,
A2AFBAB6,
A89FA1A9,
B3BDC3BB,
ACA5ACB6,
B4B6B6B5,
B6BBC3CA,
B1BDC8C6,
BDB9C2CC,
BDBAB7B5,
B4B6B8B9,
CBC3B7AD,
A9ABB1B6,
C3C6CACD,
CECBC8C5,
C2C3C4C5,
C7C8C9CA,
C0BEBCBB,
BEC3C9CD,
CECCC9C7,
C7C9CCCE,
C9CACCCD,
CECECDCD,
CECDCBCA,
CACBCDCE,
CACACBCB,
CCCDCDCE,
CCCCCDCF,
D0D2D3D3,
D8D2D6D3,
A9705F6F,
7079848D,
91949799,
9A9A9B9C,
9C9D9E9E,
9F9F9E9D,
9A979492,
948D8379,
6E62554C,
332E2B29,
29375A7D,
BACEDBDA,
D6D2C2B0,
999BACC7,
D5D4D5DE,
D8D8D7D6,
D5D4D3D3,
CDCDCECE,
CDCBC8C7,
C8CBCFD5,
DBE0E5E7,
E6DD9036,
1E2A2A25,
2C2D2E2F,
31323334,
34353636,
35343230,
2B2D2F31,
312F2D2B,
2C2E3031,
312E2B29,
37373737,
35322F2D,
353C4D66,
81929898,
9C9A9590,
8D8C8D8D,
9B9C9E9F,
A0A09F9F,
9E9E9E9E,
9E9E9E9E,
9E9E9E9E,
9E9E9E9E,
9E9E9E9E,
9E9E9E9E,
5C5C5D5E,
5E5F6060,
60616364,
64636160,
62626160,
605F5E5E,
61646A72,
7A82888B,
9395999E,
A2A4A5A6,
A8A8A8A8,
A8A8A8A8,
A6A6A6A5,
A29F9C9B,
95928D85,
7B716864,
55504B49,
4C4E4E4D,
5556595C,
5F606060,
5F5F5E5E,
5E606263,
62626364,
64656666,
63636363,
65686B6C,
6A6A6B6C,
6C6D6E6E,
71727474,
736F6B69,
606E6685,
D1E2C3C0,
A7A9A390,
76625B5C,
63646669,
6C6E7071,
6D70716C,
6461656C,
70767C7A,
7370757A,
7780857E,
716D7682,
77757372,
74797E82,
8084898C,
8B857E79,
7E858A87,
7E777678,
6763677A,
94A4A49E,
95A4B6BA,
B2A9A7A9,
9DA2A49D,
9495A2B0,
B4B3ADA3,
9CA0AFBC,
B6B7B8B8,
B6B3AEAB,
ADB0B5BA,
BDBDBDBC,
BAB9B7B6,
B6B7B9BA,
B9BBBFC4,
C6C1B8B0,
B9B5B3B4,
B8BCBCBB,
BEC0C4C7,
C8C7C5C4,
CDCBC8C5,
C5C6C8C9,
C2C0BFBE,
BFC3C6C9,
C3C8CDCC,
C7C4C6C9,
D2D1D0D0,
D0CFCDCB,
C9C6C3C1,
C1C5CACD,
CCCCCCCC,
CCCCCCCC,
D0D0D0D0,
D0D0D0D0,
D5D6D7D3,
C2A17A5E,
767A8187,
8E93989B,
9C9C9C9C,
9C9C9C9C,
9B9B9C9B,
99969392,
8C847A73,
6C604F42,
322C2629,
416C9DBF,
DBD6D2D0,
CCBFAB9B,
A9B5C5D1,
D6D6D6D6,
D6D7D7D7,
D4D0CBC8,
C8C9CACB,
CDCECFD0,
D3D5D7DA,
DEE1E3E5,
E3DC842B,
252E242B,
2D2E3032,
3538393A,
39332B28,
2A2C2D2C,
272C3031,
2D2A292A,
352B2B34,
352E303B,
3F373231,
2C272E3A,
344D687B,
8A989B97,
9A989491,
90919394,
9E9FA1A2,
A2A19F9E,
A2A2A1A0,
A09F9E9E,
9C9C9C9C,
9C9C9C9C,
9C9C9D9E,
9E9FA0A0,
5C5D5D5E,
5F5F6060,
61626364,
64636261,
62626160,
605F5E5E,
61646A72,
7A82888B,
9395999E,
A2A4A5A6,
A8A8A8A8,
A8A8A8A8,
A6A6A6A5,
A3A09D9B,
95928D85,
7B716864,
56514B4A,
4C4F4F4D,
5556595C,
5F606060,
6160605F,
60626465,
62636364,
65656666,
63636364,
65686A6C,
6A6B6B6C,
6D6D6E6E,
71727474,
736F6B69,
6269668E,
D5DEC2C4,
B2A89683,
7367605D,
65656769,
6B6C6E6F,
6D6B6762,
60636B71,
76747172,
75797C7D,
777B7E7E,
7A777778,
7C797674,
74777B7E,
83817D7A,
7A7E8285,
83858685,
8079716C,
67697386,
9AA7A7A2,
9BA4AEB1,
ACA7A6A8,
A7A5A09D,
9DA4ADB4,
ACA9A6A6,
AAB0B5B7,
B3B7BAB8,
B1ABAAAB,
B3B5B8BB,
BCBBBAB9,
B9B8B7B6,
B6B7B8B9,
BEBBB9B9,
BBBCB8B5,
A6A5A8AE,
B7BEBFBF,
BCBFC2C5,
C7C7C6C5,
CAC8C5C3,
C2C3C5C6,
C6C4C2C0,
BFC1C3C4,
C7CCD0CF,
CAC6C7C9,
C4CDD7D7,
CEC4BFBE,
C9C6C3C2,
C2C6CACC,
CCCCCCCC,
CCCCCCCC,
D0D0D0D0,
D0D0D0D0,
D8DADDDC,
D1B99A84,
7B7C7F85,
8D939798,
9B9B9B9C,
9C9C9D9D,
9B9B9B9A,
98959291,
8D84786C,
6258504A,
2D33425B,
7DA3C2D4,
D6D4CEC5,
BCB4B0AF,
BAC3CED5,
D7D5D4D4,
D5D6D6D5,
D3CFCBC9,
C8C9CACB,
CDCECFD0,
D4D5D7DA,
DEE1E3E4,
E0DA832B,
2329212B,
2F303134,
36383A3B,
39332C29,
2B2D2E2D,
292E3232,
2F2C2C2D,
362E2D35,
3630323A,
3B332E2D,
29252D3A,
3F577283,
909B9D97,
99969390,
90929698,
9E9FA1A2,
A2A19F9E,
A2A1A1A0,
9F9F9E9E,
9C9C9C9C,
9C9C9C9C,
9C9C9D9D,
9E9F9FA0,
5D5D5E5E,
5F606061,
61626364,
64636261,
62626160,
605F5E5E,
61646A72,
7A82888B,
9395999E,
A2A4A5A6,
A8A8A8A8,
A8A8A8A8,
A7A7A7A6,
A3A09D9B,
95928D85,
7B716864,
56514C4A,
4D4F4F4E,
5556595C,
5F606060,
64636262,
63646667,
63636464,
65666667,
64646364,
65676A6B,
6B6B6C6C,
6D6E6E6F,
71727474,
736F6B69,
6561699F,
DBD8C1C9,
BAA58976,
6F6B655F,
66666768,
696A6B6B,
6C655D5A,
606A7277,
7A716A6D,
7881817E,
7978787C,
807F776F,
7F7D7977,
7677797B,
88858280,
81868C90,
8785827F,
7B736962,
6F778594,
A0A7A9A9,
A6A5A5A4,
A2A2A3A4,
A3A1A2A7,
AEAFAAA5,
A4A1A1AB,
B9BFBBB4,
B1B6B9B6,
AEA9AAAC,
B8B9BABB,
BBBAB8B7,
B9B8B7B6,
B6B7B8B9,
BAB8B7B8,
B9B7B1AC,
A1A3A8B1,
BBC1C1BF,
BABCBFC3,
C6C7C7C7,
C6C5C3C1,
C1C1C2C3,
C9C7C4C2,
C0C0C0C1,
C6CACECE,
CAC7C5C6,
BDC8D0CB,
BDB5B7BE,
C8C7C4C3,
C4C6CACC,
CBCBCBCB,
CBCBCBCB,
CECECECE,
CECECECE,
D5D8DDE1,
DDD0BEB1,
8E878082,
8A929595,
98999A9B,
9C9D9E9E,
9B9B9A99,
9794918F,
87837A6B,
5B4E4846,
3D51749C,
BFD4DCDD,
CDCCC4B7,
ABACBAC7,
CED3D8D9,
D6D3D3D3,
D4D4D4D3,
D1CECBC9,
C9CACBCC,
CECFD0D1,
D5D6D8DB,
DDE0E2E3,
DFD8832C,
22251E2D,
31313335,
37393B3C,
39342E2B,
2D2F2E2D,
282C3030,
2D2B2C2D,
36313137,
38333439,
352C2727,
24222D3B,
4E667F8E,
989F9D95,
9894908E,
8F949B9F,
9E9FA1A2,
A2A19F9E,
A1A1A0A0,
9F9E9E9D,
9C9C9C9C,
9C9C9C9C,
9B9C9C9D,
9E9E9F9F,
5E5E5F5F,
60616162,
62636465,
65646362,
62626160,
605F5E5E,
61646A72,
7A82888B,
9395999E,
A2A4A5A6,
A8A8A8A8,
A8A8A8A8,
A8A8A8A6,
A4A19E9C,
95928D85,
7B716864,
57524D4B,
4E50504F,
5556595C,
5F606060,
66656464,
65666869,
64646565,
66676768,
65656464,
6567696A,
6C6C6D6D,
6E6F6F70,
71727474,
736F6B69,
675B71B2,
DFD2C1CB,
B29F8674,
6D6A6662,
66666667,
67676868,
68615A5D,
69747879,
76726F72,
797E7E7C,
7E7B7979,
7B7A746F,
7E7C7A79,
797A7C7D,
82858A8E,
8F8D8987,
86837E74,
6B656567,
838C979D,
9EA1A7AD,
B1A99F98,
989A9C9C,
97A0ADB6,
B6AA998D,
A1A2A6AF,
B9BEBCB7,
B3B2B1B2,
B4B4B2B0,
B7B8B9B9,
BABABABA,
B8B7B6B5,
B5B6B7B8,
B3B5B8BC,
BBB3A69B,
B1B2B6BD,
C3C3BFBA,
B8B9BCC0,
C3C6C8C9,
C6C5C4C3,
C2C2C2C2,
C7C6C5C3,
C3C2C2C2,
C0C3C8CA,
C9C7C4C3,
BFBDB7AE,
AAB1C0CD,
C8C7C6C5,
C6C8CACC,
CACACACA,
CACACACA,
CDCDCDCD,
CDCDCDCD,
CDD0D5DA,
DBD8D1CC,
B09F8C83,
87909596,
9797989A,
9B9C9D9E,
9A9A9998,
95918E8C,
7F7F7A6B,
584A4546,
6B86ACCB,
D9D9D4D0,
C1BDB5AD,
ACB6C8D6,
D8DADCD9,
D4D1D1D3,
D3D2D2D0,
CFCDCBCA,
CACACBCD,
CED0D1D1,
D6D7D8DB,
DDE0E1E2,
E0D6812E,
25251F30,
32333436,
38393A3B,
3A35302E,
30312F2D,
26292C2C,
29282A2D,
36343538,
38363537,
2F262021,
21243243,
5F748A95,
9B9E9A91,
95928E8D,
90979FA4,
9E9FA1A2,
A2A19F9E,
A0A09F9F,
9E9D9D9C,
9C9C9C9C,
9C9C9C9C,
9A9B9B9C,
9D9D9E9E,
5E5F5F60,
61616262,
63646566,
66656463,
62626160,
605F5E5E,
61646A72,
7A82888B,
9395999E,
A2A4A5A6,
A8A8A8A8,
A8A8A8A8,
A8A9A8A7,
A5A29F9D,
95928D85,
7B716864,
58534D4C,
4E51514F,
5556595C,
5F606060,
66666565,
6567696A,
64656566,
67676868,
66666564,
65666869,
6C6D6D6E,
6F6F7070,
71727474,
736F6B69,
685B7FC3,
DECFC4C7,
A097897A,
6E666464,
64646565,
65666666,
66626269,
747B7A76,
6E747A7A,
76737578,
81807D76,
6F6E7378,
7A7A7A7B,
7D7F8182,
7E808384,
83807C7A,
7F7F7869,
5B5C6A79,
999EA29F,
9999A2AB,
B5AB9D93,
91939696,
A1ACB7B6,
A99A9391,
A5AAAFB0,
AFB1B7BD,
B8AFA8AF,
BCC3BDB5,
B2B3B4B6,
B8BBBDBE,
B7B6B5B4,
B4B5B6B7,
BAB7B3B1,
AFABA49E,
BBBBBDC2,
C5C4BEB8,
B7B8BABD,
C0C4C7C8,
C6C6C6C6,
C5C4C3C2,
C1C2C3C5,
C5C6C6C6,
BFC1C6CB,
CDCCC7C4,
B4AAA1A2,
AFBFCBD0,
C8C7C7C7,
C8C9CACB,
CACACACA,
CACACACA,
CBCBCBCB,
CBCBCBCB,
C9CCD1D4,
D5D6D6D7,
D2BDA08C,
878D9499,
97989899,
9A9B9C9C,
9A999996,
938F8C89,
7E7A6F60,
55576470,
A4BCD6DD,
D2C5C2C5,
B6B0ACB0,
BCCAD4D7,
D5D7D8D5,
D0CED0D3,
D1D0CFCD,
CCCBCBCB,
CBCBCCCE,
CFD1D2D2,
D7D8D9DB,
DDDFE0E1,
E3D17A2E,
2B2A2234,
33333435,
37383939,
3A363231,
3333312E,
292C2F2E,
2C2C2F33,
34373838,
38383633,
2A221D1F,
232A3D51,
6D809297,
9A9B968D,
93918E8E,
9299A1A6,
9E9FA1A2,
A2A19F9E,
A09F9F9E,
9D9D9C9C,
9C9C9C9C,
9C9C9C9C,
9A9A9B9B,
9C9D9D9E,
5F606061,
62626363,
64656667,
67666564,
62626160,
605F5E5E,
61646A72,
7A82888B,
9395999E,
A2A4A5A6,
A8A8A8A8,
A8A8A8A8,
A9A9A9A8,
A6A3A09E,
95928D85,
7B716864,
59544E4D,
4F525150,
5556595C,
5F606060,
66656464,
6567686A,
65666667,
68686969,
67666564,
64656768,
6D6E6E6F,
70707171,
71727474,
736F6B69,
666091CF,
DACFC9BE,
9490877C,
6F676363,
61616263,
64656666,
68696C72,
77797673,
6C747A78,
706C7077,
7F7E7A72,
6B6D7780,
78797B7D,
80828384,
8B857C75,
73777E83,
7A777064,
5E667A8B,
A3A5A59F,
98969BA1,
ACA69D95,
90919599,
B5B7B3A5,
95939FAE,
AAB0B3AF,
A8A8B1BB,
B9AFA9AF,
BDC5C1BA,
AFAFAFB1,
B4B8BCBE,
B6B5B4B3,
B3B4B5B6,
C4B7A79D,
9EA5AEB2,
B4B4B6BB,
C0C2BEBB,
B9B9B9BA,
BDC1C4C6,
C5C6C7C7,
C7C5C3C2,
BFC1C4C6,
C8C8C8C7,
C5C6CACF,
D1CEC7C0,
A19D9FAE,
C3CECBC3,
C7C8C8C9,
CACACBCB,
C9C9C9C9,
C9C9C9C9,
CACACACA,
CACACACA,
CCCFD2D3,
D2D3D7DB,
E2D2B89F,
908D9399,
99999999,
99999898,
99999895,
918D8987,
8378685E,
657D9DB4,
CBD8E1D9,
C6BABDC5,
B3B0B1BD,
CED9D9D4,
CED1D3D1,
CECCCED0,
D0CECCCA,
C9CACBCB,
CBCCCDCE,
D0D1D2D3,
D8D9DADB,
DDDEDFE0,
E3C86E29,
2F302433,
32323333,
34353636,
3A373434,
3535322E,
30323433,
3132373C,
31373A36,
3538352D,
29201C21,
29354D64,
7B8B9797,
9799958E,
90909092,
969CA1A4,
9E9FA1A2,
A2A19F9E,
9F9E9E9D,
9C9C9B9B,
9C9C9C9C,
9C9C9C9C,
99999A9A,
9B9C9C9D,
60606161,
62636364,
64656667,
67666564,
62626160,
605F5E5E,
61646A72,
7A82888B,
9395999E,
A2A4A5A6,
A8A8A8A8,
A8A8A8A8,
AAAAAAA9,
A6A3A09E,
95928D85,
7B716864,
59544F4D,
50525251,
5556595C,
5F606060,
65646363,
64656768,
66666767,
6869696A,
68676664,
64656667,
6E6E6F6F,
70717172,
71727474,
736F6B69,
6367A1D6,
D4D1CEB4,
968B7D74,
716D6660,
5D5E6061,
63656767,
6E707272,
6F6E7072,
72706D69,
696D747A,
77726E6E,
747A7E80,
7C7D7E80,
81828181,
88827973,
72788187,
776E6566,
72828E93,
9DA0A2A2,
9E999594,
999C9D98,
93949BA3,
AFABA298,
949CADBA,
ADAEAEAC,
ABABADB0,
B4B4B3B3,
B4B7BBBE,
B0AFAEAE,
B0B3B7B9,
B6B5B4B3,
B3B4B5B6,
B5ACA19D,
A2ADB7BC,
B1AFB0B4,
BABFBEBD,
BBBAB9B9,
BBBEC1C4,
C2C3C5C6,
C5C3C0BE,
C2C4C6C8,
C9C7C5C4,
CAC9C9CC,
CCC5B9AF,
9FA2ABBA,
C8CCC7BF,
C7C8C9CA,
CBCBCBCB,
C8C8C8C8,
C8C8C8C8,
C8C8C8C8,
C8C8C8C8,
CDD0D4D3,
D0D0D5DA,
DBD7CAB5,
9E919196,
9C9B9A99,
98969595,
99989794,
908B8785,
837E7A81,
95B0C9D7,
DAD8D2CA,
C2BDBDBF,
B8BDC5CF,
D6D9D6D4,
CBCFD2D2,
CECACACC,
CFCDCAC8,
C7C9CACC,
CCCDCECF,
D1D2D3D4,
D9D9DADB,
DDDEDFDF,
E0BD5E20,
3034232E,
30303031,
32323233,
3B383536,
3737322E,
2F303231,
2F31373C,
2D373A34,
33373328,
29211E25,
30415D76,
88949B98,
96999892,
8E8F9397,
9A9D9FA0,
9E9FA1A2,
A2A19F9E,
9E9E9D9D,
9C9B9B9A,
9C9C9C9C,
9C9C9C9C,
9899999A,
9B9B9C9C,
60606162,
62636464,
64656768,
68676564,
62626160,
605F5E5E,
61646A72,
7A82888B,
9395999E,
A2A4A5A6,
A8A8A8A8,
A8A8A8A8,
AAAAAAA9,
A7A4A19F,
95928D85,
7B716864,
5A554F4E,
50525251,
5556595C,
5F606060,
64636262,
63646667,
66666768,
68696A6A,
69686665,
64656667,
6E6E6F70,
70717272,
71727474,
736F6B69,
616CACD9,
D0D2D1AD,
9D88716B,
72746A5D,
5B5C5E60,
63666869,
7375756E,
66646B72,
796C5E5B,
64727B7E,
7067636C,
7E89857D,
80818282,
81807E7D,
6E6F7173,
75757575,
78675D6A,
869B9C93,
93989FA5,
A49D928B,
8A939C9B,
9697A2AC,
97939196,
A0AAAFB1,
AEA9A7AB,
B2B3ACA5,
AEB8BEB7,
AAA7B3C0,
B2B1AEAC,
ACAEB1B3,
B6B5B3B2,
B2B3B5B6,
9A9CA2AB,
B5BAB9B6,
B8B4B2B4,
B9BDBDBC,
BCBBB9B8,
B9BCC0C2,
BFC0C2C3,
C3C0BDBB,
C6C8C9CA,
C9C5C2BF,
CAC7C5C5,
C2B8A99C,
ACB0B5BA,
BDC0C4C7,
C7C8CACB,
CCCCCBCA,
C8C8C8C8,
C8C8C8C8,
C8C8C8C8,
C8C8C8C8,
C9CED1D0,
CCCCD1D7,
CED5D4C4,
A9958F92,
9E9D9B99,
97959392,
99989694,
8F8B8684,
7F8695AE,
C7D5D7D4,
DCCFC0BD,
C1C1BAB1,
BEC9D6DB,
D7D2D3D5,
CCD0D4D3,
CFCAC8C8,
CECCC9C7,
C6C8CACC,
CCCDCECF,
D1D2D3D4,
D9DADADB,
DDDEDEDF,
DDB45219,
30352129,
2F2F2F2F,
30303031,
3B383637,
3937332E,
282A2B29,
282A3136,
2B373A33,
31373225,
2A221F28,
35496781,
909B9E98,
969A9B97,
8C8F959A,
9D9E9E9D,
9E9FA1A2,
A2A19F9E,
9E9E9D9C,
9C9B9A9A,
9C9C9C9C,
9C9C9C9C,
9898999A,
9A9B9C9C,
64646464,
64646464,
64646464,
64646464,
66646261,
60606162,
65686D74,
7C83888B,
9194999E,
A1A2A1A0,
A4A6A8A9,
AAAAA9A8,
ABA9A8A9,
AAA7A09B,
97918A84,
7F776D66,
5C50494D,
4F4D4E54,
58595A5B,
5D5E5F60,
6B696765,
64646465,
64646464,
64646464,
64636262,
63646668,
66686A6B,
6C6C6B6A,
6F707171,
6E6A6663,
6063A8E4,
D7C5BFA6,
857E7775,
7672685F,
5E5F6264,
676A6C6E,
69737870,
62606F80,
6965646A,
73787774,
77777778,
78797979,
7B80858A,
8A86817D,
7576787A,
7A77736F,
656C7988,
959DA2A4,
9B9FA2A2,
9E999796,
978B8797,
AFB39D84,
788BA0AA,
A9A8ADB3,
ACADAFB1,
B2B2B1B1,
AEB3B6B4,
AEABAEB3,
AEB3B5AE,
A5A5B0BC,
B0B4BCC2,
C1B6A497,
929BAAB7,
BFBFBCB8,
B0B5B8B5,
B0B1B9C2,
BDC0BFB9,
B3B5BEC8,
C3C0BEC0,
C4C4BFBA,
C2C6CBCC,
CBC9C8C8,
CED0D0C4,
AA9498A8,
BABBBBBC,
BCBDBDBD,
C5C6C8CA,
CACAC9C9,
C7C9CCCD,
CDCCC9C7,
C9C8C8C6,
C5C4C3C3,
C2C7CCCC,
C9C8CDD3,
CDCDD2D2,
BD9E9196,
9B999795,
94949596,
90979A93,
8781868E,
A4AFC0D0,
DADBD7D3,
C0BEBCB9,
B9B9BABC,
CED0D3D5,
D6D4D2D0,
D1CFCDCB,
CACACACB,
CACACACA,
CACACACA,
C7C8CBCE,
D1D5D7D8,
D6D7DADD,
DFDFDFDF,
D6B13D25,
34283827,
34343332,
32313030,
31323334,
34323130,
292B2B2A,
292E363D,
30313435,
3533302E,
2423252E,
425C7585,
97989A9C,
9B989593,
9193979C,
9FA2A3A4,
A0A09F9E,
9E9D9C9C,
9E9E9E9E,
9E9E9E9E,
9E9E9D9C,
9C9B9A9A,
9A9A9A9A,
9A9A9A9A,
64646464,
64646464,
64646464,
64646464,
66646261,
60606162,
65686D74,
7C83888B,
9395999C,
9FA1A2A2,
A5A6A8AA,
AAAAA9A9,
ABA9A8A9,
AAA7A19B,
97928B85,
7F776D66,
5C50494D,
4F4D4E54,
58595A5B,
5D5E5F60,
69676664,
64646566,
64646464,
64646464,
64636262,
63646668,
66686A6B,
6C6C6B6A,
6E6F7070,
6E6A6563,
5B67ABE3,
D7C5BDA4,
87807977,
77736960,
61626365,
67696B6C,
726A6365,
6C6F6962,
6665656B,
7275736F,
77777878,
79797878,
7D7E7F7F,
7D7A7674,
73787C7D,
79726D6A,
6E747E8A,
959DA3A5,
A39F9B99,
9997938F,
908D8F99,
A4A59A8E,
8B929DA6,
ABADAFB0,
AAACAFB1,
B3B4B4B3,
A9ADB1B0,
ACABAEB2,
AAB1B6B5,
AFACAFB3,
B5B5B7BA,
B9B1A59B,
A5A8AEB3,
B7B9BAB9,
B9B6B3B3,
B5B8B9BA,
BABCBEBD,
B9B7B8BA,
C0BFBFC1,
C2C1BFBC,
BFC2C6C9,
C9C9C8C9,
C9C6C2B9,
A79AA1B1,
BBBCBDBE,
C0C1C2C3,
C4C5C6C7,
C8C8C8C8,
C5C7CACC,
CCCBC9C8,
C9C9C8C7,
C6C5C5C4,
C1C6CACA,
C8C8CCD1,
CECDD3D5,
C5A79592,
99989897,
96969696,
9294938F,
8D94A2AE,
BBC5D2DB,
DBD2C4BB,
C1BEBBB9,
BABEC3C6,
D0D1D3D4,
D4D2D0CE,
CFCECCCA,
C9C9CACA,
CACACACA,
CACACACA,
CACBCDD0,
D2D5D7D8,
D6D8DADD,
DEDFDFDF,
D7A03324,
33253328,
34343333,
32313130,
32323334,
3332302F,
2C2D2C2A,
282A3137,
31323435,
34322F2D,
28292F3B,
4F687F8D,
98999B9B,
9A979492,
9294989C,
A0A2A3A3,
A0A09F9E,
9E9D9C9C,
9E9E9E9E,
9E9E9E9E,
9E9E9D9C,
9C9B9A9A,
9A9A9A9A,
9A9A9A9A,
64646464,
64646464,
64646464,
64646464,
66646261,
60606162,
66696E75,
7D84898C,
9797989A,
9DA1A4A6,
A5A7A8AA,
ABABAAA9,
ACAAA9AA,
ABA8A19B,
98928B85,
7F766C65,
5C50494D,
4F4D4E54,
58595A5B,
5D5E5F60,
66656463,
64656768,
64646464,
64646464,
64636262,
63646668,
66686A6B,
6C6C6B6A,
6D6E6F6F,
6C686461,
5E76B6E1,
D5C0B19A,
8B847D7A,
7A766C63,
64656566,
67686969,
69636064,
6A6A6158,
6E6F7277,
7C7C7772,
6E707478,
7B7D7E7F,
827F7B76,
73717171,
72797F7D,
756C6A6A,
7D80868E,
969DA2A5,
A89F9490,
9294918D,
95989A97,
918E9195,
A09C9BA0,
A9AFAFAD,
ABADAFB2,
B4B5B4B4,
A4A7AAAA,
A8A8ABAF,
AAB0B8BD,
BDB7B0AB,
B8B3AEAC,
ADACA8A5,
B8B5B1AF,
AFB2B6B9,
C0B8B0B2,
B9BDB8B2,
B6B7B9BD,
BFBBB3AC,
B8BBBFC0,
BFBFC0C2,
C1C3C5C8,
CACBCBCA,
C0B7B1AF,
AAA6AFBC,
BDBEBFC1,
C3C4C6C6,
C2C3C3C4,
C5C5C6C6,
C3C4C7C9,
CACAC9C9,
C9C9C8C8,
C7C6C6C6,
C1C4C7C7,
C6C6C9CC,
CDCCD1D8,
CFB49A8C,
97979898,
97969492,
8E8D8B8F,
9BADC0CC,
D6D7D8D5,
CFC4BAB4,
BFBEBCBC,
C0C6CDD2,
D2D2D3D3,
D2CFCDCB,
CCCBC9C8,
C7C7C8C9,
CBCBCBCB,
CBCBCBCB,
CECFD0D2,
D4D5D7D7,
D7D8DBDD,
DEDFDEDE,
D9872525,
34242E2D,
35343433,
32323131,
32323333,
32312F2D,
2D2E2D2A,
27282D31,
32333434,
33312F2D,
2C323D4E,
63798C96,
9A9A9B9A,
98959291,
9496999D,
A0A1A2A2,
A0A09F9E,
9E9D9C9C,
9E9E9E9E,
9E9E9E9E,
9E9E9D9C,
9C9B9A9A,
9A9A9A9A,
9A9A9A9A,
64646464,
64646464,
64646464,
64646464,
66646261,
60606162,
67696F76,
7D848A8D,
99999899,
9CA0A5A9,
A6A7A9AB,
ACABABAA,
ACABA9AA,
ABA8A29C,
99938C85,
7E766B64,
5C50494D,
4F4D4E54,
58595A5B,
5D5E5F60,
63636262,
63656869,
64646464,
64646464,
64636262,
63646668,
66686A6B,
6C6C6B6A,
6B6C6D6D,
6B676360,
648CC4DF,
D2BAA490,
8F88807D,
7D786E65,
68686868,
67676767,
56646F6A,
5C56606C,
6D71767B,
7C79736F,
65697077,
7E828586,
85807973,
70727578,
72787B77,
6F6C7178,
8C8C8E92,
969CA1A4,
A39D958F,
8D909497,
A5A39A8C,
81818B97,
A9A49F9D,
A0A6ABAE,
B0B0B2B3,
B3B2B0AF,
A4A5A6A6,
A5A5A6A7,
B0B3BAC1,
C4BFB4AB,
B3ACA4A1,
A4ABB0B2,
BBB7B1AD,
ACAEB1B4,
BFBAB5B5,
B8B8B5B0,
B3B1B1B7,
BDBCB4AB,
AEB4BBBE,
BEC0C4C9,
C7C6C5C7,
C9CAC9C7,
B4ABA9B0,
B6B6BBC2,
BFBFC0C0,
C1C1C2C2,
C1C1C1C1,
C1C3C4C5,
C1C2C4C5,
C7C7C8C8,
C8C8C7C7,
C7C7C7C7,
C0C2C3C4,
C4C4C6C7,
C7C7CCD5,
D3BE9F88,
97979897,
95928F8D,
898A909E,
B1C3CFD5,
DCD5CAC0,
BABABEC1,
BBBDC1C6,
CBD0D3D5,
D3D3D2D0,
CECCCAC9,
CAC9C7C6,
C6C7C8C9,
CCCCCCCC,
CCCCCCCC,
D2D2D3D4,
D5D6D7D7,
D8D9DBDD,
DEDEDDDD,
D66C1E2A,
36272C33,
36353534,
33333232,
32323333,
312F2D2C,
2A2C2C2A,
28282D31,
34343434,
33313030,
313A4B60,
7688959B,
9B9B9A98,
96949290,
97999B9E,
A0A1A1A1,
A0A09F9E,
9E9D9C9C,
9E9E9E9E,
9E9E9E9E,
9E9E9D9C,
9C9B9A9A,
9A9A9A9A,
9A9A9A9A,
64646464,
64646464,
64646464,
64646464,
66646261,
60606162,
676A7077,
7E858B8D,
9A999999,
9CA1A6A9,
A7A8AAAC,
ACACABAB,
ADABAAAB,
ACA9A39D,
9A948C85,
7E756A63,
5C50494D,
4F4D4E54,
58595A5B,
5D5E5F60,
62626161,
63656768,
64646464,
64646464,
64636262,
63646668,
66686A6B,
6C6C6B6A,
6A6B6C6C,
6965615E,
629CCDD9,
D1BBA396,
928A827F,
7E796F65,
6A6A6969,
68676767,
59656C66,
5A596979,
60646B6E,
6E696562,
6A6D747A,
7E807F7F,
7E7A7470,
71757B7F,
7475736F,
6D73818C,
94949495,
979A9C9E,
96999993,
8D8F99A3,
AA9E8C7F,
7E87959E,
A5A7A79F,
9899A5B0,
B4B4B3B2,
B0ADAAA8,
A9A7A6A5,
A5A4A3A1,
B6B7BABE,
C1BFB8B1,
A8A29C9C,
A4AFB7BC,
B0AFAEAD,
ADADAEAF,
B7BBBDB9,
B3AFB0B3,
B4AEAAAD,
B5BBB9B5,
A9AEB5BB,
BFC3C7CA,
C5C0BCBC,
BFC0BCB8,
ACA7ABBA,
C4C2BFC1,
BFBFBEBD,
BBBAB9B9,
C2C1BFBF,
BFC1C4C5,
C1C1C1C2,
C3C4C5C6,
C5C5C5C5,
C6C6C6C6,
C0BFBFC0,
C1C2C2C1,
BFC1C6CE,
D0C3A58B,
97979695,
93918E8D,
9098A8BC,
CCD3D2CE,
CAC6BEB8,
B6B8BCBF,
B9BFC8D1,
D6D6D4D2,
D3D2D0CE,
CCCAC9C9,
C9C8C7C6,
C6C7C9CA,
CCCCCCCC,
CCCCCCCC,
D2D2D3D4,
D5D6D7D7,
D9DADCDD,
DEDDDCDC,
CC542031,
352E2E38,
36363535,
34333332,
32333332,
302E2B2A,
25282B2B,
2B2C3136,
35353534,
34353536,
3743576E,
8290989B,
9A999896,
94939292,
9A9B9EA0,
A1A1A09F,
A0A09F9E,
9E9D9C9C,
9E9E9E9E,
9E9E9E9E,
9E9E9D9C,
9C9B9A9A,
9A9A9A9A,
9A9A9A9A,
64646464,
64646464,
64646464,
64646464,
66646261,
60606162,
686B7077,
7F868B8E,
99999A9C,
9FA3A6A8,
A8A9ABAC,
ADADACAB,
AEACABAC,
ADAAA49E,
9B958D85,
7E746962,
5C50494D,
4F4D4E54,
58595A5B,
5D5E5F60,
63626161,
61636566,
64646464,
64646464,
64636262,
63646668,
66686A6B,
6C6C6B6A,
68696A6A,
68645F5D,
5CA6D2D2,
D0C1AAA5,
938B8380,
7E796E64,
6A6A6A69,
69696868,
70655C5D,
6770716F,
5F656B6D,
6B676566,
76797C7E,
7C787370,
71717071,
73777B7E,
78736E6E,
75829099,
96969696,
97979796,
8E939696,
94959AA0,
998D817F,
8997A2A7,
9FA6AAA4,
9997A3B0,
B2B2B1B0,
ADA9A6A4,
ABA8A5A6,
A8A9A6A3,
B3B5B8BA,
B9B7B5B3,
9E9B9A9F,
A9B3BABC,
A8AAACAE,
AFAEAEAD,
B0B7BDB9,
AFAAACB2,
B6B1ABA9,
AEB5BBBD,
AFAFB1B7,
BFC4C3C1,
BAB2ACAC,
B0B2AFAA,
ADABB3C2,
C8C1BBBB,
BCBBBAB9,
B7B6B5B5,
C3C2BFBE,
BFC2C5C7,
C3C2C0BF,
BFBFC1C2,
C1C1C2C2,
C3C4C4C4,
BFBDBBBC,
BFC0BEBB,
B9BEC2C6,
CAC6AF98,
95959494,
9597999B,
A8B4C5D3,
D9D6CEC8,
B9BCBFC1,
C0BBB5B1,
C1C6CFD6,
D8D6D0CC,
D1CFCDCA,
C9C9CACA,
C9C8C7C7,
C8C9CBCC,
CDCDCDCD,
CDCDCDCD,
CECFD0D2,
D4D5D7D7,
DADBDDDE,
DEDDDCDB,
B9402836,
2F343138,
37373636,
35343433,
33333332,
2F2C2A28,
24282D2E,
2E303438,
36363636,
383A3D3E,
414E6278,
8A949798,
98979593,
93939495,
9D9EA0A1,
A1A09F9E,
A0A09F9E,
9E9D9C9C,
9E9E9E9E,
9E9E9E9E,
9E9E9D9C,
9C9B9A9A,
9A9A9A9A,
9A9A9A9A,
64646464,
64646464,
64646464,
64646464,
66646261,
60606162,
696C7178,
80878C8F,
97999CA0,
A3A5A6A6,
A8A9ABAD,
AEAEADAC,
AFADACAD,
ADABA49E,
9C968D85,
7E746961,
5C50494D,
4F4D4E54,
58595A5B,
5D5E5F60,
65646261,
60616263,
64646464,
64646464,
64636262,
63646668,
66686A6B,
6C6C6B6A,
67686969,
67635E5B,
63B8DBCD,
CDC0A9A9,
938B837F,
7D786C63,
6969696A,
6A6A6A6A,
736A6364,
6C706D67,
686D7373,
706E7073,
787A7E7F,
7D77716C,
6E717579,
7C7D7D7C,
7B746F75,
84929898,
93949697,
9694918F,
908C8C93,
9D9F958B,
8484878F,
98A0A2A2,
9FA4A8A7,
A4A3A7AB,
AAABABAC,
ABA9A7A6,
A9A5A4A7,
ADB1AFAC,
A4ADB5B6,
B0ABABAD,
999A9FA8,
B1B6B6B4,
ACACACAD,
AEAFB0B0,
AFB1B4B4,
B1ADABAB,
B9B7B3AE,
ABAEB5BC,
BDB5B0B5,
BFC3BAB0,
AFA7A0A2,
ABB0AEA9,
B4B3B9C2,
C1B7B2B6,
B5B5B6B7,
B7B8B9B9,
C6C3C0BE,
BFC2C7C9,
C5C3C0BD,
BBBCBDBE,
BDBDBEBF,
C0C1C2C2,
BFBBB7B9,
BDBFBBB7,
B7BFC2C1,
C5C7BBA9,
92919194,
9AA4ADB3,
C1CAD2D3,
CCC6C4C6,
BEBFC0C1,
C0BFBCBB,
D0D1D2D3,
D2D0CDCB,
CECCCAC8,
C8C9CBCC,
CACAC9C9,
CACCCECF,
CECECECE,
CECECECE,
CACBCDD0,
D2D5D7D8,
DBDCDDDE,
DEDCDBDA,
A2313037,
26373234,
38373736,
35353434,
33333231,
2F2B2826,
292D3132,
31313437,
37373738,
3B404447,
4E5A6D80,
8F959796,
95949291,
92949799,
9FA0A1A2,
A1A09E9D,
A0A09F9E,
9E9D9C9C,
9E9E9E9E,
9E9E9E9E,
9E9E9D9C,
9C9B9A9A,
9A9A9A9A,
9A9A9A9A,
64646464,
64646464,
64646464,
64646464,
66646261,
60606162,
696C7178,
80878C8F,
95989DA2,
A5A6A5A4,
A9AAACAD,
AEAEADAC,
AFADACAD,
AEABA49F,
9C968E86,
7E746860,
5C50494D,
4F4D4E54,
58595A5B,
5D5E5F60,
66656361,
60606061,
64646464,
64646464,
64636262,
63646668,
66686A6B,
6C6C6B6A,
66676868,
66625E5B,
71CAE6CD,
C9BAA0A3,
938B827E,
7D776B61,
6868696A,
6A6B6C6C,
64717C75,
655B626C,
666B706F,
6C6B7076,
6F73797E,
7F7C7774,
73777F85,
8785807D,
7C74727D,
909C9A92,
8F929597,
96928D8A,
9588818F,
A4A79076,
7A8696A0,
A29E9894,
A2A2A4A9,
AFB0ABA7,
A2A4A6A8,
AAAAAAA9,
A5A2A2A8,
B1B7B7B4,
97A5B3B5,
ABA2A2A5,
989CA4AF,
B7B7B1AB,
B3B1AEAC,
ACAFB2B4,
B1ADAAAE,
B4B4ACA4,
BABCBCB4,
ACA9AFB6,
CABCB1B4,
BFC0B3A3,
ACA49EA2,
AEB6B5B0,
BBB9BCBF,
B8ACACB3,
AFB1B3B6,
B9BCBFC0,
C7C5C1BF,
C0C3C8CB,
C7C4C0BC,
B9B9BABB,
BBBBBCBD,
BEBFC0C0,
BFBAB6B7,
BCBEBAB5,
B7C1C4BF,
C2C9C4B6,
8F8F9095,
A0AFBEC7,
CFD3D1C6,
B8B3BAC4,
CFC7BCB5,
B6C0CED7,
DCD9D3CD,
CACACBCD,
CCCAC8C6,
C7C9CCCE,
CBCACACA,
CBCDCFD1,
CECECECE,
CECECECE,
C7C8CBCE,
D1D5D7D8,
DBDCDDDE,
DDDCDAD9,
92283637,
1E37322F,
38383736,
36353434,
33333231,
2E2B2826,
2E323635,
32303134,
37373739,
3D43494C,
56627385,
92979695,
93929090,
9295999B,
A0A1A2A2,
A1A09E9D,
A0A09F9E,
9E9D9C9C,
9E9E9E9E,
9E9E9E9E,
9E9E9D9C,
9C9B9A9A,
9A9A9A9A,
9A9A9A9A,
60616365,
66666665,
68666463,
62626364,
63626160,
60616263,
666B7176,
7B818A91,
989A9DA0,
A3A4A5A5,
AAAAABAC,
ACADAEAE,
ACADAFAE,
ACA8A4A1,
9A948C85,
7E756B63,
59534C4A,
4C505151,
5E606260,
5C5A5C5E,
61636564,
605F6163,
62626262,
62626262,
5D5F6265,
66646261,
68676666,
67686A6B,
6D666465,
61595960,
88D0D8CA,
D7B694B1,
A18F8384,
82756F72,
6F686262,
676B6B68,
6B6E6E68,
62626A72,
5D616870,
7575706B,
777F8178,
6A66717E,
827F7F84,
8884786D,
646F7D8A,
91949596,
92969A9A,
958E8987,
8A8C929B,
9F978576,
888E98A1,
A6A49E99,
929BA6AE,
AEA89F9A,
979BA1A7,
AAABAAA8,
AAADAFAD,
AAADB6BE,
ABA4A5AC,
A899949A,
ACB4BAB3,
A7A4AEBA,
ADAEB1B3,
B3B2AFAE,
AFB2B3AF,
ACAEB7BF,
A8B1B9B9,
B2AEAFB3,
BEBBBABC,
BFBBB1A9,
9CA4B0BB,
BFBCB6B1,
BDBDBAB3,
ADAAADB1,
BEC1C4C5,
C4C0BCB8,
CCC9C5C1,
BFC0C3C5,
C4BFB8B2,
B2B6BCC0,
C2C1BFBD,
BCBCBDBE,
BEBDBAB9,
B9BCBFC1,
BABABBBC,
BEC1C3C5,
A69E9BA5,
BBCED5D6,
D2C7BAB5,
B9BEC0C0,
B9C0C9CE,
CFCECFD1,
D1D0CFCD,
CBC9C8C7,
CBCAC8C7,
C6C7C8C9,
CACACBCC,
CCCDCECE,
CFCFCECC,
CBCACACA,
C8CDD2D4,
D3D3D6D9,
DAD9E3E0,
D4E0E6D0,
71422029,
3B393334,
35393C38,
312F353B,
37363331,
30303031,
2E30302E,
2A2A2D30,
2F33383B,
3D41494E,
5D6B7F8F,
96969594,
94939292,
94979B9E,
A0A0A0A0,
A0A0A0A0,
9E9FA0A0,
9F9E9C9A,
9E9E9E9E,
9E9E9E9E,
9A9A9A9A,
9A9A9A9A,
9A9A9A9A,
9A9A9A9A,
61626365,
66666665,
67666462,
62626363,
65646261,
61626465,
666B7176,
7B818A91,
97999DA0,
A3A5A5A5,
AAABABAC,
ADADAEAE,
ACADAFAE,
ACA8A4A1,
9A948C85,
7E756B63,
59534C4A,
4C505151,
595C5E5D,
5A595B5E,
5F626463,
61606265,
62626262,
62626262,
5D5F6264,
65646361,
67676667,
67696A6B,
6D666465,
61595A62,
98D7DDCE,
D8BA9CB6,
A1918686,
82766F71,
69646164,
696D6C6A,
6C6C6A67,
65666C71,
6C6C6E70,
72716E6B,
7B7A7873,
6E6E7378,
7E7F8183,
837D736C,
6F7A8890,
9293979A,
97989996,
928D8987,
8A9CA99E,
85777E8C,
8F92979A,
9B9DA0A3,
9EA0A3A7,
A9A6A09C,
9B9C9EA1,
A5A9ACAE,
B0B1B0AC,
A8A9B0B7,
BBA99B9A,
99989FAC,
AEB4BAB6,
ADA8A9AE,
AEB0B3B4,
B3B0ACAA,
B0B2B2AE,
ABACB3BA,
B2B1B1B3,
B7BABCBC,
C4C0BCBA,
BAB5ABA4,
A7ABB0B5,
B8B9B8B7,
BEBFBEB9,
B3B0B2B4,
BDBFC2C4,
C4C1BDBA,
C3C3C3C2,
C1BFBDBC,
C0BDB8B4,
B4B7BBBE,
C0BFBDBC,
BCBCBDBE,
BBBAB8B7,
B8BBBFC1,
B6B6B7B9,
BDC2C7C9,
B4B3B7C1,
CFD6D4D0,
C3BDB6B5,
B9BBBAB8,
BEC4CCD0,
CFCECED0,
D0CFCECD,
CBC9C8C7,
CAC9C8C6,
C6C7C8C9,
CACACBCC,
CCCDCECE,
CCCCCCCB,
CAC8C7C6,
C8CDD2D4,
D3D3D5D8,
DBDAE3DF,
D5E3E6CD,
60391F27,
35322E31,
32343534,
3233373B,
3A383431,
2E2C2C2C,
2D303130,
2D2C3033,
393C3F41,
444A535B,
67748694,
99989796,
94939293,
95989C9E,
A0A0A0A0,
A0A0A0A0,
9E9FA0A0,
9F9E9C9A,
9E9E9E9E,
9E9E9E9E,
9A9A9A9A,
9A9A9A9A,
9A9A9A9A,
9A9A9A9A,
62636364,
64656565,
67656462,
61616263,
67666463,
63646667,
666B7176,
7B818A91,
96999CA0,
A3A5A6A6,
ABABACAC,
ADAEAEAF,
ACADAFAE,
ACA8A4A1,
9A948C85,
7E756B63,
59534C4A,
4C505151,
54575A5A,
59595C5F,
5D606363,
61616467,
62626262,
62626262,
5E606263,
64646362,
66666767,
68696A6A,
6C666465,
60595C66,
AADCDECD,
D2BAA3B7,
A1958B88,
82777171,
64636367,
6C6F6D6A,
6C686565,
686D6F6F,
72727272,
72727272,
7D767070,
74787775,
7D7F817E,
78726F6E,
7E8A9598,
9391979F,
9B999591,
8E8C8B8A,
939DA08F,
77718399,
96979793,
9095A2AC,
AFA79E9C,
A0A3A29E,
9E9D9C9D,
A1A7AEB3,
B6B6B4AF,
A9A6A8AB,
BAA79694,
9AA1AAB4,
B1B4B6B6,
B3ADA7A3,
ADB0B3B5,
B4B0ABA7,
B1B1B0AD,
A9A9AEB2,
BBB2ACB0,
BCC6C7C5,
C2BDB9B6,
B5B2ACA8,
B4B3B1B1,
B3B6BABC,
BDC0C2C0,
BBB7B7B8,
BBBDC0C2,
C3C1BFBD,
BBBDC1C2,
C1BCB7B3,
BAB9B7B6,
B6B8BABB,
BCBBBABA,
BABBBDBE,
B9B7B5B4,
B5B8BBBE,
B7B6B6B7,
BABFC4C8,
BAC0C9D0,
D2CEC6C0,
B9B8B8BA,
BEBFBCB9,
C5CBD0D2,
CFCDCCCE,
CFCECDCC,
CAC9C8C8,
C9C8C7C6,
C6C7C9CA,
CACACBCC,
CCCDCECE,
CACACACA,
C8C6C3C1,
C7CCD1D3,
D2D2D5D8,
DCDAE2DE,
D7E7E4C2,
482E1F26,
2E29282F,
302D2C2E,
33373838,
3A38342F,
2C292827,
2C303333,
31313437,
3E404243,
47505D66,
75808F99,
9B9A9797,
93929394,
96999D9F,
A0A0A0A0,
A0A0A0A0,
9E9FA0A0,
9F9E9C9A,
9E9E9E9E,
9E9E9E9E,
9B9B9B9B,
9B9B9B9B,
9B9B9B9B,
9B9B9B9B,
64646363,
63646566,
66656361,
60616162,
68676665,
65666768,
666B7176,
7B818A91,
95989CA0,
A3A6A7A7,
ACACADAD,
AEAFAFB0,
ACADAFAE,
ACA8A4A1,
9A948C85,
7E756B63,
59534C4A,
4C505151,
52565A5B,
5A5B5F63,
5B5E6263,
61626669,
62626262,
62626262,
5F606162,
63636363,
65666769,
696A6969,
6A666566,
5F585F6C,
B8DBDAC8,
C6B6A6B2,
9E98918B,
837A7472,
66676A6D,
6E6D6A67,
6C666164,
6C71706D,
6B6F7476,
7777797B,
7B777374,
787C7C7B,
80807D73,
6A687079,
8A959E9B,
928E959D,
98938F8D,
8E909090,
9B897775,
82909491,
97999892,
8D919FAB,
B9AA9A94,
99A0A2A1,
9D9D9EA0,
A4A9AEB1,
B7B9BAB7,
B1A8A19D,
A39C99A1,
ADB2B1AE,
B5B1ADAF,
B2B1AAA4,
A9ACB0B3,
B3B1ADAA,
B2B1AFAB,
A9A8A9AB,
B7B3B0B4,
BCC3C5C4,
B6B4B2B1,
B2B4B5B5,
B9B7B5B3,
B3B5B8B9,
B9BEC2C3,
BFBBBABA,
B9BBBEC0,
C1C1C0BF,
BBBCBEBE,
BCB9B6B4,
B3B4B6B7,
B8B9B9B8,
B9B9B8B7,
B8B9BBBC,
BBB8B5B1,
B0B1B3B4,
BBBAB8B8,
B9BCBFC1,
C1C6CBCB,
C7C2BFBE,
BEBEBFC2,
C5C8C8C7,
CDD1D4D3,
CECBCACB,
CDCDCCCB,
CAC9C8C8,
C8C8C7C6,
C7C8CACB,
CACACBCC,
CCCDCECE,
CACACAC9,
C7C4C2C0,
C7CBD1D2,
D2D2D4D7,
DCDBE0DC,
D9E9DCAE,
34272228,
2A25272F,
322C282B,
32373531,
3634312D,
2B292929,
2C303436,
3434373A,
393B3D3F,
4552626D,
8189949A,
9A979595,
91929396,
989B9E9F,
A0A0A0A0,
A0A0A0A0,
9E9FA0A0,
9F9E9C9A,
9E9E9E9E,
9E9E9E9E,
9C9C9C9C,
9C9C9C9C,
9C9C9C9C,
9C9C9C9C,
67656362,
62636466,
65646260,
60606161,
68676665,
65666768,
666B7176,
7B818A91,
94979BA0,
A4A6A8A8,
ACADADAE,
AFAFB0B0,
ACADAFAE,
ACA8A4A1,
9A948C85,
7E756B63,
59534C4A,
4C505151,
54585C5D,
5D5F6367,
5B5E6263,
61626669,
62626262,
62626262,
61616161,
62636465,
6465686A,
6B6A6968,
68666666,
5E586272,
C7DAD8C8,
C0B7AEB1,
9A9A968D,
857F7A76,
6F717372,
6F6B6765,
6B656165,
6D72706B,
676F777B,
78767678,
777A7D7C,
7A7B7F83,
85807669,
61677887,
8F979D9A,
918C9096,
8F8B898C,
92969492,
917A6771,
8D9F988A,
93979A98,
94949AA0,
B5A89891,
949BA1A2,
9D9FA4A8,
ABACACAC,
B2B6BBBD,
B8AC9D92,
95999FA9,
B4BBB7AF,
B7AEA5A5,
ACB2B2AE,
A6A8ACAF,
B1B1B1B1,
B3B0ADAB,
AAA9A7A6,
ACB3B9BB,
B8B6B8BB,
B1B2B2B2,
B2B4B7BA,
B6B7B9B9,
B9B6B3B1,
B4B9BFC0,
BEBBBBBC,
BABBBCBE,
BFC0C0C0,
C0BEBBB8,
B6B6B8B9,
AEB0B3B7,
B9B9B8B8,
B8B7B6B5,
B5B6B8B9,
BDBAB4AF,
ABA9A9A9,
B6B7B8BA,
BDC0C2C3,
CCCAC5BF,
BBBEC7CE,
C4C4C4C4,
C6CBD1D6,
D1D4D5D2,
CCC8C8C9,
CBCBCACA,
C9C9C8C8,
C7C7C6C6,
C7C9CBCC,
CACACBCC,
CCCDCECE,
CDCCC9C6,
C4C2C1C1,
C6CBD0D2,
D1D1D3D6,
DBDADFDA,
D9E7CD8F,
2926272A,
29272A32,
362F292B,
3134312C,
302F2E2C,
2C2D2E2E,
2B303638,
3636373A,
33363A40,
49596B77,
898F9699,
96939191,
90919497,
9B9D9FA0,
A0A0A0A0,
A0A0A0A0,
9E9FA0A0,
9F9E9C9A,
9E9E9E9E,
9E9E9E9E,
9C9C9C9C,
9C9C9C9C,
9C9C9C9C,
9C9C9C9C,
69676461,
60626466,
64636160,
5F5F6061,
67666463,
63646667,
666B7176,
7B818A91,
93969A9F,
A4A7A9AA,
ADAEAEAF,
B0B0B1B1,
ACADAFAE,
ACA8A4A1,
9A948C85,
7E756B63,
59534C4A,
4C505151,
55595D5F,
5E5F6467,
5D606363,
61616467,
62626262,
62626262,
62616060,
61626466,
6365686B,
6C6B6866,
67656766,
5D586477,
D5DBDACC,
BFBDBAB2,
949B9A8F,
8684807A,
777A7A77,
706B6969,
69676668,
6C6E6D6B,
6E757A78,
716C6D70,
767B7F7F,
7B7A7E83,
847D7166,
66718390,
90949897,
938F8D8D,
87868890,
999A938B,
7F7F8085,
8C90908F,
9194989C,
9D9A9591,
A49F9994,
93979EA3,
A2A5ABAF,
B0AFACA9,
ACAEB2B6,
B4AB9C91,
9FA5A6A4,
A9B4BAB8,
B6ACA2A1,
A8B0B4B5,
AAA9A9AA,
ACAFB2B4,
B3AFACAC,
ADACA8A5,
A7B1BBBA,
B2ACADB1,
B3B6B8B7,
B4B2B4B6,
B1B4B9BC,
BBB6B0AC,
B1B5BABC,
BBBABDC0,
BCBCBCBC,
BDBDBEBE,
C1BDB8B3,
B2B3B7B9,
ABADB0B4,
B7B8B9B9,
B8B7B5B3,
B2B2B3B4,
BCB8B2AB,
A6A4A3A3,
ADB1B8BF,
C5C7C8C8,
C5BEB4AE,
B1BBC7CF,
C3C4C5C4,
C4C9D1D8,
D3D4D4D0,
CAC6C6C7,
C9C9C9C9,
C9C9C9C9,
C6C6C5C6,
C7C9CCCD,
CACACBCC,
CCCDCECE,
CFCBC5BF,
BCBCBFC1,
C5CACFD1,
D0D0D2D5,
D9DADED8,
D8E1B86A,
2728292A,
2A2A2E33,
36322E2D,
2F302F2D,
2F2E2D2D,
2E2F3133,
2B313739,
37353536,
30363E48,
55677A86,
8F939797,
938F8F90,
8E919599,
9D9FA0A1,
A0A0A0A0,
A0A0A0A0,
9E9FA0A0,
9F9E9C9A,
9E9E9E9E,
9E9E9E9E,
9D9D9D9D,
9D9D9D9D,
9D9D9D9D,
9D9D9D9D,
6B686460,
5F616466,
6463615F,
5E5E5F60,
65646261,
61626465,
666B7176,
7B818A91,
92959A9F,
A4A7A9AA,
AEAEAFAF,
B0B1B1B2,
ACADAFAE,
ACA8A4A1,
9A948C85,
7E756B63,
59534C4A,
4C505151,
55595C5D,
5C5D6064,
5F626463,
61606265,
62626262,
62626262,
6361605F,
60626567,
6265696C,
6D6B6866,
65656766,
5C58677B,
D9D5D6CD,
BCBEBEAE,
8F9A9C91,
8888867F,
7C7E7E78,
716D6F73,
66696C6C,
6A696A6C,
7375756D,
64636C75,
79777779,
7C7D7A77,
7D766E6D,
74808B91,
8F8F9196,
99968E86,
84858C97,
A09C8C7E,
7B869295,
908D9095,
9493949B,
A29F9388,
8E959B9A,
95949BA2,
AEAEAFAF,
AFAEAEAD,
A7A4A1A3,
A5A49D97,
AAB4B5A7,
A0A9B2B5,
B2ADA8A6,
A8ACB0B2,
B3AFAAA6,
A5A9AFB3,
B3AFACAD,
B0B0ABA6,
ADAFB0B0,
AEADADAE,
AFB5BBBC,
B8B5B6B9,
AFB2B6B9,
B8B4AFAC,
B2B5B8B9,
B9BBC1C5,
BFBEBCBB,
BBBBBCBC,
B8B7B5B3,
B2B1B1B1,
AAABADB0,
B4B7BABC,
BAB8B5B2,
B0AFAFAF,
B5B2ADA8,
A4A3A4A4,
B2B8C0C8,
CAC8C3BF,
B7B0AAAC,
B6BFC4C4,
BEC4C9CA,
C9CACFD4,
D2D3D2CD,
C7C3C4C6,
C8C8C8C8,
C8C9C9C9,
C5C5C5C6,
C7CACCCE,
CACACBCC,
CCCDCECE,
CFC8BDB4,
B1B4BABE,
C5C9CED0,
CFCFD2D5,
D7D9DDD7,
D6DAA449,
29292827,
292D3131,
30313231,
2E2F3236,
3332312F,
2F303132,
2B313739,
36323132,
2B33404F,
5F728591,
94979997,
93909092,
8D90959A,
9EA1A1A1,
A0A0A0A0,
A0A0A0A0,
9E9FA0A0,
9F9E9C9A,
9E9E9E9E,
9E9E9E9E,
9E9E9E9E,
9E9E9E9E,
9E9E9E9E,
9E9E9E9E,
6C686460,
5F606466,
6362605F,
5E5E5F60,
63626160,
60616263,
666B7176,
7B818A91,
92959A9F,
A4A8AAAB,
AEAEAFB0,
B0B1B2B2,
ACADAFAE,
ACA8A4A1,
9A948C85,
7E756B63,
59534C4A,
4C505151,
54575B5B,
59595D60,
61636564,
605F6163,
62626262,
62626262,
6362605E,
5F626567,
6164696C,
6D6B6865,
65656866,
5C58687E,
D5CDD0C8,
B6BABCA7,
8B9A9D91,
898B8982,
7C7E7E79,
7270767C,
656B716F,
6865676C,
70706B61,
5A607282,
7D736C71,
7D81776B,
75706E75,
828C908F,
8F8D8E96,
9E9C9083,
8587909C,
A49B8673,
84868C95,
9C9E9A95,
99939098,
A3A29384,
7F8E9D9F,
979399A1,
B8B5B0AD,
ACADB0B2,
A59D9492,
979D9F9E,
AABDC3B3,
A4A4A7A6,
AEAEAEAC,
AAA9AAAB,
BCB5ABA3,
A1A4ABAF,
B2AEABAE,
B2B2ADA7,
B5ADA5A5,
ADB2B1AE,
A5AEB9BE,
BDBCBEC2,
B0B1B3B4,
B4B2B0AE,
B4B6B8B8,
B9BDC4CA,
C0BFBDBB,
BABABABB,
AFB1B4B5,
B3AFABA8,
AAABACAE,
B2B6BBBD,
BBB9B5B2,
AFADACAC,
AEACA8A5,
A4A4A6A8,
BEC4CBCF,
CCC3B7B0,
B7B2B2BC,
CAD0CAC1,
BCC5D0D4,
D1CECFD1,
D1D1D0CB,
C5C2C3C6,
C7C7C7C8,
C8C8C9C9,
C5C5C5C5,
C7CACDCE,
CACACBCC,
CCCDCECE,
CDC4B7AC,
A9ADB5BC,
C4C9CED0,
CFCFD2D4,
D5D8DDD6,
D5D59735,
2A2A2623,
272E312F,
2A2F3433,
2F2F363E,
38373432,
302F2F30,
2C313738,
35302E2E,
242E3E50,
62758894,
979A9B99,
94919294,
8C90959B,
9FA1A2A1,
A0A0A0A0,
A0A0A0A0,
9E9FA0A0,
9F9E9C9A,
9E9E9E9E,
9E9E9E9E,
9E9E9E9E,
9E9E9E9E,
9E9E9E9E,
9E9E9E9E,
64625F5E,
5F626567,
64646464,
64646464,
65646463,
6160605F,
65676B72,
7B838A8F,
95979BA0,
A3A6A7A8,
ACACACAC,
ACACACAC,
ADAEAFAE,
ACA8A4A1,
97938D88,
827A6F66,
5956514D,
4D4F5255,
56585B5E,
61636363,
64646464,
64646464,
62626262,
62626262,
62626262,
62626262,
6B696765,
6567696B,
66616A5A,
5857558F,
D5DEDCC9,
B6B1B1B0,
968B8E9B,
947D7986,
71798181,
7B747171,
6063676B,
6D6F7071,
716A6362,
676F7375,
7A767579,
7F7F7870,
646A7684,
8E918C86,
968F9198,
8F7F869C,
8595A19A,
84737075,
898E9496,
94929293,
999599A1,
9E908685,
918E8D91,
99A0A4A5,
9CABB9B7,
A9A1A6AE,
B49E8887,
98AAAFAC,
B1B4B7B8,
B3ABA29C,
9CA6AFB0,
ACA9ABB0,
B0B5B8B4,
AAA5A7AB,
B7B7B6B4,
B1ADA9A7,
A7A9ABA9,
A7A8ACB0,
B5B5B5B5,
B5B4B4B4,
AAAEB4BA,
BBB9B4B1,
AEB0B4B8,
BCBEBFBF,
BFBEBCB9,
B7B4B2B1,
B1B1B3BA,
C0BCB0A4,
9EAFB7AE,
A5AAB5BB,
BDBDBAB4,
ADA9ABAD,
9FABAB9B,
97A9BFC9,
CDCBC7C1,
BAB2ACA9,
BEBFC1C4,
C7CACCCD,
CECECECE,
CECECECE,
CBC8C4C1,
C1C4C8CB,
C8C8C8C8,
C8C8C8C8,
C6C6C7C8,
C8C9CACA,
C2CED1C7,
C4CCCFC9,
C8B1A2A5,
A9A8ADB7,
C0C2C7CC,
D1D2D0CD,
D1EBD3C3,
E2CA6E2F,
2A22222C,
322B2423,
252A3033,
3335393D,
3F39312D,
2E30302F,
37363638,
3A362F28,
24304459,
6D7F909B,
9F9C9894,
92919294,
9C9EA0A1,
A2A2A1A0,
A0A0A0A0,
A0A0A0A0,
A2A2A1A0,
A09F9E9E,
9E9E9E9E,
9E9E9E9E,
9E9E9E9E,
9E9E9E9E,
9C9C9C9C,
9C9C9C9C,
62616060,
61626465,
64646464,
64646464,
64646362,
62616060,
65676B72,
7B838A8F,
95979CA0,
A4A6A8A8,
ACACACAC,
ACACACAC,
ACADAEAE,
ACA8A4A1,
97938D88,
82796E66,
5956514D,
4D4F5255,
57595C5F,
61626261,
63636364,
64656565,
62626262,
62626262,
62626262,
62626262,
6A696765,
6567696A,
6A656F5F,
5D5C5A94,
DBDCD4C4,
BAB8B2A9,
9094938C,
87898B8B,
777D8382,
7B74706F,
6E676161,
676E7171,
676B6D6B,
696B7279,
7C787472,
72716E6C,
6F76818A,
8F908E8C,
96919090,
8B848892,
93979588,
78717781,
8C909495,
94939598,
9C999C9F,
98898285,
8C8E9093,
989FA6AA,
9CA2ABB1,
B1ACA6A1,
A093888C,
9DAEB5B4,
B4B4B3B1,
AEAAA6A4,
9FA2A8AF,
B2B1ACA7,
ADB1B5B6,
B2AEABAB,
ABACACAD,
AEAFAFB0,
9BA2AAAE,
ADABAAAB,
B5B5B4B2,
B1AFAEAE,
ABAFB3B8,
BAB9B7B6,
B1B2B4B6,
B9BCBEBF,
BEBDBBB9,
B6B4B2B1,
B4B4B4B7,
B9B8B3AE,
AEA8ADB5,
AFA4ABBE,
B5B6B6B2,
ACA8A9AB,
919FA8AB,
B4C5CDCA,
CDC5BAB1,
ADB0B6BB,
C0C1C3C6,
C8CBCDCE,
CDCDCDCD,
CDCDCDCD,
CAC8C4C2,
C2C4C8CA,
C8C8C8C8,
C8C8C8C8,
C6C7C7C8,
C9C9CACA,
C5CECFC9,
C9CFCCC2,
B5A7A0A5,
AAA9AFBA,
BBC4CDCF,
CBC8CACD,
D3E3D3CE,
DCAE5629,
2D232129,
2F2C2A2D,
2F31312F,
2E30363C,
3B352E2C,
2D30302F,
34333336,
38362F29,
28364C61,
7485949D,
9E9C9794,
92929394,
9C9EA0A1,
A2A2A1A0,
A0A0A0A0,
A0A0A0A0,
A2A2A1A0,
A09F9E9E,
9E9E9E9E,
9E9E9E9E,
9E9E9E9E,
9E9E9E9E,
9C9C9C9C,
9C9C9C9C,
5F606263,
64646362,
63636363,
63636363,
64636362,
62616160,
65676B72,
7B838A8F,
96989CA1,
A4A7A8A9,
ACACACAC,
ACACACAC,
ACADAEAE,
ABA7A3A0,
98948E88,
82796E65,
5956514D,
4D4F5255,
5A5B5D5F,
6060605F,
61626263,
65666667,
62626262,
62626262,
62626262,
62626262,
69686665,
65666869,
69646E5F,
5D5C5B94,
E1DACCBF,
BEBFB3A3,
98A7A186,
81939A8F,
80848784,
7C746F6C,
70696364,
696D6B68,
616C7573,
6B69727D,
7D797268,
6161666B,
7E868F91,
8E8C8F93,
94948E86,
878E8E88,
9C938475,
6E73828E,
90929594,
9394999D,
9E9C9D9D,
91828087,
8C919798,
979AA3AB,
9E9A9CA8,
B3B2A394,
94929299,
A4AEB2B3,
B3B1ADAA,
A8A9AAAC,
A29FA1AB,
B5B7ADA3,
ACADB0B4,
B6B5AEA9,
A0A0A1A3,
A8AEB3B7,
9CA1A6A8,
A8A9ACB0,
B2B1B0AE,
ABA9A8A7,
AEB0B2B4,
B7B9BBBC,
B5B4B3B3,
B5B9BDBF,
BCBBB9B7,
B5B3B2B1,
B4B6B7B5,
B3B3B6B9,
BDA6A4B9,
B8A1A2BA,
B4B4B2AC,
A5A1A1A3,
94A1B1C0,
CFD8D0C2,
C0BAB3AE,
AFB5BDC3,
C4C5C6C8,
CACCCDCE,
CBCBCBCB,
CBCBCBCB,
C9C7C5C3,
C3C5C7C9,
C8C8C8C8,
C8C8C8C8,
C7C7C8C8,
C9CACACB,
CACDCDCB,
CFD1C6B8,
A7A2A1A5,
A5A4ACB7,
B9C4CDCA,
C0BCC3CD,
D6D6D4DD,
D1853826,
3026232A,
2F2E3036,
3736322D,
292C343A,
342F2A29,
2C2F302F,
2F2E2F33,
3736322D,
303F576E,
7F8D989E,
9D9A9693,
92939596,
9C9EA0A1,
A2A2A1A0,
A0A0A0A0,
A0A0A0A0,
A2A2A1A0,
A09F9E9E,
9E9E9E9E,
9E9E9E9E,
9E9E9E9E,
9E9E9E9E,
9C9C9C9C,
9C9C9C9C,
5D5F6265,
66656260,
62626262,
62626262,
63626262,
62626261,
65676B72,
7B838A8F,
96999DA1,
A5A8A9A9,
ACACACAC,
ACACACAC,
ABACADAD,
ABA7A29F,
99958E89,
82786D64,
5956514D,
4D4F5255,
5B5D5E5F,
605F5E5D,
60616263,
65666768,
62626262,
62626262,
62626262,
62626262,
67676666,
66666767,
645F695A,
59585791,
DFDACDBF,
BCBCB2A3,
ADB3AB96,
8C939691,
898A8A86,
7F766F6C,
666A6F70,
6D67615E,
656C7271,
6C6D767F,
7C797063,
595B6874,
89929895,
8B868C94,
8F938C81,
899B9783,
90857770,
737F8C94,
93959594,
92949BA0,
9B9A9B99,
8D81848F,
939BA19D,
949097A0,
A29B979D,
A8A99D90,
999FA6AA,
ABA9A8A8,
ADACAAA9,
A9AAACAD,
A4A2A2A7,
AEB0AEA9,
B2ACA9AB,
B0B2ACA5,
A09E9D9D,
A1A8AEB3,
ABA9A5A0,
9EA3AEB6,
AAAAA9A9,
A8A7A7A7,
B1B0B0B1,
B4B8BCBF,
BAB7B3B1,
B2B5BABD,
B9B9B7B6,
B4B2B1B0,
AEB4B9B7,
B2B1B7BD,
C0ADA6B1,
B3A8A3AA,
B8B5AFA5,
9C9A9DA2,
AFB8C4CD,
D0CBC0B5,
B0B4B9BD,
C0C0BFBD,
C7C8C9CA,
CBCCCDCD,
C8C8C8C8,
C8C8C8C8,
C8C7C5C4,
C4C5C7C8,
C8C8C8C8,
C8C8C8C8,
C8C8C9C9,
CACBCBCC,
CFCCCACE,
D3CFBEAC,
A6A6A5A1,
9B9BA5B1,
BFC0BEB8,
B3B6C0CA,
D4CAD5E6,
BE5E242A,
312A2A31,
332F2F35,
34353430,
2D2D3237,
2E2A2728,
2C2F302E,
2B2B2C31,
37393734,
39496278,
8892989C,
9A989593,
93949698,
9C9EA0A1,
A2A2A1A0,
A0A0A0A0,
A0A0A0A0,
A2A2A1A0,
A09F9E9E,
9E9E9E9E,
9E9E9E9E,
9E9E9E9E,
9E9E9E9E,
9C9C9C9C,
9C9C9C9C,
5D5F6265,
66656260,
62626262,
62626262,
61626262,
62626263,
65676B72,
7B838A8F,
979A9EA2,
A6A8AAAA,
ACACACAC,
ACACACAC,
AAABACAC,
AAA6A19F,
9A968F89,
82786C63,
5956514D,
4D4F5255,
5B5D5E5F,
605F5E5D,
62626364,
64656666,
62626262,
62626262,
62626262,
62626262,
65656666,
66666565,
625E695A,
59595892,
D9DAD2C2,
B8B6B0A8,
B0A6A4A7,
9D8C8994,
8F8D8B87,
827B746F,
6971766E,
60595F68,
6E6B6869,
6E747A7C,
78766F64,
5E647583,
8E959993,
8782878F,
8A908B84,
90A19A83,
79757379,
838D9293,
96979794,
9293999E,
96939496,
90888D99,
9DA4A79F,
91888A91,
A5A09995,
95969798,
A1AAB3B6,
B1AAA5A3,
A5A6A9AB,
ACABAAA9,
A6A7A7A4,
A1A4ACB4,
B7ADA4A1,
A5A7A5A1,
A7A5A09D,
9EA1A5A8,
ADAEACA8,
A3A3A7AB,
A1A2A4A6,
A8AAABAC,
B1B0AEAE,
B1B5BABE,
BCB9B4B1,
B0B3B6B9,
B6B6B5B4,
B3B1B0B0,
A6AFB8B9,
B5B2B5B9,
B7B9B0A2,
A5B1AA97,
B2AEA79F,
9B9FAAB3,
C7CCD0CB,
BEB2B1B6,
B6BAC0C5,
C7C6C3C1,
CACACACA,
CACBCBCB,
C4C4C4C4,
C4C4C4C4,
C7C6C6C5,
C5C6C6C7,
C8C8C8C8,
C8C8C8C8,
C8C9C9CA,
CBCBCCCC,
D2CBC9CF,
D2C7B3A4,
A4A7A49B,
969CA9B4,
C0B3A4A0,
A8B6C2C7,
CFC4D7DF,
9E422132,
2D2C323C,
3A302A2D,
2B303637,
34313132,
2B282628,
2D302F2D,
2A2A2C32,
3A3F403E,
45556D81,
8D939698,
98969493,
9395989A,
9C9EA0A1,
A2A2A1A0,
A0A0A0A0,
A0A0A0A0,
A2A2A1A0,
A09F9E9E,
9E9E9E9E,
9E9E9E9E,
9E9E9E9E,
9E9E9E9E,
9C9C9C9C,
9C9C9C9C,
5F606263,
64646362,
61616161,
61616161,
60616162,
62636364,
65676B72,
7B838A8F,
989A9EA3,
A7A9ABAB,
ACACACAC,
ACACACAC,
A9AAABAB,
A9A5A19E,
9C979089,
82776B62,
5956514D,
4D4F5255,
5A5B5D5F,
6060605F,
64646464,
64646464,
62626262,
62626262,
62626262,
62626262,
63646667,
67666463,
66616C5E,
5E5E5E98,
D7DAD3C2,
B6B3AFA8,
9F9297A8,
A2898596,
918E8A87,
85817A75,
79786F5E,
50516375,
6C676468,
70777977,
75726E6A,
6C75838D,
8F939590,
88838589,
888A8B8D,
969B8F7E,
696E7783,
8E949491,
96989895,
92909397,
948D8D94,
9794979E,
9DA1A39C,
91888688,
A3A19B91,
898B96A0,
A2A9B2B6,
B4AFAAA7,
A2A4A8AA,
ABAAA9A7,
A8ABABA4,
9C9DA8B3,
B3ACA4A0,
9FA0A09F,
ACA9A5A2,
A0A0A1A2,
A1A9B3B5,
AFA59C97,
9EA0A2A6,
AAADB0B1,
B0AFADAD,
AEB1B5B7,
BDBAB6B3,
B1B1B2B3,
B4B3B3B2,
B1B0B0AF,
A3A9B1B5,
B6B4B4B5,
AEBDB49A,
9BB0AA8E,
A0A2A2A3,
A7B0BEC7,
C9C9C9C3,
B3A9B2C3,
C9C6C2C0,
C1C6CBCF,
CACACAC9,
C9C8C8C8,
C1C1C1C1,
C1C1C1C1,
C6C6C6C6,
C6C6C6C6,
C8C8C8C8,
C8C8C8C8,
C9CACACB,
CCCCCDCD,
D3CBC9CE,
CBBBA89F,
9BA09F99,
9CA9B5B9,
B1A09091,
A3B7C2C4,
C9C5D8C8,
75302934,
282B3540,
3D302A2D,
282F373A,
37322F2E,
2B29282A,
2E302F2C,
2C2B2E36,
40484A4A,
56647888,
91949596,
96959392,
93969A9D,
9C9EA0A1,
A2A2A1A0,
A0A0A0A0,
A0A0A0A0,
A2A2A1A0,
A09F9E9E,
9E9E9E9E,
9E9E9E9E,
9E9E9E9E,
9E9E9E9E,
9C9C9C9C,
9C9C9C9C,
62616060,
61626465,
60606060,
60606060,
60606162,
62636464,
65676B72,
7B838A8F,
999B9FA3,
A7AAABAC,
ACACACAC,
ACACACAC,
A9AAABAB,
A8A4A09D,
9C979089,
81776A61,
5956514D,
4D4F5255,
57595C5F,
61626261,
68676665,
63626160,
62626262,
62626262,
62626262,
62626262,
62636567,
67656362,
65606C5E,
5E5E5E99,
DCD8CBBE,
BABAB0A2,
95979CA0,
9B928E91,
918C8787,
8887827C,
7E74665B,
585C6369,
5C626B72,
74747372,
74706D70,
79838B8E,
8E8F908F,
8C888684,
8A868B97,
988A7A72,
6C737D86,
8C909395,
95989A97,
928D8D8E,
978C8995,
9F9F9C9C,
92939595,
93908D8C,
9C9A968F,
8B8F99A3,
A5A7ABAF,
B1AFAAA6,
A6A6A5A4,
A5A7A9AA,
AAAAAAA7,
A4A2A3A4,
A5A8AAA8,
A4A09F9F,
A8A7A7A6,
A6A6A6A6,
9EA4ABAC,
A69F9A98,
A3A4A6A9,
ACAFB1B2,
AFAEADAC,
ACADAEAF,
BCBBB8B6,
B3B0AEAD,
B2B2B1B1,
B0B0AFAF,
A7A6A6AA,
B0B5B5B4,
ADB4AE9E,
9BA4A093,
969EA9B2,
B9BEC5CA,
BDB8B9BE,
BBB4BBC9,
C9C7C4C3,
C4C9CED2,
CACAC9C8,
C6C5C5C4,
BFBFBFBF,
BFBFBFBF,
C5C6C6C7,
C7C6C6C5,
C8C8C8C8,
C8C8C8C8,
CACACBCB,
CCCDCDCE,
D2CBC9CC,
C3AD9F9E,
979FA2A1,
A9B7B8B0,
918B8890,
A2B4BFC3,
C4CBD9AA,
4A24312E,
2326313B,
3A303037,
30343938,
332E2C2D,
2D2B2A2C,
30312E2B,
2F2E313A,
46505455,
68738490,
95979798,
94939292,
94979C9E,
9C9EA0A1,
A2A2A1A0,
A0A0A0A0,
A0A0A0A0,
A2A2A1A0,
A09F9E9E,
9E9E9E9E,
9E9E9E9E,
9E9E9E9E,
9E9E9E9E,
9C9C9C9C,
9C9C9C9C,
64625F5E,
5F626567,
60606060,
60606060,
5F606061,
63646465,
65676B72,
7B838A8F,
999B9FA4,
A8AAACAC,
ACACACAC,
ACACACAC,
A8A9ABAA,
A8A4A09D,
9D989089,
81766A61,
5956514D,
4D4F5255,
56585B5E,
61636363,
6A696765,
63615F5E,
62626262,
62626262,
62626262,
62626262,
61636567,
67656361,
605C6759,
595A5A94,
E3D6C3B9,
BEC1B19B,
9AACAD9A,
939C998A,
908A8687,
8A8B8681,
756A6265,
6E6D5E4F,
4C5F747C,
776F6D70,
75706D74,
808A8D8B,
8E8D8D8E,
908E8882,
8B838B9C,
987D6968,
767B8184,
858A939A,
95989B98,
928B8888,
9B8D8896,
A4A49D98,
8686898F,
96999693,
9593908F,
92989EA1,
ACA9A7A9,
ACABA59F,
ACA8A29E,
9FA3AAAE,
ACA8A6AA,
AEAA9F94,
98A3AFB2,
ACA4A1A1,
A1A3A6A9,
ABACADAD,
A8A49D95,
91959FA8,
A8A9AAAC,
ADAFB0B1,
ADADADAC,
ABABAAA9,
BBBBBAB7,
B4B0ACA9,
B1B1B0B0,
B0AFAFAF,
ACA59EA1,
ABB4B7B6,
B1A9A5A6,
A096959B,
96A3B5C2,
C5C3C0BF,
B4ABAFBF,
C7C2C0C6,
BBC0C8CF,
D1CFCBC7,
CAC9C8C6,
C5C4C2C2,
BEBEBEBE,
BEBEBEBE,
C4C5C7C8,
C8C7C5C4,
C8C8C8C8,
C8C8C8C8,
CACACBCC,
CCCDCECE,
D1CACACB,
BDA59A9E,
9AA4A9AA,
B4BDB3A0,
777E8996,
A3B0BCC3,
C2D0D995,
2E1D3526,
20222B35,
35313642,
3A3B3A34,
2E2A2A2C,
2F2D2C2E,
31322E2A,
3131343D,
4A555A5C,
747E8B95,
9999999A,
94929192,
94989C9F,
9C9EA0A1,
A2A2A1A0,
A0A0A0A0,
A0A0A0A0,
A2A2A1A0,
A09F9E9E,
9E9E9E9E,
9E9E9E9E,
9E9E9E9E,
9E9E9E9E,
9C9C9C9C,
9C9C9C9C,
60616262,
61605E5C,
5C5D5F60,
605F5D5C,
5E5E5F60,
60616262,
5E667078,
7F858D93,
97999DA2,
A6A8A9AA,
ACACACAC,
ACACACAC,
AAABABAA,
A9A7A4A3,
9896918A,
80756C66,
5B554E4C,
4E525353,
5A5B5C5D,
5F606162,
62626262,
62626262,
62626262,
62626262,
5E5E5F5F,
60616162,
65656666,
66676767,
625A655A,
58565EA7,
D8C6BFC4,
B9A6A7B9,
B29993AA,
B6A5928D,
9A84869D,
98786F81,
6C6E6D67,
605B5A5B,
6867696D,
73736D67,
5E677688,
94958C83,
7E868F8F,
89858689,
7E9BA48C,
7574756D,
83828285,
8B909293,
9F998E8A,
92988C79,
939098A6,
A3938C91,
89929D9E,
99949599,
8E80829C,
B0AC9E96,
A6A7A8A9,
A9A7A4A3,
BEABA1A8,
ACA6A4A8,
A7A8AAAA,
A9A5A19F,
A29B98A1,
AFB3A99D,
969EA8AD,
ACA8A5A4,
9595979D,
A5A9A9A7,
B1ADA8A5,
A5A8ABAE,
AEB2B0A7,
A5A9A9A3,
B0B4BABE,
BCB6AEA9,
A6A3A3A8,
AFB2AFAA,
9CA7B1AF,
A6A4AEBA,
ADAEACA2,
9792989F,
A9B6C6CE,
C9BDB1A9,
BAB7B4B3,
B6BDC4C9,
CCCCCBCA,
CAC9C8C8,
CBC8C4C0,
BEBDBEBF,
C2C1C0C0,
C1C2C4C5,
C8C8C8C8,
C8C8C8C8,
C6C6C7C8,
C8C9CACA,
C5C7CACD,
CECFCFCF,
D1D2CDBA,
A4989BA3,
979EACBB,
C1B2967F,
7E86929E,
AAB5C0C7,
CCD6CD51,
17392322,
2828282B,
2F353B3F,
433B322E,
2F2E2720,
2C313535,
312D2C2D,
28333F45,
474E5D6A,
828A9398,
98959494,
92929293,
969BA1A4,
A2A2A2A2,
A2A2A2A2,
A0A0A0A0,
A0A0A0A0,
9E9E9E9E,
9E9E9E9E,
A0A09F9E,
9E9D9C9C,
9B9C9C9D,
9FA0A0A1,
9C9C9C9C,
9C9C9C9C,
60616262,
61605E5C,
5C5D5F60,
605F5D5C,
5E5E5F60,
60616262,
5F667079,
7F858D92,
97999DA2,
A6A8A9AA,
ACACACAC,
ACACACAC,
AAABABAA,
A9A7A4A3,
9896918A,
80756C66,
5B554E4C,
4E525353,
5A5B5C5D,
5F606162,
62626262,
62626262,
62626262,
62626262,
5F5F6061,
61626363,
66666666,
66656565,
625A6559,
575661AB,
D6D3C9BC,
B5B5B3AF,
AA9997A7,
AA998E92,
8A86878E,
9088807C,
686A6B68,
625F6062,
68696C6F,
6F6C6762,
6371838D,
8F8C8B8A,
86878887,
86878C90,
948D847A,
6F6B7582,
858A8E8D,
88878D94,
999A938A,
8A919089,
8D8F979C,
93868A99,
93969B9F,
A09C948E,
8E83879C,
ADAAA19E,
9C9C9C9D,
9E9FA1A2,
AFAAACB2,
AFA3A0A6,
A8A8A9A8,
A7A5A3A2,
A39D9A9F,
A9AFADA8,
A5A4A2A0,
A0A1A1A1,
9E9C9CA0,
A5A7A5A3,
A9ABACA9,
A5A5ABB1,
ACB0ADA4,
A3AAACA7,
ABAFB4B7,
B8B5B0AD,
AAA7A5A7,
ADB0AFAB,
9EA6ADAD,
A8A7ADB4,
ACA69D99,
9DA5ADB3,
C5C4C0B8,
B0ADB0B4,
BBBAB9BA,
BDC2C8CC,
CDCDCCCB,
C9C8C7C7,
C8C6C3C0,
BFBFC0C1,
C2C1C0C0,
C1C3C5C6,
C8C8C8C8,
C8C8C8C8,
C6C7C7C8,
C9C9CACA,
C6C8CACD,
CFCFCFCF,
CDCDC6B5,
A09699A0,
9CA8B5B9,
AE9B887E,
848E9CA7,
ADB4BDC4,
CFDDB244,
1B2F2422,
2828292B,
2F353A3D,
3B36312E,
2D2C2A27,
2D313535,
312E2D2E,
2E374247,
4B546572,
878E969A,
98959494,
93929394,
979CA0A3,
A2A2A2A2,
A2A2A2A2,
A0A0A0A0,
A0A0A0A0,
9E9E9E9E,
9E9E9E9E,
A0A09F9E,
9E9D9C9C,
9C9C9D9E,
9E9FA0A0,
9C9C9C9C,
9C9C9C9C,
60616262,
61605E5C,
5C5D5F60,
605F5D5C,
5E5E5F60,
60616262,
6068717A,
7F868D92,
97999DA2,
A6A8A9AA,
ACACACAC,
ACACACAC,
AAABABAA,
A9A7A4A3,
9896918A,
80756C66,
5B554E4C,
4E525353,
5A5B5C5D,
5F606162,
62626262,
62626262,
62626262,
62626262,
61616263,
63646565,
68686766,
65636362,
62596558,
565766B3,
D2D9CBB1,
AFBFB9A2,
A59A9AA2,
9D8E8D98,
858C8881,
88948970,
66686A69,
66646669,
696C6F6E,
6A666464,
70809093,
8B858991,
8E88817F,
838B9295,
96796B74,
746A748C,
8A939994,
87828992,
92989689,
848B9497,
888D9390,
837B899E,
9E9A999D,
A29F9185,
908C909E,
A6A5A4A5,
98969494,
969BA1A4,
A2A9B5BA,
B0A09CA2,
A5A4A2A1,
A0A1A2A2,
A5A2A09F,
A2A7ACB0,
B2A69791,
959CA0A0,
A8A5A2A3,
A5A6A39F,
A2A8ACAB,
A7A6ABB1,
ACAFABA1,
A1AAAEAA,
A7A9ABAE,
B0B0B0AF,
B0ACA7A7,
AAADADAD,
A2A4A6A8,
A9A9A8A8,
A79D9499,
A9BBC4C6,
CBC4B8AB,
A4A8B3BC,
BEBFC1C4,
C7CACDCE,
CECECCCB,
C9C7C6C5,
C4C3C2C0,
C0C1C2C3,
C3C2C1C1,
C2C3C5C6,
C9C9C9C9,
C9C9C9C9,
C7C7C8C8,
C9CACACB,
C8C9CBCE,
CFD0CFCF,
CDC8BCAA,
99949AA1,
A7B3BAAF,
96837F84,
8F9CA9AF,
AEB1BBC5,
D3E38832,
23232824,
29292A2C,
3034383B,
3132312E,
2A292C2E,
2F323535,
312E2E2F,
353C4449,
505D6F7D,
8D939A9C,
98949292,
93939496,
989CA0A2,
A1A1A1A1,
A1A1A1A1,
9F9F9F9F,
9F9F9F9F,
9E9E9E9E,
9E9E9E9E,
A0A09F9E,
9E9D9C9C,
9C9D9D9E,
9E9F9FA0,
9C9C9C9C,
9C9C9C9C,
60616262,
61605E5C,
5C5D5F60,
605F5D5C,
5E5E5F60,
60616262,
6269737B,
80868D92,
97999DA2,
A6A8A9AA,
ACACACAC,
ACACACAC,
AAABABAA,
A9A7A4A3,
9896918A,
80756C66,
5B554E4C,
4E525353,
5A5B5C5D,
5F606162,
62626262,
62626262,
62626262,
62626262,
62636364,
65656666,
69696765,
63626060,
61596456,
54586CBE,
D3CFBFAE,
B0B9B19F,
A99E999C,
9890919A,
918E8681,
8990816A,
6A6C6E6C,
6867686B,
6E6F6D69,
65666D74,
838C9392,
8B86898F,
8F867E7E,
868F9291,
776E717E,
81787983,
8F949895,
8D898B8E,
8B93938A,
888F9595,
868A8D8A,
83818C99,
A39E9897,
97958E88,
97989C9F,
9F9FA1A5,
9F9C9896,
979DA3A8,
A0A7B1B4,
ADA29C9B,
9F9D9B99,
999C9FA1,
A5A8A9A5,
A09FA5AB,
AE9E8D8A,
939FA4A3,
ACA8A4A4,
A6A7A4A2,
A3A3A5A8,
ACADACAA,
AEB0ABA0,
9FA7ABA8,
A7A6A6A6,
A7A9AAAB,
B3AFA9A6,
A6A9ABAD,
A7A3A0A1,
A5A59F99,
9E9DA1AB,
B9C4C8C8,
B1B3B3B2,
B0B3B9BF,
C1C4C8CC,
CFCFCFCE,
CDCDCBC9,
C7C5C3C3,
C0C0C0C1,
C2C3C4C5,
C3C3C2C2,
C2C4C6C7,
CACACACA,
CACACACA,
C8C8C9C9,
CACBCBCC,
C9CBCDCF,
D0D0CFCE,
D0C4B09C,
9295A0AA,
B3B5AF9C,
877F8895,
9EA8B0AF,
ABAFBFCD,
D9DC6025,
2B1C2F29,
2A2A2C2E,
31343637,
2D31342F,
28262B31,
31343634,
302E2F31,
393E444B,
55657987,
94989D9C,
98939191,
94959698,
9A9D9FA0,
A0A0A0A0,
A0A0A0A0,
9E9E9E9E,
9E9E9E9E,
9E9E9E9E,
9E9E9E9E,
A0A09F9E,
9E9D9C9C,
9D9E9E9E,
9E9E9E9F,
9C9C9C9C,
9C9C9C9C,
60616262,
61605E5C,
5C5D5F60,
605F5D5C,
5E5E5F60,
60616262,
646B747C,
81868C92,
97999DA2,
A6A8A9AA,
ACACACAC,
ACACACAC,
AAABABAA,
A9A7A4A3,
9896918A,
80756C66,
5B554E4C,
4E525353,
5A5B5C5D,
5F606162,
62626262,
62626262,
62626262,
62626262,
62636364,
65656666,
68686665,
63615F5F,
60596354,
515973C9,
DCC4B4B9,
BBB1AAAC,
B2A39797,
9B9A9999,
9A867D88,
91897B75,
73757571,
6B676768,
716E6863,
656F7D87,
93918F8E,
8D8C8A88,
8A848184,
8B8E8A85,
5F758481,
80888983,
94908D90,
95969089,
878C8D8B,
90969186,
8889898B,
8F93928E,
9E9C978E,
87868E95,
9FA4A5A0,
9A9A9C9E,
A3A19E9B,
9B9DA0A2,
A7A6A4A4,
A6A59D94,
9F9D9B9A,
9C9FA2A5,
A4ABB0AC,
A1999A9D,
9E93898D,
9BA7AAA8,
ABA6A3A3,
A6A9A9A7,
A9A19CA3,
B0B4ADA3,
B0B2ACA1,
9FA5A7A2,
A8A7A4A2,
A1A1A3A4,
B1AFAAA6,
A3A4A8AC,
AAA29A9A,
9E9F9992,
99A7B9C4,
C5C0BBB9,
A5ABB3B7,
B9BCC0C3,
C4C7CBCF,
D0CFCCCA,
C9C8C7C5,
C4C2C1C0,
BEBFC0C2,
C3C4C5C5,
C4C3C3C2,
C3C5C7C8,
CACACACA,
CACACACA,
C8C9C9CA,
CBCBCCCC,
CBCDCED0,
D0D0CFCE,
D0BEA593,
909AAAB4,
B8AC9B8C,
888F9DA7,
A8ABACA8,
A7B2C7D8,
DABE4423,
2E1E342E,
2B2C2E30,
32333434,
30343631,
2825292F,
33353634,
302E3033,
3A3D434D,
5B6E818E,
979B9E9C,
96919090,
9596989A,
9C9E9F9F,
A0A0A0A0,
A0A0A0A0,
9E9E9E9E,
9E9E9E9E,
9E9E9E9E,
9E9E9E9E,
A0A09F9E,
9E9D9C9C,
9F9E9E9E,
9E9E9E9D,
9C9C9C9C,
9C9C9C9C,
60616262,
61605E5C,
5C5D5F60,
605F5D5C,
5E5E5F60,
60616262,
666D767D,
81868C91,
97999DA2,
A6A8A9AA,
ACACACAC,
ACACACAC,
AAABABAA,
A9A7A4A3,
9896918A,
80756C66,
5B554E4C,
4E525353,
5A5B5C5D,
5F606162,
62626262,
62626262,
62626262,
62626262,
61616263,
63646565,
66656563,
62616060,
60586352,
4F5979D4,
E0C4B8C4,
C5B3AFBD,
B5A89B98,
9DA09E9A,
94807B8C,
948A8386,
7B7C7A75,
6D676667,
70686162,
6D7B868C,
95908B8B,
8D8D8984,
8686878A,
8A877F79,
6580897A,
788D9891,
948C878E,
999C9286,
858A8C8B,
8F93897B,
878A8A8E,
98A0988A,
94959289,
8184929F,
A2A8A79E,
999A9995,
9C9D9E9F,
9E9C9997,
A6A39C97,
9DA39C8F,
A1A1A1A2,
A4A7AAAB,
A4AAAEAB,
A0979394,
95919097,
A3ABACAA,
A9A4A0A1,
A5A9ABAA,
ACA29CA1,
ACB2ABA2,
ABAFACA4,
A1A6A69F,
A7A5A3A0,
9F9E9E9F,
AAABAAA6,
A1A1A5A9,
A9A19896,
9A9F9F9C,
A3B4C6CC,
C4B7AEAC,
B4B6B7B7,
B7BBC3C9,
C7C8CACC,
CBC8C5C3,
C2C1C1C1,
C0BFBFBF,
BDBFC1C3,
C4C4C4C3,
C5C4C3C3,
C4C6C7C9,
CBCBCBCB,
CBCBCBCB,
C9CACACB,
CCCCCDCD,
CDCED0D1,
D1D0CFCE,
C4B29C91,
95A3AFB5,
AE9E8E8B,
95A3AAAB,
A5A3A0A1,
A9BAD0DF,
D48A3427,
2925362F,
2C2D2F31,
32323131,
35353431,
2C2B2D2F,
35363633,
2F2F3235,
3A3E4552,
63788994,
989A9C99,
948F8E8F,
95979A9C,
9E9E9E9D,
9F9F9F9F,
9F9F9F9F,
9D9D9D9D,
9D9D9D9D,
9E9E9E9E,
9E9E9E9E,
A0A09F9E,
9E9D9C9C,
A09F9F9E,
9E9D9D9C,
9C9C9C9C,
9C9C9C9C,
60616262,
61605E5C,
5C5D5F60,
605F5D5C,
5E5E5F60,
60616262,
676E777D,
82868C91,
97999DA2,
A6A8A9AA,
ACACACAC,
ACACACAC,
AAABABAA,
A9A7A4A3,
9896918A,
80756C66,
5B554E4C,
4E525353,
5A5B5C5D,
5F606162,
62626262,
62626262,
62626262,
62626262,
5F5F6061,
61626363,
63636362,
62626262,
5F586251,
4E5A7EDC,
D3CBC4C1,
BEBBBCC0,
AEABA49C,
999C9E9E,
8A8B8987,
8B918E86,
7D7E7D77,
6F696869,
69615D67,
78858580,
8B8C8D8C,
89878686,
868A8D8A,
837B7573,
787C7D7D,
838F9798,
8F8C8C90,
96968E86,
838D9089,
8484817B,
848D908F,
969F9C91,
8B8B8B8A,
8C91999F,
9EA4A39B,
9B9F9B90,
90969FA5,
A5A09893,
9AA09E96,
959B978D,
9C9EA1A4,
A7A8A9A9,
A4A5A5A1,
9C979595,
9B9C9EA1,
A4A6A7A8,
AAA59F9F,
A2A7A8A8,
A8A7A5A4,
A3A5A8AB,
A0A7AAA6,
A6ABA9A2,
A1A1A1A1,
A0A09F9F,
A2A5A8A6,
A19FA2A6,
A49E9795,
9BA4AEB4,
BABDBFBE,
B9B2ADAB,
BABDBEBE,
BDBFC4C9,
C8C8C7C6,
C3C0BDBB,
BABABBBC,
BCBDBEBE,
BEC0C2C4,
C5C4C2C1,
C5C5C4C4,
C4C6C8C9,
CCCCCCCC,
CCCCCCCC,
CACACBCB,
CCCDCDCE,
CFD0D1D1,
D1D0CFCE,
ADA19596,
A1ABADAA,
99939199,
A5ABA7A0,
9894949E,
B1C6D7DF,
C9512E2E,
1F2D322B,
2C2E3133,
3332302E,
36333030,
32343433,
36373633,
2F2F3337,
3C404A5A,
6E82929A,
96989996,
918D8E8F,
96989B9E,
9F9F9D9C,
9E9E9E9E,
9E9E9E9E,
9C9C9C9C,
9C9C9C9C,
9E9E9E9E,
9E9E9E9E,
A0A09F9E,
9E9D9C9C,
A0A09F9E,
9E9D9C9C,
9C9C9C9C,
9C9C9C9C,
60616262,
61605E5C,
5C5D5F60,
605F5D5C,
5E5E5F60,
60616262,
686F777E,
82868C91,
97999DA2,
A6A8A9AA,
ACACACAC,
ACACACAC,
AAABABAA,
A9A7A4A3,
9896918A,
80756C66,
5B554E4C,
4E525353,
5A5B5C5D,
5F606162,
62626262,
62626262,
62626262,
62626262,
5E5E5F5F,
60616162,
61616162,
62626363,
5F586250,
4D5A80E1,
C2D0CCB7,
B1BFC4B9,
A4ACACA0,
94949CA2,
879E9C82,
7F95937A,
7C7D7D78,
716C6B6D,
625B5B6B,
818A8072,
808A928F,
847F848B,
898E8F88,
7C727071,
826F708A,
99918C94,
8B8F9394,
918C8987,
82919687,
78767D81,
808F968F,
8E999E9A,
8784848D,
99A19F9A,
989F9F99,
9DA59E8F,
8A94A1AC,
AEA89D95,
8D9EA599,
9092928C,
93969BA0,
A3A4A3A2,
A5A19B98,
97989A9B,
A6A8A9A6,
A2A0A2A4,
ACA7A09E,
A0A4A5A5,
A2ABB0A7,
9A98A5B4,
97A1A7A6,
A9AFADA5,
9B9C9FA1,
A2A3A2A1,
9CA2A7A6,
A19EA0A4,
A09C9796,
9DABBCC7,
CEC1B2AC,
AEB3B2B0,
B0B9C5CB,
CBC8C5C4,
C9C8C5C1,
BDBAB7B6,
B5B6B7B9,
BABCBDBD,
BFC1C3C5,
C5C3C1BF,
C6C5C4C4,
C5C6C8CA,
CCCCCCCC,
CCCCCCCC,
CACACBCC,
CCCDCECE,
CFD0D1D2,
D2D0CFCD,
9B94929C,
AAB0A89F,
888E99A7,
AFAB9E92,
8B898D9F,
B9D0DADB,
C02C2C32,
16312E28,
2D2F3133,
33312F2D,
352F2B2F,
373C3B37,
37383733,
2F2F3338,
3E434E60,
768A989E,
94969794,
8F8C8D8F,
96989C9F,
A09F9D9C,
9E9E9E9E,
9E9E9E9E,
9C9C9C9C,
9C9C9C9C,
9E9E9E9E,
9E9E9E9E,
A0A09F9E,
9E9D9C9C,
A1A0A09F,
9D9C9C9B,
9C9C9C9C,
9C9C9C9C,
60606060,
60606060,
65646463,
6160605F,
60616263,
65666768,
6B6E737A,
82898E91,
97999DA2,
A6A8A9AA,
ACACACAC,
ACACACAC,
ACADADAC,
ABA9A6A5,
9C98938E,
887E7167,
5F574F4B,
4C505252,
595A5A5B,
5D5E5E5F,
62626262,
62626262,
62636364,
65656666,
62626262,
62626262,
61646769,
6965615E,
5D585652,
4B5E9DDE,
CAD1C9BA,
C0CCBA99,
B2B9AD98,
9DB0A789,
94A39A7F,
829D9C81,
877C6F68,
67676461,
50657A84,
8B908D85,
7E7C8693,
91848088,
8D958C75,
6F7C8078,
74829095,
8F8A8B8F,
90959893,
8B888D93,
968C7E72,
6F758087,
95979895,
9293989E,
7C88969E,
9E9C9D9F,
A49E9796,
989C9D9D,
98928F98,
A5ABA69E,
9EABA095,
9C95888E,
82828386,
89888581,
9C8691A5,
9D979E9D,
A2A5A8A7,
A4A3A5A7,
9A9EA4A7,
A5A29F9E,
AAA5A9B1,
AA9B9AA5,
AAA7989C,
B1AB9FAA,
ABA5A0A2,
A8ABA7A2,
989399A5,
A4958D91,
9199A6B2,
BBC1C6CA,
A7A6A9AF,
B7BBBBB9,
BFC5CDD0,
CDC9C6C5,
C0BFBDBB,
B9B7B5B4,
BABBBCBD,
BFC0C1C2,
C2C2C3C4,
C4C5C6C6,
C6C6C7C8,
C8C9CACA,
CCCCCCCC,
CCCCCCCC,
C8C9CACB,
CDCECFD0,
D0DDD9C8,
CCDBCFB0,
8D95A5B5,
BAAC927D,
98A1A9A6,
97867A76,
809999AA,
D7DCCEE0,
6C402022,
29252732,
2D2F3133,
34343433,
3B383433,
353B4247,
35373836,
32303134,
39495B6C,
80949993,
97969493,
92929394,
A0A0A0A0,
A0A0A0A0,
9E9E9E9E,
9E9E9E9E,
9C9C9C9C,
9C9C9C9C,
9C9C9C9C,
9C9C9C9C,
9C9C9C9C,
9C9C9C9C,
9E9E9E9E,
9E9E9E9E,
9C9C9C9C,
9C9C9C9C,
60606060,
60606060,
64646362,
62616060,
60616263,
65666768,
6B6E737A,
82898E91,
97999DA2,
A6A8A9AA,
ACACACAC,
ACACACAC,
ACADADAC,
ABA9A6A5,
9B97928D,
877C6F65,
5E574E4A,
4C505252,
5758595B,
5D5F6061,
62626262,
62626262,
61616263,
63646565,
62626262,
62626262,
5D606364,
64605C5A,
645E5A54,
4A5996D6,
D9C3BECC,
CBB7B1BE,
C5A7A2B8,
B79B99B1,
A0938583,
929E9787,
88817974,
716C635D,
5B6E7F86,
8A8F8D86,
827C7D88,
8A84848B,
8C887D74,
77807F76,
7F899494,
8D87888C,
9794908F,
90929393,
85807A76,
78808990,
99999897,
96928E8B,
7F89959C,
9E9D9FA2,
9998989B,
9FA09C99,
9C979498,
A0A4A19D,
9EA79A8E,
948E838B,
7E7B7879,
7A746A60,
666487AC,
A7A0A9AB,
A5A6A7A4,
A09FA2A6,
A0A3A5A5,
A29E9C9A,
A09C9DA5,
A8A4A09F,
A5A69B9D,
ABA299A8,
A6A29F9F,
A2A5A5A5,
928E94A0,
A1989499,
9AA7B8C1,
C1BDBABA,
A9A9ABB2,
BABEBEBC,
BFC5CCCE,
CBC6C3C2,
BEBEBDBB,
BAB8B7B7,
BBBBBCBE,
BFC1C2C2,
C2C3C3C4,
C5C5C6C6,
C6C7C7C8,
C9C9CACA,
CCCCCCCC,
CCCCCCCC,
C8C9CACB,
CDCECFD0,
CFD5D3CE,
D4D7C0A0,
95A4B0AA,
998F96A2,
A29F9584,
736C7077,
7E9AAABA,
D6DFD5D1,
53342027,
2D272832,
30323435,
36363635,
39363332,
34394044,
33353634,
302F3134,
3B4C6172,
85979B95,
97969493,
92939495,
A0A0A0A0,
A0A0A0A0,
9E9E9E9E,
9E9E9E9E,
9C9C9C9C,
9C9C9C9C,
9C9C9C9C,
9C9C9C9C,
9C9C9C9C,
9C9C9C9C,
9E9E9E9E,
9E9E9E9E,
9C9C9C9C,
9C9C9C9C,
61616161,
61616161,
64636362,
62616160,
61626364,
66676869,
6B6E737A,
82898E91,
97999DA2,
A6A8A9AA,
ACACACAC,
ACACACAC,
ACADADAC,
ABA9A6A5,
9A96918B,
857A6C63,
5E574E4A,
4B4F5152,
5556585B,
5D606263,
62626262,
62626262,
5F5F6061,
61626363,
62626262,
62626262,
5E606264,
63605D5A,
635D5A53,
495895D5,
D7C6C4CE,
C6B3B9D0,
B99F9FB8,
B19194B6,
9C8B8693,
978F909B,
8885807C,
756B5E55,
6A798486,
878D8C87,
877B757C,
85878A8D,
86766D76,
81827C79,
8C929693,
8B85868A,
978F8788,
90938F89,
7B7B7C7E,
82878C8F,
9C9A9998,
948C837B,
838A9399,
9C9EA1A4,
9D9B9A9A,
99928880,
8D8C8A8A,
8D919496,
98A1968F,
968C8089,
90898483,
83796656,
434E82AF,
A89A9D9D,
A3A5A5A1,
9D9B9EA2,
A0A0A0A1,
A1A1A1A1,
9D9D9B9C,
A4AAA295,
9DA6A1A1,
A89C98AD,
A3A4A29F,
9C9CA1A5,
95909198,
9A979AA0,
AAB9C9CC,
C1B3ACAB,
AEAEB0B7,
BFC3C3C1,
C0C5CBCB,
C7C2BFBE,
BCBCBCBC,
BCBBBBBB,
BCBCBDBF,
C0C2C3C3,
C3C3C4C4,
C5C6C6C7,
C7C7C8C8,
C9CACACB,
CCCCCCCC,
CCCCCCCC,
C9CACBCC,
CECFD0D1,
D0CED0D7,
D9CBAC92,
9EA6AA9F,
8F8B98A7,
8E877966,
595B6976,
7E98BBCA,
D1E3D7AE,
35241F2A,
2E272833,
32343537,
38373636,
36333130,
32373D41,
34363836,
3333373A,
3F546B7C,
8D9B9D96,
96959493,
93949697,
A0A0A0A0,
A0A0A0A0,
9E9E9E9E,
9E9E9E9E,
9C9C9C9C,
9C9C9C9C,
9C9C9C9C,
9C9C9C9C,
9C9C9C9C,
9C9C9C9C,
9D9D9D9D,
9D9D9D9D,
9B9B9B9B,
9B9B9B9B,
62626262,
62626262,
63626262,
62626261,
62626365,
66686969,
6B6E737A,
82898E91,
97999DA2,
A6A8A9AA,
ACACACAC,
ACACACAC,
ACADADAC,
ABA9A6A5,
9995908A,
83786A60,
5D564D49,
4B4E5051,
5355575A,
5E616365,
62626262,
62626262,
5E5E5F5F,
60616162,
62626262,
62626262,
64656667,
66646260,
5B565451,
4A5C9BDC,
C7D8D5BD,
B7C6C9BD,
A2B6B39B,
97A9A996,
8E96A1A1,
8F8190AB,
8A878179,
6F645A53,
75808682,
81868884,
887C757B,
878E8C89,
7969697C,
857D7B84,
93959591,
8A86888C,
8B888687,
89878079,
7E818588,
89888684,
969A9A94,
89817F80,
8A8D9297,
9A9DA0A2,
A79F9287,
7E756C66,
72737371,
71757D84,
86939398,
A2907D84,
A19A9597,
99907A68,
4B4F7CA9,
A79D9E9B,
9FA3A6A5,
A19E9E9F,
96959598,
9EA4A7A8,
A1A9A8A0,
A1A7A194,
97A3A19F,
A1928EA5,
A5A9A9A3,
9A969A9F,
9E97918F,
9197A1AA,
BAC4CBC4,
B4A9A8AD,
B5B4B6BC,
C3C8C7C5,
C1C5C9C9,
C3BEBCBC,
BBBBBCBD,
BEBFBFC0,
BDBEBFC0,
C2C3C4C5,
C4C4C5C5,
C6C7C7C8,
C8C8C9C9,
CACBCBCC,
CCCCCCCC,
CCCCCCCC,
CACACBCD,
CED0D1D1,
D1CED3DB,
D2B79E94,
A29C989B,
A09B8979,
5E61625E,
5B606D78,
8999C2D3,
D1E5CC7B,
241E2028,
29242834,
32333435,
36353433,
32312F2F,
31363B3E,
37393A39,
37393F44,
475E7687,
949F9F98,
95949393,
9496999A,
A0A0A0A0,
A0A0A0A0,
9E9E9E9E,
9E9E9E9E,
9C9C9C9C,
9C9C9C9C,
9C9C9C9C,
9C9C9C9C,
9C9C9C9C,
9C9C9C9C,
9C9C9C9C,
9C9C9C9C,
9A9A9A9A,
9A9A9A9A,
62626262,
62626262,
61626262,
62626263,
63636466,
67696A6A,
6B6E737A,
82898E91,
97999DA2,
A6A8A9AA,
ACACACAC,
ACACACAC,
ACADADAC,
ABA9A6A5,
9A96908A,
8377695F,
5C554C48,
4A4E5050,
5355575A,
5E616365,
62626262,
62626262,
5E5E5F5F,
60616162,
62626262,
62626262,
65656666,
65646261,
5A555450,
495B9ADB,
CAD7D2BE,
BDCBC5AF,
ABC9BF94,
97BFB888,
94A4A99B,
90939A9A,
958F8376,
6A636161,
7780837D,
7B808280,
837F7D82,
8D928A7E,
6C677183,
83777D90,
9292918E,
8A8A8C8F,
83898F8E,
857A7472,
80848A8E,
8E8A8582,
8C95988E,
7D788493,
90919396,
98999998,
978A796C,
6767696A,
6B6A6862,
5E5F656A,
6A7B8597,
A48C7278,
9794949A,
9F99897A,
63536C94,
9EA2AAA6,
9CA2A9AC,
A9A6A5A5,
8E8B898D,
949A9C9A,
99A8B1AA,
A0A0A3A4,
939A918B,
8A766979,
9DA4AAA7,
9D959395,
9C98908C,
92A2B2BA,
C3C3BDB0,
A4A3AFBC,
BCBBBCC1,
C7CAC8C5,
C1C5C8C7,
C1BDBCBC,
BBBCBDBE,
C0C1C2C2,
BFC0C1C2,
C4C5C6C7,
C4C5C5C6,
C7C7C8C8,
C8C9C9CA,
CBCBCCCC,
CCCCCCCC,
CCCCCCCC,
CBCBCCCE,
CFD1D2D2,
D4D5D9D6,
C0A59BA0,
A39B9697,
97876A52,
474E575D,
626C7C88,
A3A8C8DA,
DBE6B54F,
23212123,
21202834,
2F303132,
32312F2E,
30302F30,
3235393C,
34363736,
363A4147,
526A828F,
979F9E98,
93939394,
96999B9D,
A0A0A0A0,
A0A0A0A0,
9E9E9E9E,
9E9E9E9E,
9C9C9C9C,
9C9C9C9C,
9C9C9C9C,
9C9C9C9C,
9C9C9C9C,
9C9C9C9C,
9C9C9C9C,
9C9C9C9C,
9A9A9A9A,
9A9A9A9A,
63636363,
63636363,
60616162,
62636364,
63646566,
68696A6B,
6B6E737A,
82898E91,
97999DA2,
A6A8A9AA,
ACACACAC,
ACACACAC,
ACADADAC,
ABA9A6A5,
9D99928C,
84786A5F,
5C544B47,
494D4F4F,
5556585B,
5D606263,
62626262,
62626262,
5F5F6061,
61626363,
62626262,
62626262,
62616160,
5F5F5E5E,
615B5751,
475693D3,
DDC6C1D0,
D0BCB3BD,
BDB6A9A1,
A7ADA392,
AAA4948D,
9EB0A081,
A0998A79,
6D6A7076,
747D8079,
777D807D,
7F838687,
8B8D8171,
686F7C84,
7F7A8495,
8F8E8D8C,
8B8C8D8E,
878F958F,
82787779,
7C80878D,
90908F8D,
848C9087,
7B7C8EA0,
97959596,
96948D87,
716A6261,
69768086,
7C787068,
635F5C5B,
5A656D80,
8E77626F,
8C8F959C,
A09E9690,
83616278,
7D818985,
94999FA2,
A3A4A9AD,
928C8789,
8E8F8983,
8791A1A8,
9E95A0B2,
958F7A72,
755D4245,
7D8998A1,
A19A918C,
8F949596,
A1B4C2C5,
BEB7ABA1,
A0A9BAC7,
C4C2C2C5,
C8C9C6C3,
C1C4C7C6,
C1BEBEC0,
BDBEBFC0,
C1C2C3C3,
C1C1C2C4,
C5C7C8C8,
C5C6C6C7,
C8C8C9C9,
C9CACACB,
CCCCCDCD,
CCCCCCCC,
CCCCCCCC,
CBCCCDCE,
D0D1D2D3,
D5D9D6C6,
AFA09FA4,
9D9D9783,
6A575152,
5356585A,
62748EA1,
BDC1D1DF,
E5D89033,
28262320,
1F222A32,
2E2F3030,
302E2C2B,
30303031,
3437393B,
2E2F3030,
31374048,
5F768B93,
979C9C98,
92929394,
979B9EA0,
A0A0A0A0,
A0A0A0A0,
9E9E9E9E,
9E9E9E9E,
9C9C9C9C,
9C9C9C9C,
9C9C9C9C,
9C9C9C9C,
9C9C9C9C,
9C9C9C9C,
9B9B9B9B,
9B9B9B9B,
99999999,
99999999,
64646464,
64646464,
60606162,
62636464,
64656667,
696A6B6C,
6B6E737A,
82898E91,
97999DA2,
A6A8A9AA,
ACACACAC,
ACACACAC,
ACADADAC,
ABA9A6A5,
A09B958E,
86796B61,
5B544B47,
494C4E4F,
5758595B,
5D5F6061,
62626262,
62626262,
61616263,
63646565,
62626262,
62626262,
6362605F,
5E5E5F5F,
605B5750,
465592D2,
DBC9C6D1,
CBB8BBCF,
BDA39BAB,
AC9893A1,
AA968994,
A5A6978A,
A09A8D7D,
71707981,
707A7E79,
787E817E,
7C878A84,
81807668,
6E7B827F,
7E868F91,
8E8D8B8B,
8C8B8987,
918E8780,
7C7C8084,
7D7F8489,
8F939698,
83848483,
858B949A,
9C999797,
958D8177,
5B5F6775,
838D8F8F,
8B837A76,
75716961,
6561575F,
6C5D5873,
9299A2A6,
A5A3A4A5,
9C786F76,
68616865,
8281807F,
838E9EAA,
9E989294,
98968C82,
7B748299,
97848DA9,
9D8C6E6C,
7D69453B,
4B5C7792,
A2A09388,
8798A6AD,
B7C2C1B8,
AEA8A2A4,
ADB8C1C4,
C9C7C5C6,
C9C8C3BF,
C1C4C7C5,
C2C0C2C4,
C0C1C1C1,
C2C2C3C3,
C2C2C3C5,
C6C8C9C9,
C6C6C7C7,
C8C9C9CA,
CACACBCB,
CCCDCDCE,
CCCCCCCC,
CCCCCCCC,
CCCDCECF,
D1D2D3D4,
D3D7CAB1,
A5A8A598,
8D867761,
4E49525C,
5C5E5F61,
6A809EB4,
C7D5D7DD,
E3B76123,
28272423,
252B2E2E,
31313232,
312F2D2C,
30313233,
36383A3B,
2F313232,
343B464E,
6A809295,
94979997,
91919294,
989CA0A2,
A0A0A0A0,
A0A0A0A0,
9E9E9E9E,
9E9E9E9E,
9C9C9C9C,
9C9C9C9C,
9C9C9C9C,
9C9C9C9C,
9C9C9C9C,
9C9C9C9C,
9A9A9A9A,
9A9A9A9A,
98989898,
98989898,
64646464,
64646464,
5F606061,
63646465,
64656667,
696A6B6C,
6B6E737A,
82898E91,
97999DA2,
A6A8A9AA,
ACACACAC,
ACACACAC,
ACADADAC,
ABA9A6A5,
A19D968F,
877A6C61,
5B534B47,
484C4E4E,
595A5A5B,
5D5E5E5F,
62626262,
62626262,
62636364,
65656666,
62626262,
62626262,
68676563,
62636364,
5954524E,
475999DA,
C7DDDDC1,
B4C5D4D2,
B5ABABB1,
AB9EA0AE,
988991A7,
9F8489A8,
98948B7E,
72717982,
6E797E7B,
7A818380,
7C898B7F,
76756F63,
76828379,
7F92968A,
8F8D8C8C,
8C898581,
9787756D,
737E8688,
83848588,
8C92979A,
867E7A82,
9199968F,
9E9B9998,
948A796C,
5D697C8F,
9B998D83,
8A827B7E,
84857B70,
79684D4A,
554E587E,
97A1ABAB,
A5A2A7AD,
A286858B,
766B7478,
6F69615C,
62758FA2,
A7A19EA3,
A9A79C91,
7A636A8C,
8F757694,
A48D6E74,
9388604F,
23385D85,
A1A59687,
89A1B8C1,
C6C6B7A3,
A29EA0AC,
BCC5C3BD,
CDCAC7C7,
C8C6C1BC,
C1C4C6C6,
C3C2C5C8,
C2C2C2C2,
C2C2C2C2,
C2C3C4C5,
C7C8C9CA,
C6C6C7C8,
C8C9CACA,
CACACBCC,
CCCDCECE,
CCCCCCCC,
CCCCCCCC,
CCCDCECF,
D1D2D3D4,
D1D3BFA2,
A2B3A88A,
7E654A44,
5260615B,
545C656F,
7B8FA8BA,
C3DCD8D7,
DA983C1A,
25262526,
2D33322B,
33343434,
33312F2D,
31313335,
37393B3C,
36373839,
3B434F58,
71859595,
92949796,
90919295,
989DA1A3,
A0A0A0A0,
A0A0A0A0,
9E9E9E9E,
9E9E9E9E,
9C9C9C9C,
9C9C9C9C,
9C9C9C9C,
9C9C9C9C,
9C9C9C9C,
9C9C9C9C,
9A9A9A9A,
9A9A9A9A,
98989898,
98989898,
63636262,
62616161,
64646464,
64646464,
64646262,
62636566,
6D6F747A,
81878C8F,
999B9FA4,
A8AAABAC,
AEAEAEAE,
AEAEAEAE,
ACADADAC,
ABA9A6A5,
9C97918B,
847A6E65,
53504B47,
484C5256,
5354575A,
5D5E5E5E,
6362605E,
5F626567,
64636262,
63646668,
62626262,
62626262,
60616262,
61605E5C,
57584F4E,
515687D6,
DFD0C3C5,
CECEBFAE,
B1CDCDAC,
9CAAAB97,
7699AB97,
7D819EB5,
84898B87,
7C747172,
807B7571,
72757A7C,
768C9078,
68707979,
7379838C,
908F8B88,
8C8A8886,
8586898B,
7A7B7A78,
77798086,
82868986,
82848E98,
777D8489,
8D919599,
8F939798,
91816E60,
81828488,
8B89837E,
8D7C7377,
766C696E,
68675F5D,
53384882,
9EA6AEAD,
A5A1A5AB,
9E807482,
826E6976,
7974787C,
6C55596E,
71808D93,
99A09F98,
7E7A746F,
685D4F45,
694E3640,
69867858,
2B233679,
AE9E899D,
A9B5C1BF,
B2A5A0A1,
A1A7B0B9,
BEBFBEBC,
C3C4C6C8,
C7C4C1BF,
C2C3C5C6,
C6C5C3C2,
C7C5C3C1,
C0C0C0C1,
C4C4C5C6,
C6C7C8C8,
C7C8C8CA,
CBCCCDCD,
CCC9C7CB,
D1D2CEC8,
CCCCCCCC,
CBCAC9C9,
CECDCDD0,
D3D4D0CC,
BFB8B0A8,
9F907D70,
4F4B4F58,
5B585B64,
616A747B,
8497B3C8,
E3C7D1E7,
AD401634,
292B2D2F,
3030302F,
2D2C3036,
3228272E,
292E3436,
34333335,
2A2D2F31,
37465B6B,
878B9196,
98979593,
90919496,
999C9E9F,
A2A2A1A0,
A09F9E9E,
A0A0A0A0,
A0A0A0A0,
9A9A9A9A,
9A9A9A9A,
A09E9C9B,
9A9A9B9C,
9A9A9A9A,
9A9A9A9A,
9A9A9A9A,
9A9A9A9A,
98989898,
98989898,
63636362,
62626262,
64646464,
64646464,
66656463,
64656768,
6E71757C,
82898E90,
999B9FA4,
A8AAABAC,
AEAEAEAE,
AEAEAEAE,
ACADADAC,
ABA9A6A5,
9C97918B,
847A6E66,
55514C48,
474B5054,
5354575A,
5D5E5E5E,
6361605F,
60626567,
64636262,
63646668,
62626262,
62626262,
61616262,
62605E5D,
575A524F,
505387D8,
D4CEC8C8,
CBC9C1BA,
CDC1B2AC,
B2B3A38E,
9D998F89,
929F9A8B,
98989388,
7A716E6F,
7C7B7875,
73767B80,
86867D6F,
6A717776,
797E858B,
8E8E8B89,
89868587,
8A88817B,
75797E7F,
7E7E8184,
85848486,
888A8988,
7E858C8E,
8C8C9095,
8D92948E,
847D7C7F,
8E8B8A8E,
928D7E71,
71696970,
6C5C5354,
5A5A5353,
4E384A82,
9299A2A8,
AAA8A6A4,
887B7B89,
8C828089,
8C7D7578,
77654D3E,
54626A66,
646A6F6E,
6966615D,
584F433A,
3A3F3D37,
39464E4F,
35292B5B,
949B99B0,
BABCBAB1,
A49B9A9D,
ABB0B8BF,
C3C4C2C0,
C3C4C6C7,
C6C4C1BF,
C2C3C5C6,
C6C5C3C2,
C6C5C3C1,
C0C0C1C1,
C4C4C5C6,
C6C7C8C8,
C7C8C8C9,
CACBCCCC,
CCC9C8CB,
D0D2CEC9,
C7C7C7C8,
C9CACBCC,
C5C6CAD0,
D4D3CCC6,
B5AA9A8B,
7F72645A,
504D5057,
59555963,
5F69798A,
9CB0C4D1,
D7DDDFC1,
79301B2B,
2325292E,
32353637,
2F2D3035,
31282830,
292F3436,
34323334,
2C2E3034,
3C4D6474,
8A8D9296,
97969391,
8F919497,
9B9EA0A1,
A2A2A1A0,
A09F9E9E,
A0A0A0A0,
A0A0A0A0,
9A9A9A9A,
9A9A9A9A,
A09E9C9B,
9A9A9B9C,
9A9A9A9A,
9A9A9A9A,
9A9A9A9A,
9A9A9A9A,
99999999,
99999999,
63636363,
63636363,
64646464,
64646464,
67676666,
67686A6C,
7072777E,
848B8F92,
999B9FA4,
A8AAABAC,
AEAEAEAE,
AEAEAEAE,
ACADADAC,
ABA9A6A5,
9D98918B,
857B6F66,
58534D48,
474A4E51,
5354575A,
5D5E5E5E,
62616060,
61626466,
64636262,
63646668,
62626262,
62626262,
61626363,
62605F5D,
575D5751,
4D4E84D8,
CDCECECB,
C7C4C4C5,
D1B6A9B6,
BDAFA09C,
A5927E7F,
96A4957B,
AAA49685,
756C6B6D,
75797C7A,
76767D83,
90796667,
6F737475,
8385888A,
8C8C8B8B,
85848589,
8B86796E,
73798286,
85848485,
89838084,
8B8B8278,
858E9593,
8A868A91,
93948F81,
73758798,
97918C8D,
8C826F5E,
61636A70,
68564A48,
45453F41,
42334479,
8C9199A2,
A8A69D96,
7C818789,
87828080,
7C756860,
63635440,
5C615B4B,
42464D4E,
524F4B49,
47413831,
22353E31,
23273641,
2F292141,
80A5B3C9,
BDB5A99E,
989AA1A6,
B8BCC2C7,
C9C8C5C3,
C3C4C5C5,
C5C3C1BF,
C2C3C5C6,
C6C5C3C2,
C5C4C2C1,
C0C0C1C2,
C4C4C5C6,
C6C7C8C8,
C8C8C8C9,
CACACBCB,
CBC9C9CC,
CFD0CDCA,
CECDCCCC,
CCCED0D1,
CACBCCCE,
CDC5B8AE,
9D907D6B,
6058524F,
5552555B,
5A565C66,
6370859C,
B1C2CDD2,
CAE8D785,
39222524,
24262A2F,
32353636,
332F2F32,
2E272A34,
2B303537,
34313132,
2D2E3036,
42576F80,
8E909395,
9694918F,
8E909499,
9DA0A2A3,
A2A2A1A0,
A09F9E9E,
A0A0A0A0,
A0A0A0A0,
9B9B9B9B,
9B9B9B9B,
A09E9C9B,
9A9A9B9C,
9A9A9A9A,
9A9A9A9A,
9A9A9A9A,
9A9A9A9A,
9B9B9B9B,
9B9B9B9B,
62626363,
64646565,
64646464,
64646464,
68686768,
696B6D6F,
7174797F,
868C9193,
999B9FA4,
A8AAABAC,
AEAEAEAE,
AEAEAEAE,
ACADADAC,
ABA9A6A5,
9D99928C,
867C7067,
59554E48,
47494D50,
5354575A,
5D5E5E5E,
61616161,
62636465,
64636262,
63646668,
62626262,
62626262,
62636364,
63615F5E,
585F5B54,
4C4A7ED2,
D2D0CECA,
C7C5C4C4,
B8B7BCC0,
B4A4A5B1,
86878580,
7F879299,
A99E8C7A,
6D696C70,
6F777F7F,
79787D84,
856A5C6A,
7673737C,
8B8B8A89,
898A8B8C,
85888B8A,
847D7673,
777D8386,
8686888A,
8B868281,
83837E79,
88929A96,
8A848991,
9A938575,
6D748797,
95918980,
75695E57,
63666A69,
60555050,
4A4A4142,
463C4B79,
8C91979A,
9A96908D,
828D8C7B,
6A645F58,
5A665E42,
364A616A,
7B715C46,
40464944,
42403D3D,
3D3B352F,
292E2E2A,
2D332F26,
19282D4B,
8DBAC5CD,
A8A09694,
9CA9B4BB,
C2C5C8CA,
CBC9C6C4,
C4C4C4C3,
C3C2C1C0,
C2C3C5C6,
C6C5C3C2,
C4C3C2C0,
C0C1C2C3,
C4C4C5C6,
C6C7C8C8,
C8C8C8C8,
C9C9C9C9,
C9CACBCD,
CFCFCDCC,
D2D1CFCD,
CCCCCDCD,
DAD4CABF,
B3A39388,
7B73665C,
56555657,
59575B60,
5E5A626F,
708199AB,
B7C0CAD1,
D1DAAD51,
1B232F24,
2D2E3031,
31312F2F,
36302F31,
2D272C36,
2D323737,
34302F30,
2B2C2F37,
49617988,
92939495,
94928F8D,
8D91969C,
A0A3A4A4,
A2A2A1A0,
A09F9E9E,
A0A0A0A0,
A0A0A0A0,
9C9C9C9C,
9C9C9C9C,
A09E9C9B,
9A9A9B9C,
9A9A9A9A,
9A9A9A9A,
9A9A9A9A,
9A9A9A9A,
9C9C9C9C,
9C9C9C9C,
62626364,
65666767,
64646464,
64646464,
68686868,
6A6C6F71,
7174797F,
868C9193,
999B9FA4,
A8AAABAC,
AEAEAEAE,
AEAEAEAE,
ACADADAC,
ABA9A6A5,
9E9A938D,
867C7168,
59554E48,
47494D50,
5354575A,
5D5E5E5E,
5F606162,
63636363,
64636262,
63646668,
62626262,
62626262,
63636464,
6462605F,
5A615C55,
4D4775C4,
DDD4CAC7,
C9C9C2BC,
B6C6CABC,
AEABA9A3,
7E878B80,
727592B0,
978C7B6D,
676A7075,
6C757E81,
7D7A7B7D,
6D5F6173,
7A747886,
8F8D8B88,
8788898B,
868D9087,
79737A84,
7F828383,
82858B90,
8B8A867E,
77777E85,
89919895,
8B868A90,
8F82736E,
7480888B,
918F8573,
60585D64,
6C6A6258,
53575D61,
6B6B5C57,
5D555F84,
84898D8C,
87868B90,
82877E66,
51494540,
46544F37,
334E6C77,
76634737,
3F4E4C3F,
38353333,
3534302C,
2A2C2927,
2C302514,
163B5677,
ADC6BBB3,
9392949D,
ACBAC4C8,
C7C8C9CA,
C9C6C3C1,
C4C3C2C1,
C1C0C0C0,
C2C3C5C6,
C6C5C3C2,
C3C2C1C0,
C0C2C3C4,
C4C4C5C6,
C6C7C8C8,
C8C8C8C8,
C7C7C7C7,
C8CACDCE,
CDCDCDCD,
CECECECE,
CDCBCAC9,
CFC2AE9A,
897A6D65,
61605E5B,
5858595B,
56565C61,
5E5C6878,
8296ADB8,
B9BECDDB,
E8BE783A,
27313125,
2F303132,
32312F2E,
36313032,
2E282D37,
2F343837,
332F2E2E,
27272D3A,
50697F8C,
94959494,
92908F8D,
8F93999F,
A3A4A4A3,
A2A2A1A0,
A09F9E9E,
A0A0A0A0,
A0A0A0A0,
9C9C9C9C,
9C9C9C9C,
A09E9C9B,
9A9A9B9C,
9A9A9A9A,
9A9A9A9A,
9A9A9A9A,
9A9A9A9A,
9C9C9C9C,
9C9C9C9C,
62626364,
66676869,
64646464,
64646464,
66666667,
6A6D6F71,
7072777E,
848B8F92,
999B9FA4,
A8AAABAC,
AEAEAEAE,
AEAEAEAE,
ACADADAC,
ABA9A6A5,
9F9A948E,
877D7169,
58534D48,
474A4E51,
5354575A,
5D5E5E5E,
5E606263,
64646362,
64636262,
63646668,
62626262,
62626262,
63646565,
64636160,
5D615A56,
504669AE,
E2D7CAC6,
C9C9C2BB,
D1CFC2B4,
B7BCA685,
998C807C,
7A7F8E9F,
887D7068,
696E7376,
6C717980,
817D7772,
5E616C78,
7A78808C,
8D8C8A88,
87878788,
888B8A7F,
7373808E,
85858481,
7F828A90,
8889867C,
7375838F,
8B8E9190,
8D8A8A8B,
776D676F,
818E8E89,
8F8A7E6D,
5F606D7B,
7A736559,
5D6D7879,
7D7B675D,
625B607C,
72737577,
7B82898F,
706B6257,
4B444446,
30333847,
6278796E,
58493530,
41555344,
322E2B2A,
2C2B2825,
28373E32,
25262E33,
3C6788A4,
C0B99D94,
9199A6B3,
BDC3C6C8,
C8C8C8C7,
C6C3C1BF,
C5C3C1BF,
BFBFC0C1,
C2C3C5C6,
C6C5C3C2,
C2C1C0C0,
C1C2C4C5,
C4C4C5C6,
C6C7C8C8,
C8C8C8C7,
C6C6C5C5,
C6CACECF,
CDCBCCCE,
D2D4D6D6,
D3CCC6C1,
A0927F6F,
645E5956,
575B5E5D,
59555556,
52555D63,
62627387,
97A8BAC2,
C3C8D5E1,
E3974D37,
3C382B24,
2A2B2E32,
34353636,
35313135,
312A2D36,
32363938,
332E2C2C,
24262E40,
5972848E,
95949492,
9190908F,
92969CA2,
A5A5A2A0,
A2A2A1A0,
A09F9E9E,
A0A0A0A0,
A0A0A0A0,
9D9D9D9D,
9D9D9D9D,
A09E9C9B,
9A9A9B9C,
9A9A9A9A,
9A9A9A9A,
9A9A9A9A,
9A9A9A9A,
9B9B9B9B,
9B9B9B9B,
61626365,
6768696A,
64646464,
64646464,
64646566,
686C6F71,
6E71757C,
82898E90,
999B9FA4,
A8AAABAC,
AEAEAEAE,
AEAEAEAE,
ACADADAC,
ABA9A6A5,
A09B948E,
887E7269,
55514C48,
474B5054,
5354575A,
5D5E5E5E,
5D5F6264,
65646361,
64636262,
63646668,
62626262,
62626262,
64656666,
65636160,
60605756,
54465E99,
DBD6D0C9,
C6C4C5C5,
DAC8BBBE,
C1B59E8E,
A0867478,
82848384,
857D736E,
70747473,
6E6F737D,
84807265,
626D7473,
7580898B,
88888888,
87868585,
88827A75,
767D8489,
83858785,
82818588,
8784807D,
7C80888E,
928E8B8C,
8E8C8781,
66666B78,
87908F8B,
8A7D6E67,
6C768085,
7B766A65,
74888C82,
7A775F51,
57515168,
675D5964,
78837F76,
60504B52,
51433F47,
2D304465,
7C776456,
4645403D,
4653534A,
332F2A28,
28282521,
29383C2F,
2838556A,
7594A9B5,
B89D868F,
99A8BCC8,
CAC7C7C8,
C9C8C8C6,
C5C3C1C0,
C5C3C0BE,
BDBEC0C1,
C2C3C5C6,
C6C5C3C2,
C1C1C0C0,
C1C3C5C6,
C4C4C5C6,
C6C7C8C8,
C9C8C8C7,
C6C5C4C4,
C5CACFCF,
CCCACCD0,
D4D5D4CD,
C0AE9C91,
6F675D56,
56575756,
585C605E,
5956585B,
595E6870,
717488A0,
B0B4BBC5,
CED0CECA,
A3602C2E,
3B312425,
2B2D2F32,
34353535,
33303338,
342B2C34,
33373A38,
322D2A2A,
24283349,
647C8A8F,
94939291,
91919192,
969AA0A5,
A6A4A09E,
A2A2A1A0,
A09F9E9E,
A0A0A0A0,
A0A0A0A0,
9E9E9E9E,
9E9E9E9E,
A09E9C9B,
9A9A9B9C,
9A9A9A9A,
9A9A9A9A,
9A9A9A9A,
9A9A9A9A,
99999999,
99999999,
61626365,
67696A6B,
64646464,
64646464,
63636365,
676B6E70,
6D6F747A,
81878C8F,
999B9FA4,
A8AAABAC,
AEAEAEAE,
AEAEAEAE,
ACADADAC,
ABA9A6A5,
A09B958F,
887E726A,
53504B47,
484C5256,
5354575A,
5D5E5E5E,
5D5F6265,
66646261,
64636262,
63646668,
62626262,
62626262,
64656666,
65646261,
625F5556,
5647578C,
D0D5D5CD,
C2BFC7D1,
C9BAC0D2,
C39E99B2,
8D7A7179,
7F7A777A,
8A827A76,
7878746F,
706D6F7B,
86826F5D,
6D78766B,
71878F87,
85868788,
87868483,
88786B6D,
7C87857E,
7F848A8A,
86828080,
867F7A7E,
878D8B87,
978F8889,
8E8C8379,
646C7781,
87898A8B,
84705E62,
77888A84,
6B696467,
7C908A76,
7A765C4C,
534E4D60,
67534859,
78847259,
5D454053,
543C313A,
48536D80,
6E463135,
414D514A,
46484A46,
39342E2B,
2B2A2623,
28251C18,
2B537789,
9CAEB4B3,
A98A809C,
9FB2C9D3,
D0CACACC,
C9C9C8C7,
C5C4C2C2,
C5C3C0BD,
BCBEC0C1,
C2C3C5C6,
C6C5C3C2,
C1C0C0C0,
C1C3C5C7,
C4C4C5C6,
C6C7C8C8,
C9C8C8C6,
C5C4C3C3,
C5CBD0D0,
CBC9CCD0,
C9C8C1B2,
997B5F4E,
57545152,
575B5B5A,
5A5E615F,
5B5B6269,
646A7680,
81879DB7,
C2BAB8C3,
D2D1BDA9,
5B301521,
2D262127,
33343434,
33312F2E,
3130343A,
372D2C32,
34383A38,
322C2A29,
262A3850,
6C828D90,
94939190,
90919394,
989CA2A6,
A7A49F9B,
A2A2A1A0,
A09F9E9E,
A0A0A0A0,
A0A0A0A0,
9E9E9E9E,
9E9E9E9E,
A09E9C9B,
9A9A9B9C,
9A9A9A9A,
9A9A9A9A,
9A9A9A9A,
9A9A9A9A,
98989898,
98989898,
63636465,
66686869,
68676665,
63626160,
6366696D,
6E6E6C6B,
6C72797E,
82878E94,
9B9DA1A6,
AAACAEAE,
ACACACAC,
ACACACAC,
ACADADAC,
ABA9A6A5,
9E9A948F,
877C6E64,
57534E4A,
494D5256,
5556595C,
5F606060,
60606162,
62636464,
62626364,
64656666,
66656362,
62636566,
64646362,
62616060,
635F5E5C,
534D596B,
BFDAD5C3,
CACECACF,
ADD4DEBC,
A6B1B6A9,
7A7C7A71,
6A6C7A88,
848C8470,
6C7C837C,
69747D7A,
6F67696F,
70747B82,
888B8D8D,
84888B87,
807F868E,
7A747073,
7C82807C,
8A8A8A89,
86848180,
74787E84,
898C8D8D,
88857E8E,
A38C6863,
737C8181,
85877E70,
736C6971,
7F847B6F,
656C7176,
83887458,
61544540,
464D4F4E,
47465978,
816E6061,
755A4B4F,
4B3D4154,
5D73714E,
3742575E,
60495635,
4F4F602E,
3839372F,
26212226,
2123211E,
2A528DB9,
BDB09E90,
8C91999E,
B8BCC2C6,
C8C7C4C2,
C2C2C2C2,
C2C2C2C2,
C4C2C0BF,
BEBEBFC0,
C2C2C2C2,
C2C2C2C2,
C0C0C0C0,
C0C0C0C0,
C2C2C3C4,
C4C5C6C6,
C8CCCFCC,
C6C4C7CC,
C8D5D5C7,
C1CAD3D4,
CDA57B6C,
6A645951,
51555A5B,
5A595B5D,
605D5855,
565B6165,
5A6C8698,
9C9DA8B6,
C5AFB9DA,
CD8B5850,
2D2B2826,
282C3134,
2F313332,
2E2D2F31,
33333232,
33353739,
37393833,
2C272728,
232E4460,
7B909B9F,
9996928F,
8F929699,
9D9FA1A3,
A4A4A4A3,
A6A4A2A1,
A0A0A1A2,
A0A0A0A0,
A0A0A0A0,
9E9E9E9E,
9E9E9E9E,
9C9C9C9C,
9C9C9C9C,
9C9C9C9C,
9C9C9C9C,
9A9A9A9A,
9A9A9A9A,
98989898,
98989898,
64646566,
67686869,
68676665,
63626160,
6365696C,
6D6D6C6B,
6C72797E,
82878E94,
9B9DA1A5,
A9ACADAE,
ACACACAC,
ACACACAC,
ACADADAC,
ABA9A6A5,
9E9A948F,
877C6E64,
58544E4A,
494D5255,
5556595C,
5F606060,
60606162,
62636464,
62626364,
64656666,
66656362,
62636566,
64646362,
62616060,
615D5C5A,
514B5666,
D1D5C7C6,
DBD6C0BB,
CFCDC6BF,
BCB7A796,
8C857B70,
6E788B99,
808E9383,
72707980,
74777770,
6865696F,
73767C82,
888B8C8D,
86868788,
8986817E,
7678797A,
7A7D8184,
86878888,
87858381,
777B8086,
8A8D8E8E,
8C8E8486,
8F7A6670,
80858683,
85888074,
67676D79,
84857C71,
7D796C62,
6365553F,
4E453B39,
3E434443,
4648525E,
62626A75,
736C6765,
5F5B6779,
79625053,
5F5F5347,
4333432D,
4C576635,
39342E2A,
2825201C,
1E1F2539,
5B85ABC1,
B19C847C,
899FAFB7,
BCBEC1C3,
C4C4C3C2,
C2C2C2C2,
C2C2C2C2,
C3C2C0BE,
BEBEBFBF,
C2C2C2C2,
C2C2C2C2,
C0C0C0C0,
C0C0C0C0,
C2C2C3C4,
C4C5C6C6,
C4CACFCF,
CBC9CBCF,
D3D1CED1,
DEE2CBAC,
94775C58,
5C5B5654,
54575959,
5756595D,
605E5D5E,
61666C6F,
7C83909C,
A5AFBDC9,
CCD3D1B5,
814F322B,
2D2B2927,
292D3135,
2F323432,
2E2C2E31,
31313031,
32343638,
35373734,
2E2A2B2C,
2C394F6A,
8191999B,
9896928F,
9093979A,
9EA0A2A3,
A4A4A4A3,
A6A4A2A1,
A0A0A1A2,
A0A0A0A0,
A0A0A0A0,
9E9E9E9E,
9E9E9E9E,
9C9C9C9C,
9C9C9C9C,
9C9C9C9C,
9C9C9C9C,
9A9A9A9A,
9A9A9A9A,
98989898,
98989898,
65656666,
67686868,
68676665,
63626160,
6465686A,
6C6C6C6B,
6C72797E,
82878E94,
9A9CA0A5,
A9ABADAD,
ACACACAC,
ACACACAC,
ACADADAC,
ABA9A6A5,
9E9A948F,
877C6E64,
59554F4A,
494C5154,
5556595C,
5F606060,
60606162,
62636464,
62626364,
64656666,
66656362,
62636566,
64646362,
62616060,
605C5A59,
514B5260,
C0D0CFCF,
DBD1BDBF,
D7C4BFCB,
C9B09B97,
9789776E,
748597A2,
838F9B96,
7D697084,
7D776D65,
62656B70,
76797E82,
878A8B8C,
8986858A,
8E897B6D,
757C8280,
7A7A838C,
82848688,
88858280,
7D808488,
8B8D8E8F,
8F95877A,
7869677F,
878B8983,
84867F73,
616A7782,
85817770,
7E705845,
41443C2F,
3D393636,
393C3C3B,
49565D5A,
5C6C7D85,
606E7266,
606B7C86,
71514B6B,
7E664231,
382C382B,
4A626D3B,
322B2526,
2C2E271F,
1D243C66,
95B3BAB6,
8E7E727C,
99B6C4C6,
C0BFBFBE,
BEBFC1C1,
C1C1C1C1,
C1C1C1C1,
C3C1C0BE,
BDBDBEBF,
C1C1C1C1,
C1C1C1C1,
C0C0C0C0,
C0C0C0C0,
C2C2C3C4,
C4C5C6C6,
C5C9CDCD,
CBC9CACC,
CDCCCCD2,
D8CBA27A,
6A5A5156,
5D5D5D60,
5A5B5B58,
55565B60,
6163676C,
72787D7F,
999DA4AC,
B6C0C8CC,
C3DECA7A,
35252A28,
2D2C2A29,
2B2E3235,
30323432,
2E2C2E30,
2F2E2E2F,
30333537,
34373835,
302D2E31,
37465E76,
89939696,
9795918F,
9094999C,
A0A1A3A4,
A5A4A4A3,
A6A4A2A1,
A0A0A1A2,
A0A0A0A0,
A0A0A0A0,
9E9E9E9E,
9E9E9E9E,
9C9C9C9C,
9C9C9C9C,
9C9C9C9C,
9C9C9C9C,
9A9A9A9A,
9A9A9A9A,
98989898,
98989898,
67676767,
68686868,
68676665,
63626160,
64656668,
6A6B6B6C,
6C72797E,
82878E94,
999CA0A4,
A8AAACAC,
ACACACAC,
ACACACAC,
ACADADAC,
ABA9A6A5,
9E9A948F,
877C6E64,
5A554F4A,
494B5053,
5556595C,
5F606060,
60606162,
62636464,
62626364,
64656666,
66656362,
62636566,
64646362,
62616060,
625D5C5C,
554D515B,
8ED0EAD2,
C4C4C9D7,
BDC4D1D5,
C1A59EA6,
90827371,
7E8D9698,
928C8F97,
8B747382,
78706661,
646A7072,
7C7D8083,
86888A8A,
8A888687,
8781766C,
7A7E8181,
7F80868C,
83848686,
85827F7D,
84858789,
8C8D8E8F,
8D917E6D,
6F6A6D85,
83888884,
84847B6D,
68717B7D,
766C6664,
5F534239,
3A3E3C36,
38393B3C,
3B3B3B3B,
4B5F6A68,
6F808073,
53666753,
5169756F,
49567082,
734D3532,
4E413C30,
466C6F3C,
26242326,
2B2F3030,
2A45709A,
B4B3A191,
696E7F9B,
B7C7C7C0,
C3C0BCB9,
B9BBBEC1,
C0C0C0C0,
C0C0C0C0,
C2C1BFBD,
BCBDBDBE,
C0C0C0C0,
C0C0C0C0,
C0C0C0C0,
C0C0C0C0,
C2C2C3C4,
C4C5C6C6,
CBCAC9C7,
C5C5C7C9,
C5CDD0C6,
AF947967,
605A5A61,
635E5D62,
5D5D5B57,
55575E64,
686C757E,
868B8F90,
9EACB9BE,
C0C5C6C3,
CBCA9B48,
19233636,
2E2D2C2C,
2E303335,
31333532,
2E2B2D2F,
2C2C2C2D,
2F323537,
383A3B37,
322F2F32,
3D4E6981,
8F949594,
96949190,
92969C9F,
A1A2A4A5,
A5A5A3A3,
A6A4A2A1,
A0A0A1A2,
A0A0A0A0,
A0A0A0A0,
9E9E9E9E,
9E9E9E9E,
9C9C9C9C,
9C9C9C9C,
9C9C9C9C,
9C9C9C9C,
9A9A9A9A,
9A9A9A9A,
98989898,
98989898,
69696969,
68686868,
68676665,
63626160,
64656566,
686A6B6C,
6C72797E,
82878E94,
989B9FA3,
A7AAABAB,
ACACACAC,
ACACACAC,
ACADADAC,
ABA9A6A5,
9E9A948F,
877C6E64,
5B56504A,
494B4F52,
5556595C,
5F606060,
60606162,
62636464,
62626364,
64656666,
66656362,
62636566,
64646362,
62616060,
66605F61,
5B515158,
70D2F3C4,
B4CBD6D3,
B5CBD8CD,
BBB0A69B,
877D777E,
8C949189,
A3897D8C,
95897D7D,
69666365,
6B727576,
81818283,
85868889,
898A8881,
78737579,
827E7B7E,
858A8987,
87878583,
807E7B7A,
8989898A,
8A8C8D8D,
87866F63,
737A7883,
7E868A88,
88867868,
6C6F6F65,
564C4B4F,
50494547,
4A47413C,
363B403E,
3A393E43,
5B646667,
76837253,
57625841,
48656955,
446C8674,
52424346,
61523B30,
3C726F3A,
20252723,
1E233341,
507AACC1,
B2937A6F,
677D9CB7,
C5C6C1BD,
C1BEB9B5,
B5B8BCBF,
C0C0C0C0,
C0C0C0C0,
C1C0BEBC,
BCBCBDBD,
C0C0C0C0,
C0C0C0C0,
C0C0C0C0,
C0C0C0C0,
C2C2C3C4,
C4C5C6C6,
CDC9C5C3,
C5C9CDD0,
C9C0B3A3,
91807571,
5E5A5C63,
61575559,
57585856,
55596168,
757B848E,
969B9D9E,
9EB2C1BE,
BCC5CCCC,
DFA95E2B,
212C312C,
2E2E2E2F,
31333436,
32343532,
2E2B2C2E,
2B2B2B2D,
2F333638,
3D3F3F3A,
34303032,
41557188,
93959594,
94939090,
93989EA2,
A3A4A5A6,
A6A5A3A2,
A6A4A2A1,
A0A0A1A2,
A0A0A0A0,
A0A0A0A0,
9E9E9E9E,
9E9E9E9E,
9C9C9C9C,
9C9C9C9C,
9C9C9C9C,
9C9C9C9C,
9A9A9A9A,
9A9A9A9A,
98989898,
98989898,
6B6B6A6A,
69686868,
68676665,
63626160,
65646464,
66686B6C,
6C72797E,
82878E94,
989A9EA3,
A6A9AAAB,
ACACACAC,
ACACACAC,
ACADADAC,
ABA9A6A5,
9E9A948F,
877C6E64,
5C57504B,
484A4E51,
5556595C,
5F606060,
60606162,
62636464,
62626364,
64656666,
66656362,
62636566,
64646362,
62616060,
68626164,
5F544F53,
71C7E0B9,
BDDCD5B9,
CBCEC8BF,
C3C3A782,
8C858288,
92969088,
A38C7D86,
95938376,
5E61666B,
7075797C,
86858483,
84858788,
87888479,
6E6D7883,
857E787D,
878D8A85,
8986817D,
7B7B7C7E,
8D8C8A89,
88898A8B,
817E645C,
79898282,
81888A86,
84817463,
5F5D564A,
3E3A3F46,
5C555458,
55483B37,
32383D39,
34374552,
7E726465,
757C684C,
5050402F,
3C5A5E4B,
63756F51,
45545D55,
584D2C29,
30766B35,
2227271D,
16203D57,
83A6C6C2,
9E796C6F,
8A9CB1BE,
BFBDBEC1,
BDBAB6B3,
B4B7BBBE,
BFBFBFBF,
BFBFBFBF,
C0BFBDBC,
BBBBBCBD,
BFBFBFBF,
BFBFBFBF,
C0C0C0C0,
C0C0C0C0,
C2C2C3C4,
C4C5C6C6,
CAC7C4C5,
C9CBCAC8,
B5917273,
848A7F73,
655F5E64,
645C595D,
53575A5C,
5E646D73,
888C939A,
A0A4A6A6,
A6B6BBB3,
B6C8D4D2,
B76E2A1E,
30372F29,
2E2F3032,
33353636,
33353633,
2D2A2B2D,
2B2B2C2E,
3135383A,
3D3F403C,
37333436,
4B607B8E,
95959596,
93929091,
949AA1A5,
A5A6A7A7,
A6A5A3A2,
A6A4A2A1,
A0A0A1A2,
A0A0A0A0,
A0A0A0A0,
9E9E9E9E,
9E9E9E9E,
9C9C9C9C,
9C9C9C9C,
9C9C9C9C,
9C9C9C9C,
9A9A9A9A,
9A9A9A9A,
98989898,
98989898,
6C6C6B6A,
69686867,
68676665,
63626160,
65646363,
64676B6D,
6C72797E,
82878E94,
97999EA2,
A6A8AAAA,
ACACACAC,
ACACACAC,
ACADADAC,
ABA9A6A5,
9E9A948F,
877C6E64,
5D58514B,
484A4D50,
5556595C,
5F606060,
60606162,
62636464,
62626364,
64656666,
66656362,
62636566,
64646362,
62616060,
67605F63,
5F534C4C,
65ACCFC9,
D0D6C8BB,
D4C5BCC4,
CABDA28E,
9B918783,
888E9191,
9095958F,
8C8A8073,
5D646B6E,
6E727B82,
8A888683,
83848687,
86827A73,
70747C82,
807E7D7F,
83878889,
86817A76,
767C8388,
8F8D8A87,
85868788,
807E6359,
778C8786,
88898276,
716F6558,
4A47433F,
40465058,
61554E50,
4A3B3336,
2D343935,
323C546A,
8D77686E,
766E5A4B,
39362C25,
34505F5E,
61594F4D,
58625E53,
45411F26,
2B7A6428,
2826201B,
213C6482,
A9AFAC9A,
82777F8B,
ACB2B9BD,
BDBBBCBD,
B6B5B4B3,
B4B7BBBD,
BEBEBEBE,
BEBEBEBE,
C0BFBDBB,
BABABBBC,
BEBEBEBE,
BEBEBEBE,
C0C0C0C0,
C0C0C0C0,
C2C2C3C4,
C4C5C6C6,
C8C7C7C8,
C4B9A89B,
84645265,
838C8277,
75696267,
69646164,
5D636B72,
777E878D,
9A9C9FA3,
A6A8A9A9,
ADB7B7B4,
BFCDC1A7,
623B1C20,
32383432,
2F303234,
35363636,
34363633,
2D2A2A2C,
2C2D2E30,
33373B3D,
373B3D3D,
3A393C3F,
5C6F8795,
97949597,
92919091,
959CA3A7,
A7A7A8A8,
A7A5A3A2,
A6A4A2A1,
A0A0A1A2,
A0A0A0A0,
A0A0A0A0,
9E9E9E9E,
9E9E9E9E,
9C9C9C9C,
9C9C9C9C,
9C9C9C9C,
9C9C9C9C,
9A9A9A9A,
9A9A9A9A,
98989898,
98989898,
6D6D6C6B,
6A686867,
68676665,
63626160,
65646262,
63676A6D,
6C72797E,
82878E94,
97999DA2,
A5A8A9AA,
ACACACAC,
ACACACAC,
ACADADAC,
ABA9A6A5,
9E9A948F,
877C6E64,
5D58514B,
48494D50,
5556595C,
5F606060,
60606162,
62636464,
62626364,
64656666,
66656362,
62636566,
64646362,
62616060,
655E5D61,
5E514847,
4991CFE4,
DCC0BBD7,
C6B7BFD5,
CAA59DB3,
A7988478,
78839099,
7C9EAF9C,
837C7973,
626A706E,
6A6D7A87,
8C8A8683,
82838586,
867B716F,
767D7E7C,
797F8482,
7E7F868E,
827C7571,
747D8991,
908D8986,
84848586,
80826758,
7288898C,
8B867764,
5B5B564C,
3C3B3C42,
4E5C6971,
55443A3A,
362E313C,
2C343835,
3444647F,
7C696573,
745A433C,
2C2B292A,
39536F7F,
40354162,
705D4B4A,
3B3C1B29,
2C7C5C1C,
2A22191C,
345F8FAE,
B9A38570,
6F7F96A6,
B8B8BAC0,
C5C2B8B0,
B2B2B2B3,
B5B8BABC,
BEBEBEBE,
BEBEBEBE,
BFBEBCBB,
BABABBBC,
BEBEBEBE,
BEBEBEBE,
C0C0C0C0,
C0C0C0C0,
C2C2C3C4,
C4C5C6C6,
C8C9CAC7,
BBA07F67,
5E5A657C,
89868488,
7E6C6061,
645F5C5C,
6B747F89,
9098A0A6,
A5A5A6A6,
A7A9A9AA,
ADB6BABF,
CFD0A269,
2D2F2F2B,
292B2D2D,
2F303335,
36373736,
34363733,
2D292A2C,
2D2E2F31,
34383C3F,
32363A3C,
3C3E4347,
697B909A,
99949496,
92909091,
959DA4A8,
A7A8A8A8,
A7A5A3A2,
A6A4A2A1,
A0A0A1A2,
A0A0A0A0,
A0A0A0A0,
9E9E9E9E,
9E9E9E9E,
9C9C9C9C,
9C9C9C9C,
9C9C9C9C,
9C9C9C9C,
9A9A9A9A,
9A9A9A9A,
98989898,
98989898,
6C6C6B6A,
6A696868,
66676868,
67666462,
66656464,
6566686A,
7174787F,
868C9193,
97999DA2,
A6A8A9AA,
ACACACAC,
ACACACAC,
ACADADAC,
ABA9A6A5,
A09B958F,
887E726A,
5A564F4A,
494B4F53,
52535557,
595B5D5E,
5E5E5F60,
60616262,
625F5D5E,
6162605D,
64636160,
60616364,
67676766,
66666565,
6564625E,
59534F4C,
526DBAE2,
CBCBDBC9,
C7BABAC7,
C9BDB9C0,
8CA1966E,
698EA092,
8387949F,
92756566,
5C656F76,
787C848B,
81878D8E,
8A87888B,
716B707E,
827D7E88,
7D808281,
8081868A,
837F7A78,
7C82888B,
88898B8C,
8C8B8A89,
857E6C61,
73919789,
7C706056,
524B4037,
34374762,
79785F46,
3C3B3A3B,
3A362E27,
373C342B,
416B827E,
707C8477,
5A3E312F,
25373229,
528A7E47,
38545664,
83673533,
271F2432,
3F89504F,
2F201A36,
6A9AB2B7,
A78A7479,
8998ABBC,
C1C1C1BF,
BCB9B6B4,
B2B3B6B9,
BBBBBBBB,
BEBDBCBB,
BBBCBDBE,
BCBCBBBA,
BAB9B8B8,
BCBDBFC0,
C0BFBDBC,
BDBEBFC1,
C3C5C6C7,
BFC4CACA,
C5C2C3C5,
C9BFBEB7,
8A52465D,
6C6C6B70,
81918D7F,
7D827E72,
6E767D7D,
91959BA1,
A5A7A8A8,
ABA19A9C,
A3A8ACB0,
B2BBC6D1,
CFA95D19,
2B2B2B2C,
2C2C2D2D,
2F303235,
36363636,
36363635,
33302D2B,
25282D33,
383C3E3F,
443A3537,
33303E53,
757F8C95,
9693908F,
858A919A,
A1A5A7A8,
A4A4A4A4,
A4A4A4A4,
A6A6A5A4,
A4A3A2A2,
A4A4A3A2,
A2A1A0A0,
9E9E9E9E,
9E9E9E9E,
9E9E9D9C,
9C9B9A9A,
9E9D9B9A,
9A9B9D9E,
9C9C9C9C,
9C9C9C9C,
9A9A9998,
98979696,
6C6C6B6A,
6A696868,
66676868,
67666462,
66656464,
6566686A,
7173787E,
858B9093,
97999DA2,
A6A8A9AA,
ACACACAC,
ACACACAC,
ACADADAC,
ABA9A6A5,
A09B958F,
887E726A,
5A564F4A,
494B4F53,
53535557,
595B5D5E,
5E5E5F60,
60616262,
63615E5F,
6364625F,
64636160,
60616364,
64646565,
65656666,
6564625E,
5A54504D,
475DAAE1,
D6CCCFBE,
BDCFCDB8,
BBCCBE9B,
9E9F9786,
7A7D8C99,
9A80829C,
9A76646F,
626A757C,
80858C92,
85848588,
8A89837E,
726D717E,
827D7F87,
7E818382,
7F7F8387,
877D7577,
82888680,
7C828A90,
918E8883,
897F695C,
6C878875,
6B655A4C,
403A3839,
3F587274,
5E443836,
31343839,
37332E2C,
37372D2A,
46718178,
6F727060,
49373133,
2A2A2E43,
677B6949,
415B5A5B,
694E292E,
34272429,
5282596D,
292F4468,
90A8ADA8,
86797789,
9EACBBC9,
C1C0C0BE,
BBB8B6B4,
B2B4B6B9,
BABBBBBB,
BCBBBAB9,
B9BABBBC,
BBBBBABA,
BAB9B9B9,
BCBDBFC0,
C0BFBDBC,
BEBEC0C1,
C3C4C6C6,
C9C0BABE,
C8CDC9C2,
C9A38270,
563E4C6F,
6F6F6D71,
81929187,
89908F86,
848C9292,
9C9EA1A5,
A7A7A6A5,
AEA9A5A6,
A8AAADB1,
BAB8C7D2,
AC62332E,
2A2A2B2C,
2D2E2E2F,
3738393A,
3A383736,
32323333,
33323030,
2C2E3134,
37383939,
39333234,
32344962,
7A838F96,
9693908F,
878B939A,
A1A5A7A8,
A4A4A4A4,
A4A4A4A4,
A6A6A5A4,
A4A3A2A2,
A4A4A3A2,
A2A1A0A0,
9E9E9E9E,
9E9E9E9E,
9E9E9D9C,
9C9B9A9A,
9E9D9B9A,
9A9B9D9E,
9C9C9C9C,
9C9C9C9C,
9A9A9998,
98979696,
6C6C6B6A,
6A696868,
66676868,
67666462,
66656464,
6566686A,
7073777E,
858B9092,
97999DA2,
A6A8A9AA,
ACACACAC,
ACACACAC,
ACADADAC,
ABA9A6A5,
A09B958F,
887E726A,
5A564F4A,
494B4F53,
53545658,
5A5C5E5F,
5E5E5F60,
60616262,
65626061,
65666361,
64636160,
60616364,
60606162,
64656666,
65646360,
5B56514F,
494F8ED2,
DACBC6BF,
BACECCBA,
BECDBC95,
B49E98A1,
91747B9B,
AD7D6F90,
95706173,
696F787F,
84898F93,
89848083,
8784786C,
7370747D,
817E7F85,
80828482,
7E7D7F81,
7F74707B,
8F999287,
8C88827F,
81889096,
94886F61,
7088836D,
4F504A3E,
32323C48,
576A7564,
3F24232E,
262F3739,
332E2E31,
36302830,
557B7D6A,
6F685947,
37313439,
2C263E6F,
846C4D42,
47606154,
4B311C25,
362C2827,
726D4A70,
2E4D7AA0,
B0AA9A8D,
6C7286A1,
B6BFC7CF,
C0BFBEBC,
B9B7B6B5,
B3B4B7B9,
BABBBABA,
B9B8B7B6,
B6B7B8B9,
B9B9B9B9,
B9BABABA,
BCBDBFC0,
C0BFBDBC,
BEBFC0C1,
C3C4C5C6,
D0C5BFC7,
D5D3BEA9,
82635259,
594C4D5D,
6C6D6B6C,
7A8C918C,
929CA09B,
9AA1A6A4,
A6A7A8A8,
A8A6A4A2,
ACADADAB,
A9ACB2B5,
C0CAD0B3,
6A271D35,
28292A2C,
2E303132,
3B3B3B3B,
39373433,
2F2F3031,
32323333,
32333536,
36353332,
2D2D3031,
303A5775,
838A9397,
9692908F,
8A8E959C,
A2A5A7A7,
A4A4A4A4,
A4A4A4A4,
A6A6A5A4,
A4A3A2A2,
A4A4A3A2,
A2A1A0A0,
9E9E9E9E,
9E9E9E9E,
9E9E9D9C,
9C9B9A9A,
9E9D9B9A,
9A9B9D9E,
9B9B9B9B,
9B9B9B9B,
9A9A9998,
98979696,
6C6C6B6A,
6A696868,
66676868,
67666462,
66656464,
6566686A,
6F72777D,
848A8F92,
97999DA2,
A6A8A9AA,
ACACACAC,
ACACACAC,
ACADADAC,
ABA9A6A5,
A09B958F,
887E726A,
5A564F4A,
494B4F53,
54555658,
5B5D5E5F,
5E5E5F60,
60616262,
67646263,
66676562,
64636160,
60616364,
5D5E5F61,
63646667,
66656461,
5D585451,
574C74BB,
D9CEC7CE,
C1B8BDCC,
CDBEB7BC,
BDA29BAA,
A2847E92,
AD88737D,
7C68626E,
7074797E,
8286898A,
8A888582,
7D746A62,
7474777D,
7F7F8082,
80838482,
7D7A7A7C,
7572727C,
888C837A,
84827F7F,
838B9399,
958A7262,
6F837B62,
3E3D3A36,
3640505C,
67594535,
2F2F3132,
28323B3A,
302A2D33,
332D2D41,
6A847556,
6B5E4A38,
2E2E353A,
3540668F,
8C61413D,
4E605F48,
3122212A,
29292A2F,
8D502A56,
5276A2B7,
AD948076,
74849EB6,
C2C5C5C7,
BEBDBBB9,
B7B6B6B5,
B4B5B7B9,
BABAB9B9,
B6B5B4B3,
B3B4B5B6,
B6B6B7B8,
B9BABBBB,
BCBDBFC0,
C0BFBDBC,
C0C0C1C2,
C2C3C4C4,
C8CACED0,
C7AE8B72,
362F4067,
796B5954,
65686664,
6E818C8C,
95A1A7A3,
A2A8A9A5,
A9A9A8A8,
A7A5A4A3,
A5ABADA8,
A9B3BEC3,
C5DEC570,
2D242C28,
27282A2C,
2F313334,
34353636,
35333130,
3130302F,
2F303132,
33343536,
35343331,
272C3130,
30416382,
8B909698,
95919090,
8D91979E,
A3A6A6A6,
A4A4A4A4,
A4A4A4A4,
A6A6A5A4,
A4A3A2A2,
A4A4A3A2,
A2A1A0A0,
9E9E9E9E,
9E9E9E9E,
9E9E9D9C,
9C9B9A9A,
9E9D9B9A,
9A9B9D9E,
9A9A9A9A,
9A9A9A9A,
9A9A9998,
98979696,
6C6C6B6A,
6A696868,
66676868,
67666462,
66656464,
6566686A,
6E71767C,
83898E91,
97999DA2,
A6A8A9AA,
ACACACAC,
ACACACAC,
ACADADAC,
ABA9A6A5,
A09B958F,
887E726A,
5A564F4A,
494B4F53,
55565759,
5C5E5F60,
5E5E5F60,
60616262,
67646263,
66676562,
64636160,
60616364,
5D5E5F61,
63646667,
66666562,
5F5A5754,
584E69B0,
E2D8C8D2,
C1BDC3CD,
C6BAC0D3,
B7A9A0A4,
AAA39386,
A2A08E71,
62666D6D,
7C7D7F82,
84858583,
888D8E83,
71646164,
75797B7C,
7E81817E,
7E818482,
7D787778,
74797E7D,
756B635E,
5B657685,
8E908C89,
8E866F5A,
5E695E46,
443D383B,
46535C60,
56422C26,
2E373731,
343C4039,
2D262A32,
30313C59,
7B846642,
5B504031,
2A2B3238,
546E8583,
6F5C524E,
645E4D2D,
17253F47,
20262237,
92452C5A,
889EB2AC,
927A7478,
8F9EB1BD,
C3C5C4C1,
BDBBB8B6,
B4B4B5B6,
B5B6B8B9,
BAB9B8B8,
B5B4B2B1,
B1B2B4B5,
B3B3B5B7,
B9BABCBD,
BCBDBFC0,
C0BFBDBC,
C1C1C1C2,
C2C3C3C3,
C1C9C9B3,
8C67514A,
312C3C5F,
77756D6C,
646A6964,
6A7C8A8E,
98A3AAA6,
A3A6A6A1,
A5A5A5A5,
A5A6A6A7,
A5ADAEA9,
AFC3D1D2,
CCBD843A,
1D2D3324,
28292B2D,
30323435,
30313335,
36363534,
3634312E,
2D2C2D2E,
30313335,
36363635,
29313431,
354B6C85,
91949897,
93908F91,
91959AA0,
A4A6A6A6,
A4A4A4A4,
A4A4A4A4,
A6A6A5A4,
A4A3A2A2,
A4A4A3A2,
A2A1A0A0,
9E9E9E9E,
9E9E9E9E,
9E9E9D9C,
9C9B9A9A,
9E9D9B9A,
9A9B9D9E,
9A9A9A9A,
9A9A9A9A,
9A9A9998,
98979696,
6C6C6B6A,
6A696868,
66676868,
67666462,
66656464,
6566686A,
6E70757B,
82898D90,
97999DA2,
A6A8A9AA,
ACACACAC,
ACACACAC,
ACADADAC,
ABA9A6A5,
A09B958F,
887E726A,
5A564F4A,
494B4F53,
5556585A,
5C5E6061,
5E5E5F60,
60616262,
65626061,
65666361,
64636160,
60616364,
60606162,
64656666,
67666564,
605D5957,
4C5065A6,
E5E1C6CB,
BED9DABC,
B3C8CFC0,
AAACA7A1,
ABB6A487,
97ACA171,
58687875,
86848487,
8A8B8884,
848D8F81,
6B606671,
777D7F7C,
7D82817B,
7B7F8382,
7D787676,
707C8788,
7F767375,
5F5D5B5F,
69798993,
8D8A775C,
52544833,
50484246,
51585651,
363C403C,
322B2A2D,
42423E33,
2824292F,
323A4D69,
7D755334,
4440382E,
282B363F,
7486805F,
51626E69,
73523317,
103C635D,
20281846,
8B585B89,
ACAFA994,
7C748090,
A8B1B8BB,
C1C8C8C2,
BBB9B5B3,
B2B3B5B7,
B6B7B9BA,
BAB9B8B7,
B4B3B2B1,
B1B2B3B4,
B0B1B3B5,
B8BBBDBE,
BCBDBFC0,
C0BFBDBC,
C2C2C2C2,
C2C2C2C2,
C7BFA67C,
513E4756,
433B4360,
7A7C726B,
6871736D,
6D7C8C92,
9AA5ABA6,
A3A7A7A2,
A5A4A3A4,
A5A7A9AB,
ADB6B7B3,
BED3D8CE,
BA70332B,
2F24222F,
2A2B2C2E,
30323334,
33343739,
3B3B3B3B,
3835312D,
2A2A2B2C,
2D2F3235,
37383837,
2F363735,
3E597585,
93959694,
908E9092,
95989DA2,
A5A6A6A5,
A4A4A4A4,
A4A4A4A4,
A6A6A5A4,
A4A3A2A2,
A4A4A3A2,
A2A1A0A0,
9E9E9E9E,
9E9E9E9E,
9E9E9D9C,
9C9B9A9A,
9E9D9B9A,
9A9B9D9E,
99999999,
99999999,
9A9A9998,
98979696,
6C6C6B6A,
6A696868,
66676868,
67666462,
66656464,
6566686A,
6D70757B,
82888D8F,
97999DA2,
A6A8A9AA,
ACACACAC,
ACACACAC,
ACADADAC,
ABA9A6A5,
A09B958F,
887E726A,
5A564F4A,
494B4F53,
5657595B,
5D5F6161,
5E5E5F60,
60616262,
63615E5F,
6364625F,
64636160,
60616364,
64646565,
65656666,
67676665,
625E5B59,
4B575B86,
CEDBC7D0,
C8D9D3BA,
BACFCAAE,
A0AAAEA9,
ACB1A796,
8E9D9673,
5B64777F,
84818185,
8B8E8B86,
8386847A,
6E6B7580,
7780827B,
7C838279,
777C8181,
7D787575,
78808B91,
928F8E8D,
7F705A4C,
4D5E7686,
7F85795D,
4B4A4234,
494A4D50,
514E4944,
313E4843,
342B2F37,
4A423529,
2223292E,
38445A6D,
6F5C412E,
373A3932,
2E36495A,
73705E4D,
5A777D6C,
61382522,
2F61734A,
1A2B1968,
8D7D8EAF,
A49D8E7E,
768098AB,
BDBFBCB7,
BFCCCABF,
BAB7B3B0,
B0B2B5B7,
B7B8B9BA,
BAB8B7B6,
B5B4B3B2,
B2B3B4B5,
AEAFB1B5,
B8BBBEBF,
BCBDBFC0,
C0BFBDBC,
C3C2C2C2,
C2C2C2C1,
B694643E,
33425B6D,
56454462,
868F7B66,
69757A72,
6F7A8991,
97A1A6A2,
A1A7A9A6,
AAA9A7A6,
A7A9ABAD,
B2BDBFBD,
CAD7CAAE,
7C39162F,
391F1B36,
2D2E2E2F,
30313232,
3637383A,
3A393837,
35322E2A,
292B2E30,
2F303335,
36373636,
32373838,
49687F84,
92949491,
8D8C9094,
989B9FA3,
A6A7A6A5,
A4A4A4A4,
A4A4A4A4,
A6A6A5A4,
A4A3A2A2,
A4A4A3A2,
A2A1A0A0,
9E9E9E9E,
9E9E9E9E,
9E9E9D9C,
9C9B9A9A,
9E9D9B9A,
9A9B9D9E,
98989898,
98989898,
9A9A9998,
98979696,
6C6C6B6A,
6A696868,
66676868,
67666462,
66656464,
6566686A,
6D6F747A,
81888C8F,
97999DA2,
A6A8A9AA,
ACACACAC,
ACACACAC,
ACADADAC,
ABA9A6A5,
A09B958F,
887E726A,
5A564F4A,
494B4F53,
5657595B,
5D5F6162,
5E5E5F60,
60616262,
625F5D5E,
6162605D,
64636160,
60616364,
67676766,
66666565,
67676765,
625F5C5A,
57614E62,
ACCECCDF,
DAC1B7C8,
D4CAB9B1,
9DA7B2B5,
ADA3A2A6,
87868072,
605C6E83,
7B78797F,
888C8A85,
827E7873,
7278828A,
7882837B,
7B838278,
757A8081,
7D787676,
8F8D8C8E,
8F8A7F76,
807E7972,
675C514B,
626F6B51,
3F403F36,
38445054,
4D444141,
413C3431,
353C454A,
4C3E2C20,
1E232A2D,
3D4B5F6A,
6049352D,
363C3F3A,
36435F76,
5F4D4153,
798E7C5E,
4120253E,
58817225,
102C218B,
9697A6B6,
8C82766F,
778DA8BA,
CBC9BFB7,
BFCCC7B7,
BAB7B2AF,
AFB1B5B8,
B7B8B9BA,
B9B8B6B5,
B6B5B3B2,
B2B3B5B6,
ACAEB0B4,
B8BBBEBF,
BCBDBFC0,
C0BFBDBC,
C3C3C3C2,
C2C1C1C1,
8D5B2410,
274B636A,
7750354B,
7D9A9380,
65737A71,
6B74838B,
909A9F9B,
9CA5AAA9,
B1AFACA9,
A9AAACAE,
B1BDC2C1,
CDD2B48B,
3B2C2731,
32282730,
2F2F3030,
30313131,
36363636,
3532302F,
312F2B29,
292D3134,
32333436,
36353433,
32373639,
51738585,
9192928E,
8B8B9094,
999CA0A4,
A7A7A6A5,
A4A4A4A4,
A4A4A4A4,
A6A6A5A4,
A4A3A2A2,
A4A4A3A2,
A2A1A0A0,
9E9E9E9E,
9E9E9E9E,
9E9E9D9C,
9C9B9A9A,
9E9D9B9A,
9A9B9D9E,
98989898,
98989898,
9A9A9998,
98979696,
68686868,
68686868,
68676766,
65656464,
63646466,
67686969,
676C747A,
7E848C92,
999B9FA4,
A8AAACAC,
AAAAAAAA,
AAAAAAAA,
ACADADAC,
ABA9A6A5,
9E9A9590,
8A7F7268,
58544D48,
47494D51,
52535557,
595B5D5E,
5F606162,
61605E5D,
5F606061,
63646465,
62626262,
62626262,
60616263,
65666768,
6B6A6967,
65636261,
5A615852,
7BBFE1DB,
C6C9D0D4,
CAB9B2B4,
A3A4AEBB,
B8A8A4AB,
876B5E5B,
5C768B82,
857D7574,
7A818484,
80706267,
78848279,
80807E7D,
7C7A7978,
697E887D,
74798283,
86878989,
89878482,
7A66575F,
73766047,
42495154,
514B4440,
414B5659,
544C4746,
3D3A3531,
34435B6E,
41322522,
21243140,
50534C64,
653C3E30,
3D363C3B,
37526D6A,
49495365,
6F675446,
25222F55,
7D805324,
251D528E,
9EAFAD84,
7570707D,
95AFC1C9,
C6C5C4C3,
C1C0BFBE,
BAB8B6B5,
B4B4B5B6,
B4B4B3B2,
B2B4B5B6,
B6B3AFAF,
B2B4B3B1,
B5B0ACAE,
B4BCC0C1,
BEC0C1C2,
C1BDBAB7,
BEC1C3C4,
C6BD9F7F,
57412C28,
2F3E566A,
74644C44,
5D818D85,
726A7387,
826E7189,
989A9691,
98A7AEAC,
B0ADA5A1,
AAB8BBB3,
B8C1CED2,
C1955E36,
2B272424,
282A2A28,
272B3032,
31303335,
2F313539,
3A3A3837,
3130302F,
2D2C2C2B,
2F333635,
322F3032,
33343A48,
5E74848C,
8E949893,
8A878E96,
9D9FA2A5,
A6A7A7A7,
A6A6A6A6,
A6A6A6A6,
A4A4A4A4,
A4A4A4A4,
A2A2A2A2,
A2A2A2A2,
A0A0A0A0,
A0A0A0A0,
9E9E9E9E,
9E9E9E9E,
A0A09F9E,
9E9D9C9C,
9E9E9D9C,
9C9B9A9A,
98989898,
98989898,
6B6B6B6B,
6B6B6B6B,
69696867,
67666565,
63646465,
66676868,
666C747A,
7E848B91,
999B9FA3,
A7AAABAC,
AAAAAAAA,
AAAAAAAA,
ACADADAC,
ABA9A6A5,
9E9A9590,
8A7F7268,
58544D48,
47494D51,
52535557,
595B5D5E,
5F606162,
62605F5E,
61616162,
62636363,
62626262,
62626262,
60616263,
65666768,
6B6A6967,
65646362,
5D5E544F,
6DA8D5E2,
CFD6D6CC,
C5C3B8AA,
9E9FABB9,
B8ABA5AA,
8E6D5D5D,
637D8E81,
89837C7C,
80848583,
796F676C,
7983817C,
7D7D7C7A,
79777676,
717E8278,
737D8789,
888B8F92,
918D8884,
6A523A39,
4B5A5A52,
4B4E5050,
4E4A4746,
53585D5A,
4F443E3B,
37322A2C,
415B635C,
322B2728,
27273444,
5A5F4766,
52362F29,
2A252F31,
2F486059,
4641475B,
68604C3E,
2D2D487A,
9275401B,
222E6EA2,
9D99987E,
71768192,
A7B8C3C8,
C5C5C4C2,
C1BFBEBE,
BCBBB9B7,
B6B6B7B8,
B5B5B4B4,
B4B5B6B6,
B3AFACAD,
B1B4B4B2,
B5B0ADAE,
B5BCBFC0,
BEBFC1C3,
C3C1BFBD,
BCBEBAB5,
B0A17F5F,
4B4A473F,
32324C6A,
7270614E,
506B8895,
7E717384,
83727180,
94989793,
99A6ABA8,
A3ADB1AE,
AFB7B9B5,
C6D1CEAD,
77493635,
2B272425,
292B2B29,
2D313536,
3535373A,
3335393B,
3C3B3837,
30302F2E,
2E2D2C2C,
30333635,
32303133,
38393F4E,
6478878E,
8C919590,
89878E96,
9EA0A2A5,
A7A7A7A7,
A6A6A6A6,
A6A6A6A6,
A4A4A4A4,
A4A4A4A4,
A2A2A2A2,
A2A2A2A2,
A0A0A0A0,
A0A0A0A0,
9E9E9E9E,
9E9E9E9E,
A0A09F9E,
9E9D9C9C,
9E9E9D9C,
9C9B9A9A,
98989898,
98989898,
6D6D6D6D,
6D6D6D6D,
6B6B6A69,
69686767,
64646465,
66666767,
666C7379,
7D838B91,
989A9EA3,
A7A9ABAB,
ABABABAB,
ABABABAB,
ACADADAC,
ABA9A6A5,
9E9A9590,
8A7F7268,
58544D48,
47494D51,
52535557,
595B5D5E,
5E5F6162,
6261605F,
63636362,
62616161,
62626262,
62626262,
61626364,
66676869,
6A6A6968,
66656463,
615B524E,
5D85BAE1,
D6DCD4C6,
C7CFC3AA,
9C9DA6B3,
B7B0ABAC,
976F5D63,
6F87917F,
88848180,
82827F7C,
706E6E73,
7B818180,
7F7E7D7C,
7A797877,
7A7D7A74,
77838C8C,
8285888A,
87807873,
6B553A2E,
323C4142,
54514C49,
484A4D4F,
5B5C5A52,
473D3836,
2E2C232A,
547B6D44,
23242A2F,
2B2A384B,
5F683B67,
3B35252C,
302C373A,
35485649,
3F353A52,
62584130,
2C34649F,
9B582319,
2B4A8DAF,
937A7B79,
75859CB0,
BDC3C5C6,
C4C4C3C1,
C0BEBDBD,
BDBCBAB8,
B8B8B9B9,
B7B6B6B6,
B6B6B6B6,
AEABA9AB,
B0B4B5B4,
B4B1AEB0,
B6BCBEBE,
BEBFC1C2,
C3C2C1C0,
BCBDB7AE,
A6957455,
484B5357,
4F434651,
5F707562,
50597790,
8D7A737D,
82787072,
8D959896,
9AA4A8A4,
9FADB5B0,
ADB6C0C4,
D4C9A76D,
33161C2D,
2B282526,
2A2D2D2B,
2F333636,
3434373B,
38393C3D,
3D3A3735,
302F2F2E,
2E2D2D2C,
31343635,
32313336,
3D3F4757,
6B7E898E,
888C8F8C,
87878F97,
A0A1A3A6,
A7A8A7A7,
A5A5A5A5,
A5A5A5A5,
A4A4A4A4,
A4A4A4A4,
A2A2A2A2,
A2A2A2A2,
A0A0A0A0,
A0A0A0A0,
9E9E9E9E,
9E9E9E9E,
A0A09F9E,
9E9D9C9C,
9E9E9D9C,
9C9B9A9A,
98989898,
98989898,
6D6D6D6D,
6D6D6D6D,
6C6C6B6B,
6A696968,
64646464,
65656565,
656B7278,
7D828A90,
979A9EA2,
A6A8AAAA,
ACACACAC,
ACACACAC,
ACADADAC,
ABA9A6A5,
9E9A9590,
8A7F7268,
58544D48,
47494D51,
52535557,
595B5D5E,
5D5E6061,
62616060,
65646463,
6160605F,
62626262,
62626262,
62626365,
66686969,
6A6A6968,
67666565,
645B5655,
526396CB,
DBD2CACB,
D2D3C6B7,
A6A3A5AD,
B5B6B4B2,
9A71616E,
7A8C917E,
82818180,
7E7A7571,
6A6F767B,
7D7F8183,
8282817F,
7E7C7B7B,
7C797577,
818A8C8A,
76767572,
6D67625E,
6A62564C,
45413D3A,
524C4441,
454D5459,
4E4C4741,
3B373636,
282F2D36,
658D7032,
20242C30,
2A283A51,
5C692F66,
2C382639,
413C4546,
3C454935,
362B3555,
66553522,
203573A8,
88351732,
496592A1,
8061677C,
899CB5C5,
C9C7C5C5,
C3C2C1C0,
BEBDBCBB,
BBBAB8B7,
B6B6B7B8,
B7B7B8B8,
B7B6B5B4,
AAA7A6A9,
AFB4B6B5,
B4B1AFB1,
B7BBBDBC,
BFBFBFBF,
BFBEBDBC,
BDC0BEB8,
B3A88E74,
5647455C,
6F684E39,
475E726F,
5F58616E,
93817376,
7E7A6E63,
86919998,
9BA3A6A2,
A7B0B2AD,
AFBECDD2,
C2985F35,
25242625,
2C292627,
2C2F2F2E,
2E303231,
2F303337,
393A3C3C,
3A373330,
2F2E2E2E,
2E2E2E2D,
33353735,
3333363A,
40444E5F,
7281898B,
84868886,
85899199,
A1A3A5A7,
A8A8A7A6,
A4A4A4A4,
A4A4A4A4,
A4A4A4A4,
A4A4A4A4,
A2A2A2A2,
A2A2A2A2,
A0A0A0A0,
A0A0A0A0,
9E9E9E9E,
9E9E9E9E,
A0A09F9E,
9E9D9C9C,
9E9E9D9C,
9C9B9A9A,
98989898,
98989898,
6B6B6B6B,
6B6B6B6B,
6C6C6B6B,
6A696968,
64646464,
63636363,
646A7277,
7C82898F,
96999DA1,
A5A8A9A9,
ACACACAC,
ACACACAC,
ACADADAC,
ABA9A6A5,
9E9A9590,
8A7F7268,
58544D48,
47494D51,
52535557,
595B5D5E,
5C5D5F61,
62626161,
65646463,
6160605F,
62626262,
62626262,
63636466,
67696A6A,
6A6A6969,
68686767,
655E5E5F,
524E73A4,
DDC9C7D9,
DCC8BBBF,
B6AFA8AA,
B4BCBAB3,
926F6A7C,
82898B7D,
80828382,
7D77716E,
6A717A7F,
7F7F8184,
8181807E,
7D7B7A7A,
7974747F,
8A8D8883,
74716D6A,
6868696A,
62656665,
5F5A5654,
4A433D3F,
48535A5D,
413C3530,
2D2E2E2F,
2638414B,
6F8C692A,
27292D2D,
25263B54,
5C6A3065,
2936283E,
3E373E3E,
333A3A22,
2D263961,
70542D1A,
1A3D7B9A,
6C2A2F63,
6F757C7E,
6F59658B,
A5B3C3CB,
C9C4C3C4,
C1C0BFBE,
BCBBBAB9,
B8B7B5B3,
B2B2B3B4,
B6B7B8B9,
B8B5B3B1,
A8A6A5A9,
AFB5B7B6,
B4B1B0B2,
B8BBBBBA,
BFBEBCBA,
B8B7B6B6,
BCC2C3C0,
BEB9A792,
6A50404F,
666A5E52,
494E5962,
645E5855,
8C837773,
787A6D5D,
808E999A,
9CA4A8A6,
AFB5B9BC,
C6CFCBC0,
805A2F20,
2C373226,
2C292729,
2E313230,
31323331,
2F2F3438,
36373939,
36332E2C,
2D2E2E2E,
2E2E2E2F,
34363736,
3335393E,
42485465,
77838686,
81828283,
858C959C,
A3A5A6A8,
A8A8A7A6,
A4A4A4A4,
A4A4A4A4,
A4A4A4A4,
A4A4A4A4,
A2A2A2A2,
A2A2A2A2,
A0A0A0A0,
A0A0A0A0,
9E9E9E9E,
9E9E9E9E,
A0A09F9E,
9E9D9C9C,
9E9E9D9C,
9C9B9A9A,
98989898,
98989898,
6B6B6B6B,
6B6B6B6B,
6B6B6A69,
69686767,
64646463,
62626161,
63697177,
7B81888E,
96989CA1,
A4A7A8A9,
ADADADAD,
ADADADAD,
ACADADAC,
ABA9A6A5,
9E9A9590,
8A7F7268,
58544D48,
47494D51,
52535557,
595B5D5E,
5B5C5F61,
62636262,
63636362,
62616161,
62626262,
62626262,
63646566,
68696A6B,
69696969,
69696969,
65626463,
554B5E7C,
CAC8D4E2,
DAC0B4B9,
C3BBB0AD,
B7C0B7A7,
816C778C,
847E827E,
84878986,
7F787574,
70757C7F,
80808182,
7F7E7D7B,
7A797777,
76717584,
8D89827F,
7B7A7877,
787A7E80,
6D6D6963,
5D5A5A5C,
423F3E46,
525B5C59,
3F382E28,
26252422,
283D4E5C,
74805C29,
2D2A2B2B,
27283B52,
5C673960,
302C2738,
3B313636,
2F3A3D25,
2A27406B,
74502A1D,
27548386,
5F46608C,
8879605F,
6B6371A0,
BCC0C4C5,
C3C1C1C2,
BFBFBEBC,
BBB9B8B8,
B6B5B3B1,
B0B1B1B2,
B4B5B7B8,
B7B3AFAD,
AAA8A7AA,
B1B6B8B7,
B4B2B1B4,
B9BBBAB8,
BDBBB9B6,
B5B4B5B5,
BCC2C3BF,
BCB8AA99,
7A675247,
444C647B,
65554B52,
5D605E5D,
7C848377,
757A7262,
7B8C999A,
9CA6ADAE,
B0BDC9D1,
D4C8A98A,
39332C28,
292B2C2C,
2D2A282A,
2F343433,
38393936,
3233393D,
34353637,
35312D2A,
2C2D2D2E,
2E2F2F30,
36373836,
34363C42,
454C5B6D,
7D868683,
807F7E80,
86909AA1,
A5A6A8A9,
A9A8A7A6,
A3A3A3A3,
A3A3A3A3,
A4A4A4A4,
A4A4A4A4,
A2A2A2A2,
A2A2A2A2,
A0A0A0A0,
A0A0A0A0,
9E9E9E9E,
9E9E9E9E,
A0A09F9E,
9E9D9C9C,
9E9E9D9C,
9C9B9A9A,
98989898,
98989898,
6D6D6D6D,
6D6D6D6D,
69696867,
67666565,
65646463,
62616060,
63697076,
7A80888E,
95979CA0,
A4A6A8A8,
AEAEAEAE,
AEAEAEAE,
ACADADAC,
ABA9A6A5,
9E9A9590,
8A7F7268,
58544D48,
47494D51,
52535557,
595B5D5E,
5A5C5E61,
62636363,
61616162,
62636363,
62626262,
62626262,
64656667,
696A6B6C,
6969696A,
6A6A6A6A,
65656460,
58545962,
9BC8E6DD,
CCC8C2B5,
C4C0B8B6,
BFC2AC8F,
6D68849A,
8470777E,
83878884,
7C767577,
79797B7D,
8081817F,
84838281,
7F7E7D7C,
78727682,
87807D82,
80818181,
7D78736F,
6A67615B,
55504D4B,
42424854,
61635A50,
41382E29,
28272320,
2C394B63,
77745028,
2A26272D,
2F313D4C,
50573E55,
3B232D35,
46383736,
313F442E,
2D2A456D,
6F482A28,
3D6D8874,
64768E95,
8A744E53,
777681B4,
C4C1BDBD,
BFC1C1BF,
BEBEBDBB,
BAB8B7B7,
B7B6B4B2,
B2B2B3B3,
B1B3B6B6,
B5B1ACA9,
AEABAAAC,
B2B7B8B7,
B4B2B2B5,
B9BBB9B6,
B8B7B5B5,
B6B9BCBE,
BEC5C5BF,
BAB6AA9C,
86756252,
4544576D,
7A695E5F,
615F6570,
6B869282,
767C7B70,
798B999A,
9DA8B4B8,
B7C6CFC7,
B4966D4C,
242B302D,
2522272E,
2D2A292B,
31353635,
3A3B3935,
3233393E,
34353738,
3633302D,
2C2C2D2E,
2E2F3030,
37383836,
34373E45,
4A536376,
858B8883,
807E7C7F,
88949FA5,
A7A8A9A9,
A9A8A7A6,
A2A2A2A2,
A2A2A2A2,
A4A4A4A4,
A4A4A4A4,
A2A2A2A2,
A2A2A2A2,
A0A0A0A0,
A0A0A0A0,
9E9E9E9E,
9E9E9E9E,
A0A09F9E,
9E9D9C9C,
9E9E9D9C,
9C9B9A9A,
98989898,
98989898,
70707070,
70707070,
68676766,
65656464,
65646462,
61605F5F,
62687076,
7A80888D,
95979BA0,
A3A6A7A8,
AEAEAEAE,
AEAEAEAE,
ACADADAC,
ABA9A6A5,
9E9A9590,
8A7F7268,
58544D48,
47494D51,
52535557,
595B5D5E,
5A5B5E61,
63636363,
5F606061,
63646465,
62626262,
62626262,
64656667,
696A6B6C,
69696A6A,
6A6B6B6B,
6566615A,
585C5C57,
6EC4F2D3,
C0D7D7B7,
C1C1BEBD,
C5C2A17B,
61658CA3,
8367707F,
7F82837E,
75707275,
807C797B,
8083807D,
8D8C8B8A,
88878685,
7C74757F,
80797B87,
7E80827E,
73635248,
484C5157,
5A564E48,
46485160,
6B695849,
3F372F2C,
2E2E2B27,
2F324362,
796F4927,
24202531,
38393E48,
3F453C4B,
44203639,
503E3832,
2A393E28,
312E466A,
68412B31,
4B7C896A,
6D9AA68A,
826F4955,
84858BC0,
C4BCB6B8,
BEC3C1BD,
BEBDBCBB,
B9B8B7B6,
BAB8B6B5,
B4B4B5B6,
B0B2B4B5,
B3AFAAA6,
B1AEACAE,
B3B8B8B7,
B4B2B2B5,
BABBB8B5,
B4B3B3B5,
B9BEC3C6,
C2C9CAC3,
BFBCB2A5,
8E766362,
6257463C,
7C7A7C7C,
6E5F6679,
60889D8A,
797E837B,
798A9899,
9DAAB8BF,
C2CCC8AB,
845F3E28,
342F2928,
2A2C2C2A,
2D2B292C,
31363736,
37373531,
2D2F343A,
3536383A,
39363331,
2B2C2C2D,
2F303031,
38393836,
35384046,
4F58687C,
8B8F8B85,
817D7B7F,
8997A2A8,
A7A8A9AA,
AAA8A7A5,
A2A2A2A2,
A2A2A2A2,
A4A4A4A4,
A4A4A4A4,
A2A2A2A2,
A2A2A2A2,
A0A0A0A0,
A0A0A0A0,
9E9E9E9E,
9E9E9E9E,
A0A09F9E,
9E9D9C9C,
9E9E9D9C,
9C9B9A9A,
98989898,
98989898,
6C6C6C6C,
6C6C6C6C,
6A6A6968,
68676666,
61616160,
605F5F5F,
5F636972,
7B83898D,
979A9EA3,
A8ABADAE,
ACACACAC,
ACACACAC,
AEAFAFAE,
ADABA8A7,
9C97918C,
867D7269,
5C564E47,
45474D50,
4F505356,
595A5A5A,
5C5E6061,
62626160,
5F606061,
63646465,
62626262,
62626262,
66666768,
68696A6A,
6A6B6D6E,
6E6D6B6A,
6B696560,
5C5A5858,
6288CAE5,
C9B8C2C7,
CBBEB7BF,
C9BC9673,
72899689,
79736F68,
7D7F7E79,
73747B82,
807E7E82,
87867E77,
7F82817B,
73737C85,
7E7E7E7B,
7066656B,
7F7A7675,
736A5A4D,
3648534E,
4B525550,
5265625F,
6E674F47,
30303131,
2F2C2927,
26424F78,
6A6D3A23,
2222213A,
5C523839,
35353536,
383A3D3F,
55565759,
59595857,
373E5D6C,
5B4F4834,
657C7060,
788F897F,
8A5E5179,
9DA1A6B6,
BABFC4C2,
BBB7B9BC,
C2C0BDBA,
B8B6B6B6,
B4B5B6B6,
B6B4B3B2,
B7B4AFAB,
ABADB0B3,
B2B1AFB0,
B2B6BBBE,
BAB9B7B5,
B4B4B4B5,
BEBEBFC0,
C0C1C2C2,
C9C8C7C4,
BEB7B0AC,
95867263,
5C595451,
467D9578,
66726949,
585F8899,
81889276,
7C84919C,
A5AEB8BE,
C3AE8B63,
42312E31,
2C2C2D2E,
2E2F3030,
2C2D3032,
35383A3C,
403D3834,
32343739,
31373B39,
332F3034,
26282B2E,
30323232,
39363435,
393E4142,
495F7580,
868A857C,
7E7A7A82,
8F9BA0A0,
A6A6A6A6,
A6A6A6A6,
A4A4A4A4,
A4A4A4A4,
A4A4A4A4,
A4A4A4A4,
A2A2A2A2,
A2A2A2A2,
A0A0A0A0,
A0A0A0A0,
A0A1A2A2,
A1A09E9C,
9E9E9E9E,
9E9E9E9E,
9E9E9D9C,
9C9B9A9A,
9A9A9998,
98979696,
6C6C6C6C,
6C6C6C6C,
6A6A6968,
68676666,
61616160,
605F5F5F,
5F626971,
7A83898D,
97999EA3,
A8ABADAE,
ACACACAC,
ACACACAC,
AEAFAFAE,
ADABA8A7,
9C98928C,
877D726A,
5C564E47,
45474D50,
4F505356,
595A5A5A,
5C5E6061,
62626160,
60606162,
62636464,
62626262,
62626262,
66666768,
68696A6A,
6B6C6D6E,
6E6D6C6B,
6B696561,
5E5B5958,
5B77B7E0,
D5C9CAC3,
C5BEBCC4,
C9B89474,
808F9589,
7D79766F,
7A7A7770,
6B6B737A,
81808084,
87847B73,
7C766F6C,
6F757B7E,
82848786,
7E767578,
736F6963,
5E564C45,
3E4B514C,
4D555651,
4D63635D,
675F4A46,
36383B3B,
38322C28,
29444C72,
636A3B26,
282E2F43,
5C4D3232,
34333334,
36383B3C,
5456585A,
5A595755,
4A4D646B,
56505348,
44707359,
59697685,
7E6E7BA3,
B5A8A6B6,
B9BDBFBC,
B7B4B7BB,
C0BFBCB9,
B6B5B5B5,
B2B2B4B4,
B4B3B2B1,
B5B3B0AD,
ADAEB0B1,
AEAEAEAF,
B2B6BABC,
B5B4B5B5,
B7B8BABB,
BEBFBFC0,
C1C1C2C2,
CACACAC7,
C3BCB6B3,
9C8D7968,
5F595450,
49506C85,
744D4962,
4F496589,
8C878988,
80858F9A,
A4ABAEAE,
98826144,
312A2929,
2C2C2D2D,
2E2F2F30,
2D2E3033,
36383A3B,
3C393634,
34373B3D,
33383B38,
322E2E31,
282A2C30,
32333333,
37353334,
383D4244,
50657981,
8689847B,
7F7D7D86,
939EA4A5,
A6A6A6A6,
A6A6A6A6,
A4A4A4A4,
A4A4A4A4,
A4A4A4A4,
A4A4A4A4,
A2A2A2A2,
A2A2A2A2,
A0A0A0A0,
A0A0A0A0,
A0A1A2A2,
A1A09E9C,
9E9E9E9E,
9E9E9E9E,
9E9E9D9C,
9C9B9A9A,
9A9A9998,
98979696,
6C6C6C6C,
6C6C6C6C,
6A6A6968,
68676666,
62626160,
605F5E5E,
5E626871,
7A82898C,
96999DA3,
A7AAACAD,
ACACACAC,
ACACACAC,
AEAFAFAE,
ADABA8A7,
9D98928D,
877E736A,
5C564E47,
45474D50,
4F505356,
595A5A5A,
5C5E6061,
62626160,
60616162,
62636364,
62626262,
62626262,
66666768,
68696A6A,
6B6C6D6E,
6E6D6C6B,
6B6A6763,
605C5A58,
52639FD7,
E1DBD3C2,
C1C0C2C8,
C8B6977E,
8E918D82,
7C7C7A73,
7876706A,
66697178,
82828385,
857F756E,
786E6567,
727D807E,
81858886,
83838486,
6F6B6256,
4A434142,
494C4B48,
4C55554F,
4662655C,
5E534345,
3A3B3D3D,
3A332C28,
2F474866,
5867402D,
323E3F49,
56442B2E,
31313131,
32353739,
3E414548,
4845413E,
3D425B60,
48434C46,
3E6B6F54,
566B7F93,
767F9DBA,
B7A2A6BD,
B8B8B8B4,
B0B0B5B9,
BEBCB9B6,
B4B3B3B3,
AEAFB1B2,
B2B1B0AF,
B2B2B1B0,
AFAFAEAE,
ABACADAF,
B1B3B5B6,
B0B2B4B7,
BBBEC1C3,
BFBFC0C0,
C1C2C2C3,
CBCBCCCB,
C8C3BEBB,
A6988471,
645B5450,
50333F71,
7A554961,
51434773,
978A7E93,
86878D98,
A3A59E96,
7F6A4C36,
2D2C2C2C,
2B2C2C2D,
2E2E2F2F,
30303234,
3638393A,
38373535,
363A3E40,
36393A38,
322D2C2D,
2A2B2E31,
34353535,
34333233,
373D4449,
5B6E7F84,
86888279,
7E7E818A,
96A1A8A9,
A6A6A6A6,
A6A6A6A6,
A4A4A4A4,
A4A4A4A4,
A4A4A4A4,
A4A4A4A4,
A2A2A2A2,
A2A2A2A2,
A0A0A0A0,
A0A0A0A0,
A0A1A2A2,
A1A09E9C,
9E9E9E9E,
9E9E9E9E,
9E9E9D9C,
9C9B9A9A,
9A9A9998,
98979696,
6C6C6C6C,
6C6C6C6C,
6A6A6968,
68676666,
63636261,
5F5E5D5D,
5E616770,
7981888B,
95989DA2,
A6AAABAC,
ACACACAC,
ACACACAC,
AEAFAFAE,
ADABA8A7,
9E99938E,
887F736B,
5C564E47,
45474D50,
4F505356,
595A5A5A,
5C5E6061,
62626160,
61626262,
62626263,
62626262,
62626262,
66666768,
68696A6A,
6C6D6E6F,
6F6E6D6C,
6C6B6966,
625E5B59,
4E5790CF,
E0DED8CA,
C3C4C6C9,
C5B7A394,
948B7F77,
777A7874,
77736D69,
696F787F,
82838485,
827B726B,
726F6F75,
7F868785,
7C7E7B75,
7680888A,
7A766A57,
453D4148,
4F494140,
474E4E49,
4262675B,
584C4048,
38373533,
302E2C2B,
364A4358,
4A654839,
3E4B4642,
47382831,
302F2E2E,
2F313335,
2C2F3336,
35312C29,
212C4C57,
413C443F,
4E665948,
62838C8E,
77859BA8,
9E94A5C1,
B7B5B1AD,
ACAFB3B7,
BBB9B6B3,
B1B0AFB0,
ABACAEAF,
B0B0AFAE,
B0B1B2B2,
B1B0AEAC,
ADAEAEAF,
AFAFAEAE,
B2B4B8BC,
BFC2C4C4,
C0C0C1C1,
C2C3C3C4,
C8C9CBCB,
CAC6C3C0,
B0A4907B,
695D5551,
5441303F,
69836F4B,
5C56425A,
91907A8B,
8B898C97,
A19E8F80,
7F6E553C,
2D282A2E,
2A2B2B2C,
2D2D2E2E,
33333435,
36373839,
3A393737,
383A3C3E,
39393936,
322D2A29,
2B2D3033,
35363636,
30313133,
363F4951,
67788586,
85858077,
7B7E848D,
97A1A8AB,
A6A6A6A6,
A6A6A6A6,
A4A4A4A4,
A4A4A4A4,
A4A4A4A4,
A4A4A4A4,
A2A2A2A2,
A2A2A2A2,
A0A0A0A0,
A0A0A0A0,
A0A1A2A2,
A1A09E9C,
9E9E9E9E,
9E9E9E9E,
9E9E9D9C,
9C9B9A9A,
9A9A9998,
98979696,
6C6C6C6C,
6C6C6C6C,
6A6A6968,
68676666,
64646261,
5F5E5C5C,
5D60676F,
7881878A,
95979CA1,
A6A9ABAB,
ACACACAC,
ACACACAC,
AEAFAFAE,
ADABA8A7,
9E9A948F,
8980746C,
5C564E47,
45474D50,
4F505356,
595A5A5A,
5C5E6061,
62626160,
63626262,
62626261,
62626262,
62626262,
66666768,
68696A6A,
6D6E6F70,
706F6E6D,
6C6C6B69,
65605C59,
50578ECA,
D7D4D8D5,
CAC9C8C7,
C3BCB1AA,
94867875,
797B7A78,
706C6867,
6D757E83,
80828381,
7D77726F,
6A748188,
89878789,
7C7A6E60,
64798889,
847E705B,
4840434A,
4D423839,
3E414140,
4061685A,
5549414B,
3B37302B,
2A2D3235,
3D4E3E49,
3E655449,
4A544533,
342E2937,
2F2E2D2D,
2E2F3132,
2F323536,
35322D2A,
22294552,
43475756,
4B5D4B37,
53747977,
78829095,
9294A5B7,
B6B2AEAB,
ADB0B4B6,
B8B6B3B0,
AEACACAC,
A9ABADAE,
AFAFAFAE,
B0B1B2B2,
B1B0AEAC,
B2B1B0AE,
ACABAAA9,
B9BBBEC1,
C3C3C3C2,
C0C1C1C2,
C3C3C4C4,
C4C5C8C9,
C8C6C3C0,
B5AB9984,
6F605855,
50503A29,
4A7D7C54,
5B664740,
7792807B,
8D8B8D97,
9E998777,
786E593E,
261D222B,
2A2A2B2B,
2C2D2D2E,
36363636,
37373737,
3E3D3B3A,
39393939,
39383634,
322E2A27,
2B2D3033,
35363636,
2E303334,
3841505B,
717F8886,
83837E76,
797E858E,
969EA5A9,
A6A6A6A6,
A6A6A6A6,
A4A4A4A4,
A4A4A4A4,
A4A4A4A4,
A4A4A4A4,
A2A2A2A2,
A2A2A2A2,
A0A0A0A0,
A0A0A0A0,
A0A1A2A2,
A1A09E9C,
9E9E9E9E,
9E9E9E9E,
9E9E9D9C,
9C9B9A9A,
9A9A9998,
98979696,
6C6C6C6C,
6C6C6C6C,
6A6A6968,
68676666,
65656361,
5F5D5B5B,
5C5F666E,
7780868A,
94969BA0,
A5A8AAAB,
ACACACAC,
ACACACAC,
AEAFAFAE,
ADABA8A7,
9F9B958F,
8980756D,
5C564E47,
45474D50,
4F505356,
595A5A5A,
5C5E6061,
62626160,
64636362,
62616160,
62626262,
62626262,
66666768,
68696A6A,
6E6F7071,
71706F6E,
6C6D6D6C,
68625D59,
54588ECA,
D3CDD5DB,
D1CDC8C6,
C4BEB5AD,
8F82797C,
807E7D7F,
6A676467,
6F787D7F,
7D7E7F7C,
77747578,
6C7A8A8F,
89828184,
817E6D58,
5C768583,
7C766959,
4A434446,
473B3436,
36333439,
3D5D6256,
544A424C,
453F3731,
2F33383D,
4352393D,
3467615B,
585E4428,
292A2A38,
302F2E2D,
2D2E3031,
34343434,
32302E2D,
2F2C3D49,
43536C6D,
4462593D,
475E6A74,
7B88959B,
A0A7AAA9,
B7B2AEAE,
B2B5B6B5,
B5B3B0AD,
ABA9A9A9,
A9AAADAF,
B0B1B0B0,
B2B2B1B0,
AFAFAEAE,
B4B2AEAB,
AAABADAF,
BEC0C4C6,
C6C5C2C0,
C1C2C2C3,
C4C4C5C5,
C2C3C6C7,
C7C4C1BF,
B5AE9F89,
73645C5A,
4A4B4538,
323F5B73,
555F4734,
59868977,
8C8C9198,
9C96877B,
7369553D,
2A23282E,
29292A2A,
2B2C2C2D,
39383837,
37363636,
3F3F3E3C,
3B393837,
38353332,
33302B26,
2A2B2E31,
34353535,
2D313537,
3A455765,
77838A85,
80807C75,
79808A91,
969CA2A7,
A6A6A6A6,
A6A6A6A6,
A4A4A4A4,
A4A4A4A4,
A4A4A4A4,
A4A4A4A4,
A2A2A2A2,
A2A2A2A2,
A0A0A0A0,
A0A0A0A0,
A0A1A2A2,
A1A09E9C,
9E9E9E9E,
9E9E9E9E,
9E9E9D9C,
9C9B9A9A,
9A9A9998,
98979696,
6C6C6C6C,
6C6C6C6C,
6A6A6968,
68676666,
66656461,
5F5C5B5A,
5B5F656E,
777F8689,
93969AA0,
A4A7A9AA,
ACACACAC,
ACACACAC,
AEAFAFAE,
ADABA8A7,
A09B9590,
8A81766D,
5C564E47,
45474D50,
4F505356,
595A5A5A,
5C5E6061,
62626160,
64646362,
62616060,
62626262,
62626262,
66666768,
68696A6A,
6E6F7071,
71706F6E,
6D6E6F6E,
6A645E5A,
56568BCD,
DAD1D4D7,
D4CFCAC9,
C8BEAC9D,
82797880,
837C7B81,
6F6C6B6F,
777C7C79,
797A7A75,
71737B82,
8084898A,
8884807E,
8181705A,
5D747E75,
6A635A52,
4E4A4643,
40383638,
32292B36,
3956584E,
514A4149,
4B48433E,
3A373636,
47543634,
2D6A6E6B,
65674828,
292C2931,
32312F2E,
2E2E3031,
34312E2B,
29292A2B,
2E2A3F53,
55637067,
4F695D48,
5D7A8183,
8C9CA6A6,
ABB5B4A9,
B7B3B1B3,
B9BBB9B5,
B2B0AEAA,
A8A7A7A7,
A9ABADB0,
B2B2B2B2,
B5B3B0AD,
ADAEB0B1,
B1AEA9A7,
A9AFB7BC,
BFC2C6C9,
CAC8C5C3,
C2C2C3C3,
C4C5C5C6,
C3C5C7C8,
C7C5C1BF,
B2ADA18D,
77676160,
4D46443E,
29203F6A,
61534840,
49718B80,
898D959A,
9A948C86,
78634938,
3433302B,
2829292A,
2B2B2C2C,
3B3A3938,
37363535,
3C3C3D3D,
3D3C3B3A,
36333031,
33322D27,
282A2C30,
32333333,
2D333839,
3D495E6E,
7A858983,
7D7E7B74,
7E869096,
999CA2A7,
A6A6A6A6,
A6A6A6A6,
A4A4A4A4,
A4A4A4A4,
A4A4A4A4,
A4A4A4A4,
A2A2A2A2,
A2A2A2A2,
A0A0A0A0,
A0A0A0A0,
A0A1A2A2,
A1A09E9C,
9E9E9E9E,
9E9E9E9E,
9E9E9D9C,
9C9B9A9A,
9A9A9998,
98979696,
6C6C6C6C,
6C6C6C6C,
6A6A6968,
68676666,
67666461,
5F5C5A59,
5B5F656D,
767F8589,
93969A9F,
A4A7A9AA,
ACACACAC,
ACACACAC,
AEAFAFAE,
ADABA8A7,
A09C9690,
8A81766E,
5C564E47,
45474D50,
4F505356,
595A5A5A,
5C5E6061,
62626160,
65646463,
6160605F,
62626262,
62626262,
66666768,
68696A6A,
6E6F7172,
72716F6E,
6D6E706F,
6B655E5A,
565187D0,
E4DAD5D0,
D5CFCBCD,
CCBCA18A,
736E737F,
8076757D,
7A777579,
80827E78,
77787671,
6E737E89,
978F8786,
898A847D,
7D80725D,
5F737566,
5C554F4F,
52514A43,
3D38383B,
32242735,
36505148,
4E4A4046,
4B4B4A46,
3F372E29,
4A56342F,
2A6D7574,
6D6F4D2C,
2E302728,
3332302F,
2E2F3031,
38352F2A,
282A2C2F,
282C4F70,
76797258,
5D614845,
7CA8A08B,
A1AFB2A6,
A7B6BCB4,
B8B4B3B7,
BDBFBBB6,
B1AFACA9,
A7A6A6A6,
AAABAEB1,
B3B4B4B3,
B7B4AFAB,
ABADB0B3,
ADA9A5A4,
A9B4BFC7,
BDC1C6CA,
CCCBC8C6,
C2C2C3C4,
C4C5C6C6,
C5C7C9CA,
C9C6C2C0,
B0ACA18E,
78696364,
554D3D2E,
2A323D44,
784F4D54,
47608889,
868E979B,
9994908F,
7959362B,
33372A19,
2828292A,
2A2B2C2C,
3C3B3A39,
37363534,
37393B3D,
3E3F3E3E,
35312E30,
34342E28,
26282B2E,
30323232,
2D343A3B,
3E4B6173,
7B858881,
7C7C7A74,
828B969B,
9C9EA3A8,
A6A6A6A6,
A6A6A6A6,
A4A4A4A4,
A4A4A4A4,
A4A4A4A4,
A4A4A4A4,
A2A2A2A2,
A2A2A2A2,
A0A0A0A0,
A0A0A0A0,
A0A1A2A2,
A1A09E9C,
9E9E9E9E,
9E9E9E9E,
9E9E9D9C,
9C9B9A9A,
9A9A9998,
98979696,
6E6E6E6E,
6E6E6E6E,
6366696B,
6A67625F,
62626261,
5E5B5857,
5E616870,
7880878A,
93969A9F,
A4A7A9AA,
ACACADAE,
AEAFB0B0,
AFADADAE,
B0AEA8A3,
9E9B9692,
8C82756C,
5B534A45,
46494A4A,
5657595B,
5C5C5C5B,
60606162,
62636464,
64646464,
64646464,
60606060,
60606060,
66666768,
68696A6A,
71717170,
706F6F6F,
716E6B6A,
6966605B,
62508AD3,
D8D5DFD6,
DAD8D2CC,
C4B29072,
69707981,
83807975,
7474777E,
8380766D,
6D656772,
77778293,
8B8A8988,
87878787,
6F6D6255,
545E6360,
503A3851,
60544849,
2D2F3130,
2C2B2D2F,
2E374B59,
51414351,
4A545F5B,
432C2E3D,
49543E26,
354D6075,
7D765D39,
2326333B,
33343535,
33312E2C,
332F2A26,
2527292B,
2E3A526F,
8077593F,
485C7764,
7DB49F83,
ADB4BBBA,
B4AFB1B4,
B6B8BBBD,
BDBCB9B8,
B0AEAAA6,
A4A4A6A7,
ACA9A9AE,
B5B8B5B0,
B9B3A9A2,
A0A4AAAF,
A5A8ADB3,
B9BFC4C6,
C3C5C6C7,
C8C7C6C5,
C2C2C3C3,
C4C5C5C6,
C8C7C7C6,
C5C5C4C4,
B9B1A497,
8979695F,
574E4136,
32313132,
60675445,
5463738D,
817C8396,
9E938A8A,
7D5E3E30,
2C29292C,
2C2C2D2E,
2E2F3030,
2F313437,
39393939,
3939393A,
3A3A3B3B,
33343737,
35312C29,
26252830,
393C3731,
2D2D3038,
485B6D79,
898A8883,
7D7A7C7E,
8189949B,
9EA0A3A5,
A5A5A5A4,
A4A3A3A3,
A0A1A2A3,
A3A2A1A0,
A4A4A4A4,
A4A4A4A4,
A4A4A4A4,
A4A4A4A4,
A4A4A3A2,
A2A1A0A0,
A0A0A0A0,
A0A0A0A0,
9E9E9E9E,
9E9E9E9E,
9C9D9E9E,
9D9C9A98,
9A9A9998,
98979696,
6B6B6B6B,
6B6B6B6B,
6466696B,
6A676360,
62626261,
5F5C5957,
5C60676F,
7981888C,
93969A9F,
A4A7A9AA,
ACACADAE,
AEAFB0B0,
AFADADAE,
B0AEA8A3,
9E9B9692,
8C82756C,
5B534A45,
46494B4B,
5557595B,
5C5D5C5C,
60606162,
62636464,
64646464,
64646464,
60606060,
60606060,
66666768,
68696A6A,
73737373,
72727272,
716E6B6A,
6A67615C,
5E5086CD,
D8D6DCD3,
D9D5D3D0,
C1A4836F,
686E777E,
807D7874,
78787A7F,
827F756C,
69656C7B,
81808691,
87878887,
84807C7A,
7D776550,
484E524F,
4333364F,
5C4F4141,
2C2F3130,
2C2B2D30,
32394B5A,
55454148,
4D545D58,
422C2E3C,
47543D21,
2B445C75,
81816F4D,
31282B2D,
2E313335,
34302B28,
2F2C2827,
28292725,
434F6476,
7B6E5542,
61738D75,
83B19E8A,
B2B5B8B9,
B6B3B3B4,
B9BBBDBE,
BEBBB8B6,
AEACA8A4,
A3A3A4A6,
A8A6A7AD,
B4B7B4B0,
B0AAA39D,
9CA0A7AB,
ABADB1B6,
BCC1C5C7,
C3C4C6C7,
C8C7C6C6,
C3C3C3C4,
C5C6C6C6,
C9C8C8C7,
C6C6C5C5,
BBB2A698,
8979685D,
564E4136,
302F3030,
4F5E5447,
4F596B8B,
86808596,
9E968D8C,
70543930,
302E2E32,
2C2D2D2E,
2F2F3030,
33343739,
3B3C3B3B,
3A3A3B3C,
3C3C3B3B,
37363432,
302F2E2E,
2C2B2C32,
3737312B,
2E2E313A,
4A5F727E,
8A8B8983,
7D7A7C7F,
858C969B,
9D9EA0A2,
A5A5A5A4,
A4A4A4A4,
A1A2A4A5,
A5A4A2A1,
A2A2A2A2,
A2A2A2A2,
A4A4A4A4,
A4A4A4A4,
A4A4A3A2,
A2A1A0A0,
A0A0A0A0,
A0A0A0A0,
9E9E9E9E,
9E9E9E9E,
9C9D9E9E,
9D9C9A98,
9A9A9998,
98979696,
69696969,
69696969,
6466696A,
69666361,
63636362,
5F5C5957,
5A5E656F,
79838A8E,
93969A9F,
A4A7A9AA,
ACACADAE,
AEAFB0B0,
AFADADAE,
B0AEA8A3,
9E9B9692,
8C82756C,
5B544B46,
474A4B4B,
5456585B,
5C5D5D5C,
60606162,
62636464,
64646464,
64646464,
61616161,
61616161,
66666768,
68696A6A,
74747474,
74757575,
716E6B6A,
6B68625D,
5B5282C4,
D9D9D9D2,
D8D2D4D3,
B98E716B,
676C7379,
7B797572,
7B7B7B7E,
7E7A726C,
68697383,
8A88878B,
84858584,
807A7471,
81786043,
35393E3D,
332C364E,
56473938,
2B2E3130,
2C2B2E31,
343A4959,
5A4D413D,
4D525A58,
442F2D38,
4356411D,
2037516C,
78837F62,
402D2623,
292B2E30,
302D2A28,
29282726,
27292C2E,
656E7777,
6D605753,
8492A786,
86A99D97,
B8B6B5B6,
B9B9B7B5,
BEBFC0C0,
BDB9B5B2,
ABA9A5A2,
A0A1A3A4,
A4A4A7AE,
B4B7B5B1,
A9A5A09C,
9DA2A8AC,
B2B4B7BA,
BEC2C4C6,
C2C3C5C7,
C8C8C7C7,
C4C4C5C5,
C6C7C7C8,
CACACAC9,
C8C7C7C7,
BDB5A89A,
8A79675B,
564E4236,
2E2B2D2F,
3852564B,
4A4B5F88,
8D878996,
9F9A928E,
5F473331,
35343436,
2D2D2E2E,
2F303031,
3537393B,
3D3D3D3C,
3C3D3E3E,
3E3D3C3B,
3A36312D,
2B2D3033,
32313133,
34322C27,
2F30343E,
4F657A86,
8C8C8A84,
7D7B7E81,
8B91989C,
9B9B9C9E,
A4A4A4A4,
A5A5A5A5,
A3A4A6A7,
A7A6A4A3,
A0A0A0A0,
A0A0A0A0,
A3A3A3A3,
A3A3A3A3,
A4A4A3A2,
A2A1A0A0,
A0A0A0A0,
A0A0A0A0,
9E9E9E9E,
9E9E9E9E,
9C9D9E9E,
9D9C9A98,
9A9A9998,
98979696,
69696969,
69696969,
66676869,
68666362,
64646462,
605D5A58,
585C646E,
7A848C90,
93969A9F,
A4A7A9AA,
ACACADAE,
AEAFB0B0,
AFADADAE,
B0AEA8A3,
9E9B9692,
8C82756C,
5C554B47,
474A4C4C,
5355585B,
5D5E5E5E,
60606162,
62636464,
64646464,
64646464,
62626262,
62626262,
66666768,
68696A6A,
72727373,
74747575,
716E6B6B,
6C69645F,
5B597DBA,
DBDED9D4,
D6D1D3D0,
AC796267,
666A6F74,
76767472,
7A7A7A79,
78746F6B,
70727882,
88878380,
8685827F,
7B797776,
7C725838,
272B3335,
2A2D3C4F,
51403331,
2A2D302F,
2D2C2F32,
31364353,
5B55453A,
474D585B,
4C352C2F,
3F5B4A22,
1C2D4156,
68808D79,
58433E3D,
33312E2A,
2828292A,
23262621,
1F2A4053,
88867C6A,
59576676,
A0A6B38B,
7E9B9BA7,
BEB7B1B3,
BABEBBB7,
C1C2C2C0,
BDB7B2AE,
A8A6A29F,
9E9FA1A3,
A4A6ACB1,
B6B7B5B2,
A7A5A3A2,
A4A9AEB2,
B7B8B9BB,
BEC0C2C2,
C1C3C5C7,
C8C9C8C8,
C5C6C6C7,
C8C8C9C9,
CDCCCCCB,
CACAC9C9,
C0B9AC9E,
8E7B675A,
56504437,
2C282A2D,
26485651,
4A415684,
938E8D97,
A0A0968D,
543F3032,
38363434,
2E2E2F2F,
30313132,
3537393B,
3B3B3B3A,
3D3E4041,
413F3C3A,
3634312E,
2D2E2F31,
33333333,
322F2B28,
31333945,
576D818E,
8E8D8A84,
7E7D8185,
91959A9B,
9998999B,
A2A2A3A3,
A4A4A5A5,
A5A6A7A8,
A8A7A6A5,
A1A1A1A1,
A1A1A1A1,
A2A2A2A2,
A2A2A2A2,
A4A4A3A2,
A2A1A0A0,
A0A0A0A0,
A0A0A0A0,
9E9E9E9E,
9E9E9E9E,
9C9D9E9E,
9D9C9A98,
9A9A9998,
98979696,
6B6B6B6B,
6B6B6B6B,
67676867,
67656463,
64656463,
615E5B59,
585C646E,
7A848C90,
93969A9F,
A4A7A9AA,
ACACADAE,
AEAFB0B0,
AFADADAE,
B0AEA8A3,
9E9B9692,
8C82756C,
5D554C47,
484B4D4D,
5254575A,
5D5E5F5F,
60606162,
62636464,
64646464,
64646464,
62626262,
62626262,
66666768,
68696A6A,
6E6F6F70,
71727373,
706E6B6B,
6D6B6661,
5D6178AC,
DCE4D9D9,
D6D3D1C3,
996B5C66,
67696C70,
72737373,
76767674,
716F6E6E,
7C7B7B7C,
7F807A72,
89847E79,
787A7F82,
7D755D3B,
27283033,
2D374852,
4A392F2F,
292C2F2F,
2D2D3033,
2B313B49,
56584C3F,
4046545D,
533C2C29,
3B5F552A,
202A323B,
5479958A,
6D5D5F66,
554B3C2E,
25232629,
2126261E,
1E356184,
9B8D7359,
4F5F819D,
AEAAB086,
748C95B1,
BFB7B0B0,
B7BDBDBB,
C2C2C1BF,
BAB4AEAA,
A6A4A19E,
9E9FA2A3,
A7ACB2B7,
B7B5B2B0,
A2A3A3A5,
A8ACB0B2,
B8B8B9BB,
BCBDBEBF,
C0C2C4C7,
C9C9C9C9,
C7C7C8C8,
C9CACACB,
CFCFCECE,
CDCCCCCB,
C3BCB1A3,
937F6B5D,
57534839,
2B25282D,
20415455,
4D3E4F7E,
97939298,
A3A59889,
503D2F32,
37342F2E,
2E2F2F30,
31313232,
34353738,
39383736,
3D3F4143,
423E3B38,
2E303233,
32302D2B,
2F313232,
302F2E2F,
3337404F,
62768791,
8D8C8983,
7F80868C,
95999C9B,
97959698,
9F9FA0A1,
A2A2A3A4,
A5A6A7A8,
A8A7A6A5,
A3A3A3A3,
A3A3A3A3,
A2A2A2A2,
A2A2A2A2,
A4A4A3A2,
A2A1A0A0,
A0A0A0A0,
A0A0A0A0,
9E9E9E9E,
9E9E9E9E,
9C9D9E9E,
9D9C9A98,
9A9A9998,
98979696,
6B6B6B6B,
6B6B6B6B,
68686766,
65656464,
65656564,
625F5C5A,
5A5E656F,
79838A8E,
93969A9F,
A4A7A9AA,
ACACADAE,
AEAFB0B0,
AFADADAE,
B0AEA8A3,
9E9B9692,
8C82756C,
5E564D48,
494C4E4E,
5153575A,
5D5F6060,
60606162,
62636464,
64646464,
64646464,
63636363,
63636363,
66666768,
68696A6A,
6C6D6E6F,
70727373,
706D6B6C,
6E6C6863,
5F666F9B,
D7E5D7DC,
D6D8CDAD,
84686267,
696A6B6D,
6F727475,
70727371,
6E6E7276,
81817D78,
7B7C7264,
84807A76,
75787D81,
7F7B6847,
2F2B2E30,
38465452,
41302C30,
282C2F2F,
2D2D3034,
292F353C,
49545146,
3F414C58,
5441312D,
3A62592F,
27302E2C,
36658B86,
67555A64,
6B5E4934,
26212225,
22242628,
345480A1,
98846858,
5F7B9DB5,
AEA4AA87,
74848CAF,
BCB6B0AE,
B2B8BDBF,
BFC0BFBC,
B7B1ABA7,
A5A3A19F,
9FA0A3A5,
ABB1B8B9,
B5AEA9A8,
9D9FA1A5,
A8ABADAE,
B9B9BABB,
BDBEBFBF,
BFC1C4C7,
C9CACACA,
C8C9C9CA,
CBCBCCCC,
D1D1D1D0,
CFCECECE,
C6BFB6A9,
9A867163,
5A574D3C,
2C25282F,
233C4B53,
52404973,
9696959A,
A6A99881,
4F3C2E30,
35312B29,
2F303031,
32323333,
34353637,
37363534,
3B3E4143,
413D3834,
2A2D3134,
34312D2A,
2D303231,
2F2E3134,
343C495B,
6D7E8B91,
8B8A8783,
80848C93,
989B9C9A,
96949698,
9A9A9B9D,
9E9FA0A1,
A3A4A6A7,
A7A6A4A3,
A4A4A4A4,
A4A4A4A4,
A1A1A1A1,
A1A1A1A1,
A4A4A3A2,
A2A1A0A0,
A0A0A0A0,
A0A0A0A0,
9E9E9E9E,
9E9E9E9E,
9C9D9E9E,
9D9C9A98,
9A9A9998,
98979696,
69696969,
69696969,
69686765,
65646565,
66666665,
625F5C5A,
5C60676F,
7981888C,
93969A9F,
A4A7A9AA,
ACACADAE,
AEAFB0B0,
AFADADAE,
B0AEA8A3,
9E9B9692,
8C82756C,
5E574E49,
4A4D4E4E,
5052565A,
5D5F6061,
60606162,
62636464,
64646464,
64646464,
64646464,
64646464,
66666768,
68696A6A,
6D6E6F71,
72747576,
706D6C6C,
6E6D6964,
5D676589,
CFE2D3DD,
D7DEC997,
716A6D6A,
6C6B6B6C,
6E727577,
6E717372,
70737C83,
7D81807D,
7F80705A,
78777675,
73716F6E,
6C6F6449,
332D2E2E,
44545D4F,
3626282F,
272B2E2F,
2D2E3135,
2B323331,
3A4A504A,
4640424B,
4C413938,
3C62562C,
2A39352D,
255A8880,
583B383F,
52493C2F,
26232324,
2421263B,
5E7F959E,
8674646A,
83A0B1B6,
AA9EAB92,
808683A3,
B7B5B1AD,
ACB2BCC4,
BCBCBBB9,
B5AEA9A5,
A6A4A2A0,
A0A2A5A7,
ADB4BAB8,
AFA49E9B,
9FA1A5A9,
ACAEAEAE,
BBBCBDBE,
C0C1C2C3,
BEC0C3C6,
C9CACBCB,
CACACACB,
CCCDCDCD,
D3D3D2D2,
D1D0D0CF,
C7C2B9AF,
A08C7769,
5D5B5240,
2D252931,
2A363E4C,
54424365,
9497979C,
A9AC9679,
4E3A2B2D,
322F2A29,
30303131,
32333334,
36373939,
39383635,
393C4042,
403B3531,
2D2D2E2F,
2F2F2E2E,
2E323431,
2D2B2F34,
353F5165,
77848C8F,
88888582,
8287929A,
999B9C99,
95939699,
95969799,
9B9C9D9E,
A1A2A4A5,
A5A4A2A1,
A2A2A2A2,
A2A2A2A2,
A0A0A0A0,
A0A0A0A0,
A4A4A3A2,
A2A1A0A0,
A0A0A0A0,
A0A0A0A0,
9E9E9E9E,
9E9E9E9E,
9C9D9E9E,
9D9C9A98,
9A9A9998,
98979696,
66666666,
66666666,
69686665,
64646566,
66666665,
63605D5B,
5E616870,
7880878A,
93969A9F,
A4A7A9AA,
ACACADAE,
AEAFB0B0,
AFADADAE,
B0AEA8A3,
9E9B9692,
8C82756C,
5F574E49,
4A4D4F4F,
5052565A,
5D606161,
60606162,
62636464,
64646464,
64646464,
64646464,
64646464,
66666768,
68696A6A,
6F707173,
75777879,
706D6C6D,
6F6E6A65,
5B665D7D,
C8DECFDC,
D8E2C689,
666E756B,
6D6D6C6C,
6E727679,
6D717474,
7378838C,
767F8383,
87867156,
6D707475,
7169605A,
51595642,
312D2F2E,
4C5C614C,
2E1F242E,
272A2E2F,
2D2E3235,
2F36342B,
2F424D4C,
4D413B40,
44403F43,
3E615127,
2B403E33,
2D66968B,
59302427,
27262423,
23242627,
261E254C,
80A09E8F,
7669657D,
A3BCBBAF,
A79CAE9E,
8D8A7D97,
B4B5B2AC,
A8ADBBC7,
B9B9B9B7,
B3ADA7A4,
A6A5A2A1,
A1A3A6A8,
ADB4B9B6,
AA9C9592,
A5A8ACB0,
B3B4B3B2,
BDBEBFC1,
C3C5C6C7,
BEC0C3C6,
C9CACBCB,
CACBCBCC,
CDCDCECE,
D4D4D3D3,
D2D1D1D0,
C8C3BCB2,
A4917C6D,
5F5E5542,
2E252A32,
2E323446,
55433E5B,
9296999D,
AAAE9574,
4C38292B,
312F2C2C,
30303132,
32333434,
393A3B3C,
3B3A3937,
383B3F41,
3F3A332E,
312F2C2A,
2A2D3033,
31343632,
2B292D32,
3541566C,
7D878C8D,
86868482,
828A959E,
999B9B98,
9494969A,
93939597,
989A9C9C,
A0A1A2A3,
A3A2A1A0,
A0A0A0A0,
A0A0A0A0,
A0A0A0A0,
A0A0A0A0,
A4A4A3A2,
A2A1A0A0,
A0A0A0A0,
A0A0A0A0,
9E9E9E9E,
9E9E9E9E,
9C9D9E9E,
9D9C9A98,
9A9A9998,
98979696,
68696B6C,
6C6B6968,
6A6A6968,
68676666,
62636362,
615F5C5B,
5F61666E,
7780888C,
96989CA0,
A3A6A7A7,
ACACADAE,
AEAFB0B0,
ACADAEAE,
ADACAAA8,
A09B9690,
8A81766D,
5F574C47,
484D5051,
4F515458,
5B5D5E5E,
60606162,
62636464,
64646464,
64646464,
64646464,
64646464,
685F616E,
7067646A,
72787B74,
6A697480,
73737372,
716E6B69,
61635F6B,
A0DCE8D1,
DCDDB380,
74736E72,
73737372,
72717171,
6D65636E,
828D8A82,
80807D7D,
83836E55,
53565E61,
55433E44,
3D444945,
3A323235,
4D695E39,
2A252430,
1F303A33,
2B2F373B,
31343531,
2F364450,
51433D3F,
3E38404E,
405F5318,
2D513338,
35637F94,
65202733,
2331301E,
1824271F,
1B274778,
A2A88C6E,
61738FAA,
B9B7ABA0,
A5A5A59D,
8B7F8A9D,
A9A39E9F,
A8B3BBBF,
B2B5B6B2,
ABA9ADB2,
A8A6A4A2,
A3A5A9AB,
BDB4A598,
92959CA1,
A8AAADB0,
B4B7BABB,
BBBCBEC1,
C3C6C8C9,
C6C6C7C8,
C8C9CACA,
C6C7C8C9,
CBCCCDCE,
D2D2D2D2,
D2D2D2D2,
CAC7C1B8,
AB978171,
655E5141,
32292727,
2930343A,
4A564A34,
7198A29E,
ACAA9283,
47392E2F,
2F2C2E34,
323C3F39,
35393935,
38373636,
37383A3B,
4141413F,
3C393634,
2E2D2D2E,
2F313435,
3636342F,
2A292D31,
344B6373,
81909592,
88858282,
868F999F,
A1A09D9B,
9A99999A,
96969696,
96969696,
9798999A,
9B9C9D9D,
A0A0A0A0,
A0A0A0A0,
A1A1A1A0,
A09F9F9F,
A3A4A5A6,
A6A4A3A1,
A2A2A2A2,
A2A2A2A2,
A0A09F9E,
9E9D9C9C,
9C9C9C9C,
9C9C9C9C,
9C9C9B9A,
9A999898,
66676869,
69686766,
6A696968,
67676666,
62636362,
615F5C5B,
5E60666E,
7781898E,
95989CA0,
A3A6A7A7,
ACACADAE,
AEAFB0B0,
ACADAEAE,
ADACAAA8,
A09B9690,
8A81766D,
61594E48,
484C4F50,
4F515558,
5B5D5E5E,
60616162,
63636464,
65656565,
65656565,
64646464,
64646464,
69646467,
625C6677,
9B908074,
6F707375,
73737373,
716E6C6A,
64656069,
96D0E6DB,
DCDBAD7B,
72746E71,
78787775,
726E6B69,
6468707A,
84878480,
7C797066,
63615341,
47444A56,
574D4545,
50575A51,
40353539,
52685732,
2826232C,
2436413D,
36393D3E,
2E2E2E2D,
2E333B42,
473E3B3F,
3C363A46,
4E665D27,
39573331,
2247668E,
6D26252D,
282C2A23,
2125221B,
24416B8F,
9D927B6A,
6E829DAF,
B2AEA9A7,
A4A5A59E,
8D818C9F,
ABA6A1A2,
AAB4BCBF,
B5B7B6B1,
AAA8ABB0,
A7A7A6A7,
A8AAACAD,
B0AAA098,
969AA1A6,
A9AAADB0,
B4B8BABC,
BCBDBEC1,
C3C6C7C8,
C6C6C7C8,
C8C9CACA,
C6C7C8C9,
CBCCCDCE,
D2D2D2D2,
D2D2D2D2,
CDCAC4BC,
AF9B8576,
69615444,
362D2A2A,
272D3035,
44514A39,
5D8DA29D,
A7AE9B86,
4D3D3236,
3A373536,
2F393D37,
34383935,
38373636,
37393B3C,
4141403F,
3C383533,
2E2D2D2E,
2F313435,
36373530,
2B292C30,
39506877,
848F928D,
86848283,
88919BA1,
A2A09E9B,
9A999A9A,
96969696,
96969696,
96979798,
999A9B9B,
9F9F9F9F,
9F9F9F9F,
A1A1A1A0,
A0A0A0A0,
A0A1A2A3,
A3A2A09F,
A2A2A2A2,
A2A2A2A2,
A0A09F9E,
9E9D9C9C,
9C9C9C9C,
9C9C9C9C,
9C9B9B9A,
99999898,
64656667,
67666564,
69696868,
67666665,
62636362,
615F5C5B,
5C5F656D,
77828B8F,
95979BA0,
A4A6A8A8,
ACACADAE,
AEAFB0B0,
ACADAEAE,
ADACAAA8,
A09B9690,
8A81766D,
645B5049,
484B4D4E,
50525559,
5C5E5F5F,
61616262,
63646465,
67676767,
67676767,
64646464,
64646464,
67666562,
5C607891,
B2987A6D,
7177746E,
73737473,
726F6D6C,
69696365,
87BBDFE8,
DDD7A675,
70756F70,
7C7C7B78,
736C6561,
5F6C7C86,
85817E7D,
84837865,
5B5A564E,
483F414E,
564E413B,
47505348,
362B2E35,
5E6B522E,
292C272C,
2D3B4541,
3C3E3F3B,
2F2D2C2E,
32353533,
3A383B3F,
3B33343B,
59686942,
5065392C,
2337538F,
81372929,
2D252327,
28211D1F,
3E6896A4,
91776C6D,
8799ADB3,
ACA6A8AD,
A4A5A6A1,
90848EA1,
AFAAA5A6,
AEB7BDBF,
BABAB6B0,
AAA7A9AC,
A7A8AAAC,
ADADACAC,
A09E9B99,
9CA1A7AB,
A9ABADB1,
B5B8BBBC,
BDBDBFC1,
C3C5C7C7,
C6C6C7C8,
C8C9CACA,
C7C8C9CA,
CCCDCECF,
D2D2D2D2,
D2D2D2D2,
D0CDC7C0,
B3A08B7C,
6D645748,
3B332E2B,
25282A2E,
3B494A42,
437EA29D,
A0B2A687,
5B453538,
3F3B322E,
2B353A35,
33383936,
39383737,
38393B3C,
4141403E,
3B373432,
2E2D2D2E,
2F313435,
36373732,
2C2A2B2E,
3F566F7E,
88908E87,
83828386,
8D969FA4,
A2A19E9C,
9A9A9A9B,
97979797,
97979797,
95959596,
97979898,
9E9E9E9E,
9E9E9E9E,
A0A0A0A0,
A1A1A1A1,
9D9E9FA0,
A0A09E9D,
A1A1A1A1,
A1A1A1A1,
A0A09F9E,
9E9D9C9C,
9C9C9C9C,
9C9C9C9C,
9B9B9A9A,
99989897,
65666768,
68676665,
68686767,
66656564,
62636362,
615F5C5B,
5B5E646D,
78828B90,
93969B9F,
A4A7A9A9,
ACACADAE,
AEAFB0B0,
ACADAEAE,
ADACAAA8,
A09B9690,
8A81766D,
675D514A,
494B4D4D,
5052565A,
5D5F5F60,
62626363,
64656566,
68686868,
68686868,
64646464,
64646464,
64626263,
697890A5,
9B846C65,
6E777670,
72737474,
73716F6D,
6E6D6764,
77A1D1EE,
DED7A472,
70767070,
7A7A7A78,
746D6662,
69737E85,
84807C7B,
898E8877,
6C6D7170,
5C534F53,
4F3F302A,
2F383D36,
29242D38,
686F4F2B,
2D332E2F,
3941423A,
36393933,
35313035,
3B3B342C,
31373E40,
3A333235,
555D715F,
6976462F,
30303F86,
89432A1F,
2C201F27,
23182136,
6789A8A3,
826A6E7F,
A5ACB2B2,
ADA9AAAD,
A4A6A9A4,
948791A3,
B1ADA9AA,
B1BABFC0,
BFBCB6AF,
A9A7A7A9,
A9AAACAD,
ACA8A5A2,
9697999C,
A0A5A9AB,
AAACAEB2,
B5B9BCBD,
BEBEC0C1,
C3C4C6C6,
C6C6C7C8,
C8C9CACA,
C8C8C9CB,
CCCECFCF,
D2D2D2D2,
D2D2D2D2,
D0CDC8C1,
B6A38F80,
6E65574A,
3F362F2A,
23232428,
3340484B,
316FA29F,
99B1AD83,
6B4D3431,
38352B25,
28323733,
32373A36,
39393838,
383A3C3D,
4241403E,
3A363230,
2E2D2D2E,
2F313435,
37383733,
2D2B2D30,
445C7685,
8E938F86,
8081848A,
929BA3A7,
A3A29F9D,
9B9B9B9B,
98989898,
98989898,
94949494,
94949595,
9B9B9B9B,
9B9B9B9B,
9E9E9F9F,
A0A0A1A1,
9C9D9FA0,
A1A09F9F,
A0A0A0A0,
A0A0A0A0,
A0A09F9E,
9E9D9C9C,
9C9C9C9C,
9C9C9C9C,
9A9A9999,
98979796,
68696A6B,
6B6A6968,
68676766,
65656464,
62636362,
615F5C5B,
5C5F656D,
77828A8F,
92959A9F,
A4A7AAAA,
ACACADAE,
AEAFB0B0,
ACADAEAE,
ADACAAA8,
A09B9690,
8A81766D,
685E524B,
4A4C4D4E,
5153575B,
5E5F6060,
62636364,
65656666,
68686868,
68686868,
64646464,
64646464,
64605E64,
75899496,
78706968,
6D737574,
72737474,
7472716F,
736F6A66,
6C88BBE6,
DFDAA977,
73777172,
73747576,
74716E6B,
7B79797B,
8082807C,
7F8A8B7E,
72727575,
6A656059,
462F2528,
2E333530,
2A2B343E,
666A4926,
2A332E2E,
49484034,
3137362F,
34323238,
3D3B3127,
2F3A4341,
38343436,
4A4B7071,
757F563D,
3528286F,
834C301A,
261E1E23,
1B19355C,
8E9A9E8D,
7570849B,
BAB4AFAF,
B2B3AEA9,
A6A9ACA8,
978A92A3,
B1ADAAAD,
B5BCC1C2,
C3BDB4AD,
A8A7A7A8,
AAABABA9,
A59F9A96,
96989CA0,
A3A6A7A8,
ABACAFB3,
B6BABCBE,
BFBFC0C1,
C3C4C5C5,
C6C6C7C8,
C8C9CACA,
C9C9CACC,
CDCFD0D0,
D2D2D2D2,
D2D2D2D2,
CECBC7C1,
B7A59183,
6E64554A,
41382E27,
22202125,
2C374652,
2F639FA5,
96ACAD7D,
7150312C,
33353230,
28323733,
32373A36,
3A393938,
393B3D3E,
4241403D,
3935302E,
2E2D2D2E,
2F313435,
38383530,
2C2C3135,
4A627B89,
91969188,
7F82878F,
979FA5A8,
A4A2A09E,
9C9C9C9C,
98989898,
98989898,
94949493,
93939393,
99999999,
99999999,
9B9B9C9D,
9E9E9FA0,
9D9EA0A2,
A3A3A2A2,
A0A0A0A0,
A0A0A0A0,
A0A09F9E,
9E9D9C9C,
9C9C9C9C,
9C9C9C9C,
9A999998,
97979696,
696A6B6C,
6C6B6A69,
67666665,
64646363,
62636362,
615F5C5B,
5F62676E,
7780888C,
9194999F,
A4A8AAAB,
ACACADAE,
AEAFB0B0,
ACADAEAE,
ADACAAA8,
A09B9690,
8A81766D,
675E524B,
4B4E5050,
5254585B,
5E606161,
63646465,
66666767,
67676767,
67676767,
64646464,
64646464,
66636064,
75858276,
6C6F7272,
71717274,
72737475,
75747271,
76706E6C,
6773A1D1,
E0E1B683,
77777175,
6E6E6F71,
73747677,
867E7776,
7C818382,
7D87887C,
706D6B67,
635E5A51,
3E2C2C36,
3A352E29,
282B3034,
5A614321,
252E2B2D,
4E4A3F34,
353C382E,
2F303337,
38342C26,
303E453D,
3333383A,
4B3F6B72,
6B765F4F,
3F322A6A,
8C6A4E28,
1F1E1F1F,
2031597E,
9E968879,
75839DB2,
BDB3AAAE,
B8BBB3A9,
AAADB1AC,
9A8B91A2,
ADAAA9AE,
B7BFC3C4,
C5BDB2AA,
A8A9A9A8,
AAA9A7A3,
9E999491,
999C9FA3,
A5A7A7A8,
ACADB0B3,
B7BBBDBF,
C0C0C1C2,
C2C3C4C4,
C6C6C7C8,
C8C9CACA,
C9CACBCC,
CECFD0D1,
D2D2D2D2,
D2D2D2D2,
CECCC8C3,
B9A89587,
7064554B,
443B2F26,
22202227,
29304356,
385595AB,
97A8AC7B,
6B4E332F,
363B3E42,
2B353A35,
33383936,
3B3A3939,
3A3C3D3F,
4242403D,
38332F2C,
2E2D2D2E,
2F313435,
3937322C,
292D363E,
566C828C,
92959087,
80848B94,
9BA2A6A8,
A5A3A19E,
9D9C9D9D,
99999999,
99999999,
96959594,
94939292,
96969696,
96969696,
96969799,
9A9B9C9D,
9C9EA0A2,
A4A4A4A3,
9F9F9F9F,
9F9F9F9F,
A0A09F9E,
9E9D9C9C,
9C9C9C9C,
9C9C9C9C,
99989897,
96969595,
6768696A,
6A696867,
66666565,
64636362,
62636362,
615F5C5B,
6264686F,
767E8589,
9094999F,
A4A9ABAC,
ACACADAE,
AEAFB0B0,
ACADAEAE,
ADACAAA8,
A09B9690,
8A81766D,
655C514B,
4C505253,
5255585C,
5F616262,
64646565,
66676768,
65656565,
65656565,
64646464,
64646464,
65696967,
707B786B,
71737575,
75747474,
72737475,
75757473,
78707073,
686588B8,
E0E9C590,
7D767178,
6D6C6B6C,
70757B7F,
82817F7A,
787B8389,
81858174,
6B6A6760,
5248403D,
37323741,
41342520,
262B2B27,
53604726,
28302F34,
3F3D3734,
3B413828,
2D32383A,
37322E2D,
32414435,
2A2F3A3F,
5B406567,
51605F5F,
504B4074,
9B886830,
1C1F1E1F,
345B8093,
96897974,
8097AEBD,
B0ACACB2,
BABCB6B0,
AEB1B5AF,
9C8B909F,
A8A7A7AD,
B7C0C4C5,
C6BBAFA8,
A8ABABAA,
A7A5A19D,
9A989796,
9C9EA1A4,
A7A9ABAC,
ACAEB0B4,
B8BBBEBF,
C1C1C1C2,
C2C3C3C3,
C6C6C7C8,
C8C9CACA,
CACBCCCD,
CFD0D1D2,
D2D2D2D2,
D2D2D2D2,
D0CFCCC7,
BEAE9A8D,
7367584F,
4A413327,
2320242A,
292B4058,
434889B1,
9CA5AC7E,
634E3B37,
3837383C,
2F393D37,
34383935,
3B3B3A3A,
3A3C3E3F,
4342403C,
38322D2B,
2E2D2D2E,
2F313435,
3B362F27,
262E3C48,
67798A8E,
90918C83,
81868E97,
9FA3A5A6,
A5A4A19F,
9D9D9D9E,
9A9A9A9A,
9A9A9A9A,
98979796,
95949393,
95959595,
95959595,
91929395,
9798999A,
999A9D9F,
A1A2A2A1,
9E9E9E9E,
9E9E9E9E,
A0A09F9E,
9E9D9C9C,
9C9C9C9C,
9C9C9C9C,
98989797,
96959594,
64656768,
68676564,
66666564,
64636262,
62636362,
615F5C5B,
65666A6F,
767D8387,
9093999F,
A4A9ABAD,
ACACADAE,
AEAFB0B0,
ACADAEAE,
ADACAAA8,
A09B9690,
8A81766D,
635B514B,
4D515455,
5355585C,
5F616262,
64646566,
66676868,
64646464,
64646464,
64646464,
64646464,
616D716B,
6D787B74,
75716E70,
75787775,
71737476,
76757473,
796F7177,
695E7AA7,
E0EECE99,
8076717A,
6F6D6A6A,
6D747D82,
79828882,
7775818F,
7B7C7467,
6266655E,
4836282B,
33373C43,
48352321,
2C35332B,
54654F2F,
3037373E,
2B2D2E32,
3D42341F,
30384040,
3A343538,
3342422F,
232C3A41,
6C45625B,
3B4D5C67,
575A4D78,
9D8E6823,
1C1F1C21,
467D9A9A,
877D7579,
8BA2B5BE,
A2A8B0B6,
B9B8B8B7,
B1B4B7B1,
9D8B8F9E,
A5A4A6AD,
B8C1C5C6,
C5BAADA7,
A9ACACAB,
A4A29E9B,
999A9C9E,
9D9EA1A4,
A8ACAFB1,
ADAEB1B4,
B8BBBEC0,
C1C1C1C2,
C2C3C3C3,
C6C6C7C8,
C8C9CACA,
CACBCCCD,
CFD0D1D2,
D2D2D2D2,
D2D2D2D2,
D3D2CFCB,
C2B29F92,
776A5B53,
4E45362A,
2321262D,
2A293E59,
493F7FB4,
A0A5AD83,
6050423D,
362B2628,
323C3F39,
35393935,
3C3B3A3A,
3B3C3E40,
4342403C,
37322D2A,
2E2D2D2E,
2F313435,
3B362C24,
242E404E,
73838F90,
8E8D877D,
8288909A,
A0A4A5A5,
A6A4A29F,
9E9D9E9E,
9A9A9A9A,
9A9A9A9A,
99999897,
96959493,
94949494,
94949494,
8F8F9193,
94969898,
95979A9D,
9E9F9F9F,
9E9E9E9E,
9E9E9E9E,
A0A09F9E,
9E9D9C9C,
9C9C9C9C,
9C9C9C9C,
98989796,
96959494,
6A6A6A6A,
6A6A6A6A,
63636364,
64656565,
605F5E5D,
5B5A5958,
595D646D,
7780878B,
9194999F,
A4A8ABAC,
AEAEAEAE,
AEAEAEAE,
AEAFAFAE,
ADABA8A7,
9E9B9692,
8C82756C,
685A5152,
53505258,
5C5D5E60,
605F5E5D,
62626364,
64656666,
68656364,
67696664,
66666666,
66666666,
6D6A6868,
6C737B80,
6F6F6F6F,
71747778,
76767676,
76767676,
706B6C71,
6D68758B,
BEE2E1A8,
79767C75,
736D6C74,
81867F76,
797B8188,
8D8A827B,
8D745E5D,
67695F54,
36442437,
39316060,
2C2B2723,
272F2E28,
435B5B3F,
37484936,
252F393C,
37302C2C,
34363734,
30303337,
49504538,
30222744,
6E663D59,
5938524D,
283A344E,
91904D24,
24191D41,
75969586,
7B717186,
A5B8B4A8,
AAAAAEB6,
BDC1BFBC,
B2ACC0AC,
9C9C8998,
A8A5A6AE,
BAC5C8C7,
B7B2AAA4,
A0A1A5A7,
A19F9C99,
98999C9D,
A5A6A7A9,
ABADAEAF,
ABADAFB2,
B6B9BBBD,
C3C3C3C2,
C2C1C1C1,
C8C8C9CA,
CACBCCCC,
CCCCCDCE,
CECFD0D0,
D4D4D5D6,
D6D7D8D8,
DAD5CECA,
C5B8A495,
7F705F56,
51473628,
2825282D,
2C2B3544,
5D4258A9,
B29DA988,
616E522E,
2F37302D,
32353939,
37373B3E,
3A3A3B3C,
3D3D3D3E,
42413F3C,
37322E2B,
2E2F3235,
37373737,
3F352F2E,
2C304A68,
7F868F93,
918B8785,
858D989F,
A2A4A6A9,
A4A4A4A4,
A4A4A4A4,
A1A19F9D,
9A989796,
98989898,
98989898,
98979796,
95959494,
93939494,
94959595,
8C8D8F91,
93959798,
9A9A9B9C,
9D9E9F9F,
9B9A9A98,
97969595,
9B9A9897,
979A9D9F,
98989898,
98989898,
6A6A6A6A,
6A6A6A6A,
63646464,
64646465,
605F5E5D,
5B5A5958,
595D646D,
7780878B,
9194999F,
A4A8ABAC,
AEAEAEAE,
AEAEAEAE,
AEAFAFAE,
ADABA8A7,
9E9B9692,
8C82756C,
66594F51,
524F5056,
5B5C5E5F,
605F5E5E,
62626364,
64656666,
69666365,
68696764,
66666666,
66666666,
68676667,
6C757E83,
72717172,
7476797A,
75757575,
75757575,
7B767678,
70666B79,
A7D0D9AB,
7F787C76,
68686D78,
858A8782,
7E7F8186,
88857D76,
88756158,
554E4137,
323E2B4B,
5C52644D,
2E282425,
28292A2B,
3E58624E,
3C3C3B34,
2B39494B,
41342C2B,
32373934,
2E2D353D,
4B3F3936,
2C262D35,
665D344A,
54404C36,
26292137,
768F6331,
1D253C64,
8A988C79,
78788194,
A9B2ADA4,
ABABAFB5,
BDC0BEBA,
B9B0BEA6,
95968696,
A8A8ABB3,
BEC4C4C1,
B3AFA8A2,
9FA0A3A6,
9E9D9C9B,
9B9C9D9E,
A6A7A8A9,
ABADAEAF,
ACADAFB2,
B6B9BBBC,
C3C2C2C2,
C2C2C2C1,
C8C8C9C9,
CACBCBCC,
CCCCCDCD,
CECFCFD0,
D4D4D5D5,
D6D7D7D8,
D8D4CFCD,
C8BAA696,
82746258,
534A392B,
2A27282C,
2B293341,
5740529F,
AD9EAD90,
636C4E2A,
2C353131,
32353939,
37373B3E,
39393838,
393A3C3D,
403F3E3B,
37332F2D,
2E303235,
36373737,
38302B2C,
2B324C68,
81889093,
8F8A8685,
878F99A0,
A2A4A6A8,
A4A4A4A4,
A4A4A4A4,
A1A09F9E,
9D9B9A9A,
99999999,
99999999,
98989897,
96959595,
93939393,
93939494,
8E8F9091,
93949596,
9898999A,
9B9C9C9D,
9B9B9A99,
98979796,
9B999897,
979A9C9E,
98989898,
98989898,
69696969,
69696969,
64646464,
64646464,
61605F5E,
5C5B5A59,
595D646D,
7780878B,
9194999F,
A4A8ABAC,
AEAEAEAE,
AEAEAEAE,
AEAFAFAE,
ADABA8A7,
9E9B9692,
8C82756C,
64564D4E,
4F4C4E54,
595B5D5E,
5F5F5E5E,
62626364,
64656666,
69666465,
686A6764,
66666666,
66666666,
65656567,
6D767E83,
75747474,
76787A7C,
77777777,
77777777,
7774767A,
7771737A,
8BB6CAAB,
84787A78,
656B7580,
888B8A88,
82818285,
8887817C,
7A716250,
42372F29,
3536284B,
6B6A643E,
2F24242E,
2D23242F,
354C615E,
46302B2F,
2A3E5255,
47362E2E,
30383C35,
2A2A3847,
5230353F,
2B2D3927,
524D2C38,
4D4D471D,
281B1523,
528B8246,
1735628B,
9D957F6E,
798597A5,
AAA8A4A1,
ACACAFB5,
BCBEBCB8,
C1B4BEA2,
90917F8E,
A9ACB3BC,
C2C2BCB6,
AEAAA49F,
9D9EA1A3,
999A9C9E,
A0A0A0A0,
A7A8A9AA,
ACADAEAE,
ADAEB0B3,
B5B8BABB,
C2C2C2C2,
C2C2C2C2,
C7C8C8C9,
CACACBCB,
CBCCCCCD,
CECECFCF,
D3D4D4D5,
D6D6D7D7,
D6D3D0D0,
CCBEA998,
8879675C,
574E3F31,
2F29292C,
2B282F3B,
52434D90,
A8A1B29A,
63684927,
2C343033,
32353939,
37373B3E,
3A383635,
36383B3E,
3D3C3B39,
36343231,
2F303335,
36373636,
2F2A282A,
2E3A536C,
868B9191,
8D888584,
89909AA1,
A3A3A5A7,
A3A3A3A3,
A3A3A3A3,
A0A0A0A0,
A0A09F9F,
9A9A9A9A,
9A9A9A9A,
9A999998,
97979696,
92929292,
92929292,
92929292,
92929292,
95959696,
97989898,
9B9B9A9A,
99989898,
99989797,
989A9C9D,
98989898,
98989898,
68686868,
68686868,
65656564,
64636363,
6161605E,
5D5B5A5A,
595D646D,
7780878B,
9194999F,
A4A8ABAC,
AEAEAEAE,
AEAEAEAE,
AEAFAFAE,
ADABA8A7,
9E9B9692,
8C82756C,
62544B4C,
4D4A4C52,
58595B5D,
5F5F5E5E,
62626364,
64656666,
6A676566,
696A6865,
66666666,
66666666,
67676768,
6D73797D,
75747373,
74767879,
7B7B7B7B,
7B7B7B7B,
78757376,
78797B7D,
789DB4A1,
81737679,
6E768188,
89878686,
84828285,
898A8783,
67665944,
3636393B,
3B2F1F33,
56665B3A,
2C252D3D,
39242130,
2C374F5F,
4F30242C,
2C3F5050,
40312F34,
2F393E34,
27293D52,
562C3F4F,
2D304223,
393D2E2F,
485A4716,
2A1C1F20,
35798F58,
2950819D,
9A87756C,
8496A9AE,
A59D9FA4,
ACACAEB5,
BBBDBAB7,
C2B5C0A6,
95927A84,
AAB1BAC2,
C4BEB4AC,
A7A5A19D,
9C9DA0A1,
96999DA1,
A4A4A3A2,
A9A9AAAB,
ACADAEAE,
AEAFB0B3,
B5B8B9BA,
C1C1C1C2,
C2C3C3C3,
C6C7C7C8,
C9C9CACA,
CACBCBCC,
CDCDCECE,
D2D3D3D4,
D5D5D6D6,
D4D2D1D2,
D0C2AE9D,
8E7E6B60,
5B534438,
332C282B,
2A272B35,
524E4C83,
A3A4B5A3,
6164462B,
32362D2F,
32353939,
37373B3E,
3C3A3736,
373A3E40,
3B3A3836,
35343434,
30313335,
36363535,
2A29292D,
37486074,
8A8D918F,
8A868485,
8C939CA2,
A3A3A4A6,
A2A2A2A2,
A2A2A2A2,
9FA0A1A1,
A2A3A4A4,
9D9D9D9D,
9D9D9D9D,
9B9B9A9A,
99989897,
93929292,
91919090,
94949392,
92919090,
92929393,
93939394,
9A9A9999,
99999999,
97979797,
98999A9B,
98989898,
98989898,
68686868,
68686868,
66666564,
64636262,
6262615F,
5E5C5B5B,
595D646D,
7780878B,
9194999F,
A4A8ABAC,
AEAEAEAE,
AEAEAEAE,
AEAFAFAE,
ADABA8A7,
9E9B9692,
8C82756C,
61534A4B,
4C494B51,
56575A5C,
5E5F5F5E,
62626364,
64656666,
6B686667,
6A6B6966,
66666666,
66666666,
6C6B6A6A,
6C6F7274,
73727171,
71737476,
76767676,
76767676,
807A7370,
767C7D79,
71889990,
796C7079,
747B848A,
8A888787,
87848181,
82807B76,
5A584934,
2E3C484A,
37292327,
445E4C36,
272B3C4B,
422A242F,
26243551,
52392B31,
444C5147,
352A2C33,
31393C31,
262B445B,
4C2B4758,
2E2C3E23,
262F3632,
4A674B22,
24222E24,
20577D5F,
5E7B989C,
89757175,
96A4AFAB,
9E979EA9,
AAAAADB3,
BABDBAB7,
BDB3C3B0,
A19A7A7E,
ADB4BDC2,
C0B7ADA7,
A2A19E9C,
9C9D9FA1,
96999EA3,
A6A6A6A5,
ABABACAC,
ADADAEAE,
AFB0B1B3,
B5B7B8B9,
C0C0C1C2,
C2C3C4C4,
C6C6C7C7,
C8C9C9CA,
CACACBCB,
CCCDCDCE,
D2D2D3D3,
D4D5D5D6,
D4D2D1D3,
D2C6B4A4,
94836F63,
5E57493D,
362C272A,
2A262931,
525C4F77,
A0A7B5A7,
61614633,
3C382929,
32353939,
37373B3E,
3F3D3C3B,
3B3E4142,
3A383634,
33333536,
31323435,
36353434,
292C2F34,
4259707D,
8C8F908D,
88858587,
8F969EA3,
A3A2A3A4,
A2A2A2A2,
A2A2A2A2,
9FA0A1A2,
A3A5A6A6,
9F9F9F9F,
9F9F9F9F,
9D9C9C9B,
9A9A9999,
95949493,
92919090,
96959493,
91908F8E,
91919191,
90909090,
97979797,
98989898,
95969798,
99999999,
98989898,
98989898,
67676767,
67676767,
68676665,
63626160,
63626160,
5E5D5C5B,
595D646D,
7780878B,
9194999F,
A4A8ABAC,
AEAEAEAE,
AEAEAEAE,
AEAFAFAE,
ADABA8A7,
9E9B9692,
8C82756C,
61544B4C,
4D4A4B51,
5456585B,
5E5F5F5F,
62626364,
64656666,
6C696668,
6B6C6A67,
66666666,
66666666,
6E6D6C6B,
6B6C6E6F,
73727170,
70717273,
6E6E6E6E,
6E6E6E6E,
6C6A676A,
7B8C8E85,
6C737D80,
756A6C76,
777A7F85,
8A8D8D8C,
8884807C,
7870665E,
554F3A25,
2B424B43,
2A21312F,
4967452F,
2537494B,
3D302D30,
241D263E,
4A433E42,
625E5341,
2F25272C,
3639372D,
26304A61,
37284151,
352D3525,
26263B38,
53744D2E,
1A242E21,
17375D63,
8F9A9E8F,
776D7888,
A6AAACA5,
9B98A0A9,
A6A7ABB2,
BABEBCB9,
B8B1C5B7,
ACA68383,
B0B6BDBD,
B7AFA9A6,
9F9E9D9D,
9D9FA0A2,
9A9C9FA2,
A5A7A7A8,
ADADADAD,
ADADADAD,
B0B1B2B3,
B5B6B7B8,
BEBFC0C1,
C3C4C5C6,
C5C5C6C6,
C7C8C8C9,
C9C9CACA,
CBCCCCCD,
D1D1D2D2,
D3D4D4D5,
D7D3D0D1,
D1C9BAAD,
97867164,
5F594C41,
382C2528,
2A27282E,
4B624D6A,
9DA9B4A9,
68634736,
40392728,
32353939,
37373B3E,
3D3E3F40,
40414141,
3B393532,
31323435,
32333536,
36353433,
2930353B,
4D687D84,
8D8E8E8A,
8685888B,
9298A0A4,
A4A2A2A3,
A1A1A1A1,
A1A1A1A1,
9FA0A1A2,
A3A4A5A5,
A2A2A2A2,
A2A2A2A2,
9E9E9D9D,
9C9B9B9A,
98979695,
94929191,
95949493,
9190908F,
91919090,
8F8F8E8E,
93939494,
95969696,
93949698,
99999897,
98989898,
98989898,
66666666,
66666666,
68686665,
63626060,
64636261,
5F5E5D5C,
595D646D,
7780878B,
9194999F,
A4A8ABAC,
AEAEAEAE,
AEAEAEAE,
AEAFAFAE,
ADABA8A7,
9E9B9692,
8C82756C,
63554C4D,
4E4B4D53,
5254575B,
5D5E5F5F,
62626364,
64656666,
6C696768,
6B6D6A67,
66666666,
66666666,
6B6B6B6B,
6C6D6E6F,
76757372,
72737475,
6D6D6D6D,
6D6D6D6D,
5E61656E,
84958F7D,
615D6575,
786E6A71,
827E7B7F,
888D8C88,
83817F7D,
7970645B,
53483023,
35514E36,
2619322E,
4F764A32,
2643503E,
2D303634,
25242832,
3C46515B,
675B4A38,
2C262525,
3B383128,
28364F63,
28263346,
483E342D,
3822383B,
60804B30,
1826231A,
1F2B486F,
92908878,
6C738BA0,
AEAAA4A0,
9FA0A2A3,
A2A4A8B1,
BABFBEBC,
B9B0C4B8,
B2B19192,
B3B7B9B6,
AEA7A6A8,
9D9D9D9E,
9FA1A2A3,
A0A0A0A1,
A3A6A8AA,
AEAEAEAE,
AEADADAD,
B1B1B2B3,
B5B6B7B7,
BEBEC0C1,
C3C4C6C6,
C4C5C5C6,
C7C7C8C8,
C8C9C9CA,
CBCBCCCC,
D0D1D1D2,
D3D3D4D4,
DAD4CFCF,
D0CBBFB5,
99877264,
5F594D43,
372A2227,
2A28292D,
3D5F465D,
99ABB3AA,
776A4633,
3D37292F,
32353939,
37373B3E,
383B3F42,
43413E3C,
3D3A3531,
2F303234,
33343536,
36343332,
2932383E,
52718487,
8C8D8C88,
85858A8F,
949AA2A5,
A4A2A1A2,
A0A0A0A0,
A0A0A0A0,
A0A0A0A1,
A1A2A2A2,
A3A3A3A3,
A3A3A3A3,
9F9F9F9E,
9D9C9C9C,
9B9A9998,
96949392,
93939392,
92919191,
92929190,
8F8E8E8D,
8F8F9091,
92939494,
92949699,
99989795,
98989898,
98989898,
66666666,
66666666,
69686765,
6361605F,
64636261,
5F5E5D5C,
595D646D,
7780878B,
9194999F,
A4A8ABAC,
AEAEAEAE,
AEAEAEAE,
AEAFAFAE,
ADABA8A7,
9E9B9692,
8C82756C,
64564D4E,
4F4C4E54,
5254575A,
5D5E5F5F,
62626364,
64656666,
6C6A6769,
6C6D6B68,
66666666,
66666666,
6767696B,
6D6F7071,
79787675,
74757677,
72727272,
72727272,
71767679,
858A7355,
584F5771,
7D736A6D,
91867C7D,
8589847D,
7B7C7E82,
827C7168,
50432D27,
44625531,
2C142820,
497F523C,
284A5130,
1D2E3C37,
272E312D,
31455D6D,
584B3A2F,
2B292724,
3E382D26,
293A5264,
24282A3F,
5B523A37,
4920323B,
6888462C,
1D2A1915,
2C2E437E,
78746B63,
677C9CB4,
B0A8A09F,
A4A7A29C,
A0A1A7B0,
BAC0C0BE,
BCB0C2B6,
B3B69B9F,
B5B7B7B0,
A7A3A5AA,
9C9D9E9F,
A1A2A3A4,
A4A2A1A0,
A1A5A9AB,
AFAFAFAE,
AEAEADAD,
B1B2B2B3,
B5B6B6B7,
BDBEBFC1,
C3C5C6C7,
C4C4C5C6,
C6C7C8C8,
C8C8C9CA,
CACBCCCC,
D0D0D1D2,
D2D3D4D4,
DCD5CECD,
CFCBC2BA,
9A887264,
5F594E43,
37292126,
2A29292D,
30594055,
96ABB2AB,
8470442E,
38342B35,
32353939,
37373B3E,
34383E42,
43403B37,
3E3B3530,
2E2F3133,
33343536,
35343231,
2832393F,
54748686,
8B8C8A87,
84868C92,
959BA3A6,
A4A1A1A1,
A0A0A0A0,
A0A0A0A0,
A0A0A0A0,
A0A0A0A0,
A4A4A4A4,
A4A4A4A4,
A0A09F9F,
9E9D9D9C,
9D9C9B99,
97969494,
92929292,
92929292,
93929291,
8F8E8E8D,
8D8D8E8F,
90919292,
91939699,
99989695,
98989898,
98989898,
64656768,
68676564,
64646362,
62616060,
5D5F6263,
625E5955,
595C6169,
737D868A,
93969A9F,
A4A7A9AA,
AAAAABAC,
ACADAEAE,
B0B1B1B0,
AFADAAA9,
A29D9791,
8A80746C,
5E5A534D,
4A4C5053,
54555759,
5B5D5F60,
67676766,
66656565,
66666666,
66666666,
66666666,
66666666,
6A6B6C6D,
6F707172,
74747576,
76777878,
74787A79,
7A7C7974,
7C7D7A88,
93724A46,
62768A92,
938A745F,
7E7B7E85,
8A888484,
7F7B7675,
7777736E,
54243838,
52784628,
220F2C2A,
51805342,
4132292D,
31303136,
4D403339,
5469604A,
443F352A,
23242A2F,
3B363120,
1E46604D,
1E35343C,
6A5C3C3D,
48183269,
61473417,
2520232C,
35476F96,
6F645A63,
83A5B2AF,
9C9DA1A5,
A8A6A29D,
A1A2A7B1,
BDC2BFBA,
BBB9B7B6,
B5B4B1AE,
C3B6AAA7,
ABABA197,
9A9A9CA0,
A4A6A5A3,
A2A3A4A5,
A6A7A8A8,
B0B0AFAE,
AEB0B1B2,
B4B3B1B0,
B1B4B8BA,
B9BABCBF,
C2C4C7C8,
C3C2C2C2,
C3C5C7C9,
C6C7C8C9,
CBCCCDCE,
CCCDCECF,
D1D2D3D4,
D8D5D3D2,
CFC8BEB6,
9E8C7565,
5F594F46,
342F2928,
2A2C2C2B,
34515844,
7BB1A1B4,
92724A34,
33393935,
34414741,
3C3E3E3B,
3A3C3E41,
42434242,
39383635,
34353536,
2C313739,
35312F2F,
25273248,
637B888D,
8A8B8882,
7E818C96,
9FA0A0A1,
A3A4A4A5,
A2A2A2A2,
A2A2A2A2,
A0A0A1A2,
A2A3A4A4,
A6A7A7A8,
A9A9AAAA,
A7A5A19E,
9C9D9E9F,
9A9A9897,
95939291,
94939392,
91919090,
8E8E8E8E,
8E8E8E8E,
8D8D8D8E,
8E8E8F8F,
92929394,
95969797,
93949596,
97989999,
64656768,
68676564,
64646363,
62616160,
5E606263,
625E5956,
595C6169,
737D868A,
93969A9F,
A4A7A9AA,
AAABABAC,
ADADAEAE,
B0B1B1B0,
AFADAAA9,
A29D9791,
8A80746C,
5E5A534D,
4A4C5053,
54555759,
5B5D5F60,
67666666,
66666665,
66666666,
66666666,
66666666,
66666666,
6A6B6C6D,
6F707172,
74747576,
76777878,
70747878,
797B7A78,
7A7B7383,
A197766C,
758395A5,
B1AA8968,
72767C81,
81808388,
7776787D,
7E766456,
412C3B38,
5C7B4328,
27142827,
50816050,
3E30282B,
2E2C2D31,
3D434951,
606A6150,
4A443A30,
2A292E32,
3B373326,
2548583D,
27312737,
6A653F35,
2B265169,
3E222C2E,
2E2C2426,
436E8688,
675B5B74,
98AFB1AB,
A2A4A7AA,
ACA9A4A0,
9FA0A6B1,
BCC1BEBA,
B6BABDB8,
B0ACAEB3,
B8B5B1AC,
A69E9590,
9B9B9DA0,
A3A5A4A3,
A6A6A7A8,
A9AAABAB,
B1B0B0B0,
B0B1B3B4,
B4B3B1B1,
B2B4B7B9,
B8B9BBBE,
C1C4C6C7,
C3C2C2C2,
C3C4C6C8,
C6C6C7C9,
CACCCDCD,
CCCDCECF,
D1D2D3D4,
D5D3D1D1,
CFC9BFB8,
A3907867,
5D554B42,
332E2927,
2A2C2C2B,
344E5541,
78B2A5B3,
91734E3C,
3D413B32,
3A454941,
3B3C3B37,
393B3E40,
4141403F,
35343434,
3537393A,
2E333838,
34302D2D,
2C313D52,
6B7E888B,
8A8A8782,
7E838D96,
A0A0A1A2,
A2A3A4A4,
A2A2A2A2,
A2A2A2A2,
A0A0A1A1,
A2A3A3A4,
A6A6A6A7,
A8A9A9A9,
A7A4A19E,
9D9D9E9F,
9C9B9A98,
96959493,
94949493,
92919191,
8E8E8E8E,
8E8E8E8E,
8E8E8E8E,
8E8F8F8F,
8E8E8F90,
91929293,
93939495,
96979798,
64656768,
68676564,
65646463,
62626161,
5F616263,
615E5A58,
595C6169,
737D868A,
93969A9F,
A4A7A9AA,
ABABACAC,
ADAEAEAF,
B0B1B1B0,
AFADAAA9,
A29D9791,
8A80746C,
5E5A534D,
4A4C5053,
54555759,
5B5D5F60,
66666666,
66666666,
66666666,
66666666,
66666666,
66666666,
6A6B6C6D,
6F707172,
74747576,
76777878,
7376797A,
7774777B,
787B707D,
A7B0927E,
808793A9,
BFBE9A71,
71787E7E,
7B7C8287,
6F727A84,
84715137,
2A3B4139,
6A7B3B26,
2C1C2527,
51826D5B,
382D272B,
2D2A2A2F,
364C6066,
6460564B,
47423830,
2C2C2E30,
3935342D,
31525834,
2C2B1B3A,
6871412A,
1836625E,
2B1B3340,
3233292D,
609A9972,
5C566792,
B3B6ACA7,
A9ACAFB1,
AFABA6A3,
9C9FA5B0,
BABEBDBA,
B3BCC2BC,
AFA9B0B9,
BBB7AC9B,
8C85878C,
96989B9E,
A0A2A2A2,
A5A6A7A8,
A9ABACAC,
B1B1B2B2,
B3B4B5B5,
B3B3B2B1,
B2B3B5B7,
B7B8BABD,
C0C3C5C6,
C3C2C2C1,
C2C3C5C6,
C5C5C6C8,
C9CBCCCC,
CBCCCDCE,
D0D1D2D3,
D2D0CFD0,
CFCAC1BA,
A7957C68,
5A4F443C,
332E2827,
292C2B2A,
3648513D,
70B3ACB1,
93745143,
46483E30,
3F474940,
3A3B3934,
3A3C3F41,
42413E3D,
31313132,
35383B3D,
31353938,
332E2C2C,
343B4B60,
75838889,
8A898681,
80858F98,
A0A1A1A2,
A2A3A3A4,
A1A1A1A1,
A1A1A1A1,
9FA0A0A1,
A2A2A3A3,
A4A5A5A6,
A7A7A8A8,
A6A4A19F,
9D9D9E9E,
9D9D9C9A,
99989796,
96959594,
93939292,
90909090,
90909090,
8F8F8F8F,
8F8F8F8F,
8A8A8B8B,
8C8D8D8D,
92929393,
94949595,
64656768,
68676564,
66656564,
63636262,
61626363,
615E5B5A,
595C6169,
737D868A,
93969A9F,
A4A7A9AA,
ACACADAD,
AEAFAFB0,
B0B1B1B0,
AFADAAA9,
A29D9791,
8A80746C,
5E5A534D,
4A4C5053,
54555759,
5B5D5F60,
65656566,
66676767,
66666666,
66666666,
66666666,
66666666,
6A6B6C6D,
6F707172,
74747576,
76777878,
7A7A7C7C,
746F7683,
848D8283,
A0A07A5E,
6E707583,
99A39177,
7C80807C,
7C828380,
6F727A82,
7E674227,
204E4941,
74712F21,
2B242530,
597E6F54,
2F28272E,
302C2E34,
4053605D,
544C433A,
38332C29,
292A2B2B,
3731312E,
37595B33,
26261C49,
64744022,
20425A4C,
353A433B,
2B2E344E,
84A99160,
586082B2,
C3B2A4A6,
AEB1B5B4,
AFA9A4A2,
999DA6B0,
B8BDBDBC,
B8BEC2BF,
B8B4B5B9,
BAA78A71,
656A7A87,
898E9397,
999B9EA0,
A0A1A3A5,
A7AAABAC,
B0B1B3B5,
B6B7B7B7,
B2B2B2B2,
B2B2B3B4,
B5B6B8BB,
BEC1C3C4,
C3C3C1C1,
C1C2C4C5,
C3C4C5C6,
C8C9CACB,
CBCBCCCE,
CFD1D2D2,
D1D0CFD0,
CFCAC1BA,
A6967D66,
55483D36,
322D2726,
282B2B29,
36424F3A,
65B1B4B0,
97785342,
45483F32,
4046463D,
3A3D3B35,
3D404345,
45423E3C,
32323132,
3436393A,
34373A37,
312C2B2B,
3440546A,
7D878A89,
8A888381,
82899299,
A1A2A2A2,
A2A2A2A3,
A0A0A0A0,
A0A0A0A0,
9E9F9FA0,
A1A1A2A2,
A3A3A4A4,
A5A6A6A7,
A4A3A2A0,
9F9E9D9D,
9E9E9D9C,
9B9A9A99,
97979696,
95949493,
91919191,
91919191,
91919090,
8F8F8E8E,
8A8A8A8B,
8B8B8B8B,
91919191,
91929292,
64656768,
68676564,
66666565,
64636362,
63636362,
615F5D5C,
595C6169,
737D868A,
93969A9F,
A4A7A9AA,
ACADADAE,
AFAFB0B0,
B0B1B1B0,
AFADAAA9,
A29D9791,
8A80746C,
5E5A534D,
4A4C5053,
54555759,
5B5D5F60,
64646566,
66676868,
66666666,
66666666,
66666666,
66666666,
6A6B6C6D,
6F707172,
74747576,
76777878,
7776797C,
757386A0,
A6AFA194,
9579482F,
48494746,
536B797B,
7F827E79,
808A8577,
72747675,
6C573C29,
295D504E,
735A261D,
252C2A40,
667A6A3E,
26232832,
3531343C,
464A473D,
3A3C3A32,
2C272325,
2A2E2E2C,
38312F29,
30505128,
1E262660,
5A6F3D21,
28505A41,
3A433C2B,
202A4B7B,
9B957559,
6279A4C5,
C1A89FA9,
B0B4B8B5,
ACA39F9E,
979EA8B2,
B8BCBFC0,
C2BFBEC0,
C3BFB5AC,
8E775A4C,
51616F76,
767D8589,
8A8D9297,
999B9EA2,
A6AAADAF,
AEB0B3B6,
B7B8B7B6,
B2B2B2B2,
B2B2B1B0,
B4B5B7BA,
BDC0C2C3,
C4C3C1C0,
C0C1C2C3,
C1C2C3C4,
C6C7C8C9,
CACACBCD,
CED0D1D1,
D2D0CECD,
CBC5BBB3,
9D8E7860,
4E403732,
312C2725,
282A2A29,
363E5138,
56AAB9AF,
9D7D563F,
3C3F3D37,
3E42413A,
3B414039,
4144484A,
49443F3B,
36353332,
32333435,
35383936,
302C2B2D,
31415870,
81898C8C,
8B868180,
848D959B,
A3A2A2A2,
A2A2A2A1,
A0A0A0A0,
A0A0A0A0,
9E9E9F9F,
A0A1A1A2,
A1A2A2A3,
A4A4A5A5,
A3A3A2A1,
A09E9D9C,
9E9E9D9D,
9C9C9C9B,
99989897,
96969595,
93939393,
93939393,
93939291,
908F8E8E,
8D8D8D8D,
8D8C8C8C,
8F8F8F8F,
8F8E8E8E,
64656768,
68676564,
67676666,
65646463,
65646362,
605F5E5E,
595C6169,
737D868A,
93969A9F,
A4A7A9AA,
ADAEAEAF,
B0B0B1B1,
B0B1B1B0,
AFADAAA9,
A29D9791,
8A80746C,
5E5A534D,
4A4C5053,
54555759,
5B5D5F60,
62636465,
6768696A,
66666666,
66666666,
66666666,
66666666,
6A6B6C6D,
6F707172,
74747576,
76777878,
716E747B,
787D9FC8,
C5BFA492,
8557271C,
282C271D,
25466D84,
818A887E,
8089816F,
70706D62,
52433A36,
3E61505E,
6B3E241F,
20333051,
7478662B,
20212935,
3732353D,
3E392E25,
2B393C37,
2C27252A,
3237342F,
3633332A,
2944431A,
212B2F6E,
4C6A3D26,
255C613B,
2B282123,
213B6C96,
97776160,
7A99BAC3,
B4A4A4AC,
B2B8BBB6,
AA9E9A9A,
969FABB4,
BABDC1C4,
C7C0BCBF,
C2B9A390,
564B434A,
5A666660,
656D7678,
76777D83,
8C8F949A,
A1A7ABAE,
AAADB1B5,
B7B7B6B5,
B1B1B2B3,
B2B1AFAD,
B2B3B5B8,
BBBEC0C1,
C4C3C1C0,
BFBFC0C1,
C0C0C1C3,
C4C6C7C7,
C9CACBCC,
CECFD0D1,
D0CDC9C6,
C2B9ADA4,
8D816D57,
45393331,
302B2624,
27292928,
343D5839,
469FBDB0,
A0855F43,
37363A3B,
3F413E38,
3B43423B,
4245494B,
49433C38,
37353332,
31313232,
35373834,
2F2C2D2F,
33445D74,
82898C8E,
8B857F7F,
8791989C,
A4A3A3A2,
A2A1A1A0,
9F9F9F9F,
9F9F9F9F,
9D9D9E9E,
9FA0A0A1,
A0A0A1A1,
A2A3A3A4,
A2A2A3A3,
A19F9C9A,
9C9C9C9C,
9C9C9C9C,
9A9A9999,
98979796,
94949494,
94949494,
95949392,
908F8E8E,
90908F8F,
8E8D8D8D,
8E8E8D8D,
8C8C8B8B,
64656768,
68676564,
68676766,
65656464,
67656361,
605F5F5F,
595C6169,
737D868A,
93969A9F,
A4A7A9AA,
AEAEAFAF,
B0B1B1B2,
B0B1B1B0,
AFADAAA9,
A29D9791,
8A80746C,
5E5A534D,
4A4C5053,
54555759,
5B5D5F60,
62626465,
67686A6A,
66666666,
66666666,
66666666,
66666666,
6A6B6C6D,
6F707172,
74747576,
76777878,
7772757C,
7982AEE1,
C6A17469,
663D1D27,
1F26241D,
274C7893,
97ACAF96,
817B7263,
65676251,
3B303641,
545C4B6D,
60252928,
1E3A345E,
807A6A26,
1F212B36,
352D2E36,
32332E28,
2E3A3F3A,
312C292F,
373A342C,
2C323D39,
354B4921,
32332D6F,
3D68422C,
2A59502A,
241E1524,
33629095,
7B65656E,
98B3C0B1,
A5ACB1AD,
B5BCC0B9,
A99D9899,
97A1AEB8,
BCBFC4C9,
C3C1BFBD,
B39E826D,
50525862,
6B6C655D,
5B636B69,
625F646A,
74787E86,
8F979EA1,
A6AAAFB4,
B7B6B5B3,
B0B1B3B3,
B2B0ADAB,
B1B2B4B7,
BABDBFC0,
C4C3C1BF,
BEBEBFBF,
BFBFC0C2,
C3C5C6C6,
C8C9CACB,
CDCECFD0,
CCC8C2BC,
B4A99B91,
7B72614E,
3E343131,
302B2524,
26292927,
333D5F3C,
3994BEB1,
9E8C6F4F,
3932363C,
44443E37,
3A424037,
3F424748,
463F3731,
33323130,
31323435,
33353633,
2F2D3033,
3C4D6578,
83878B8E,
8B847D7F,
88939B9D,
A4A4A3A2,
A2A1A0A0,
9E9E9E9E,
9E9E9E9E,
9C9D9D9E,
9F9FA0A0,
9F9F9FA0,
A1A2A2A2,
A1A2A3A3,
A29F9C99,
9A9A9B9B,
9B9B9B9B,
9B9B9B9A,
99989898,
96969696,
96969696,
96959493,
918F8E8D,
90908F8E,
8D8C8C8B,
8D8D8C8B,
8A898988,
64656768,
68676564,
68686766,
66656464,
67666461,
605F6060,
595C6169,
737D868A,
93969A9F,
A4A7A9AA,
AEAEAFB0,
B0B1B2B2,
B0B1B1B0,
AFADAAA9,
A29D9791,
8A80746C,
5E5A534D,
4A4C5053,
54555759,
5B5D5F60,
61626365,
67696A6B,
66666666,
66666666,
66666666,
66666666,
6A6B6C6D,
6F707172,
74747576,
76777878,
857C7C7F,
787FAFE7,
B4773B39,
472C1C36,
232B2E2E,
3E63899F,
B3D2D8B1,
836E6459,
5A5F5C47,
2D253345,
61554775,
58173030,
1E3F3563,
867D7129,
20222C35,
3127262E,
2D373C37,
363B3C37,
352F2B2F,
37382F25,
2030474A,
485D5B35,
4339286A,
33694731,
384F3116,
2C2E1D26,
4584A889,
61607178,
ADC1BCA0,
9DB5BDAE,
B8BFC3BB,
AA9D999A,
98A3B1B9,
BDC0C6CB,
BCC1C4BB,
A5856755,
70757978,
726B6968,
58606561,
564F5258,
5E616972,
7D868D91,
A4A8AEB3,
B6B6B3B2,
B0B1B3B4,
B3B0ACAA,
B0B1B4B6,
B9BCBEBF,
C4C3C1BF,
BEBEBEBF,
BEBFC0C1,
C3C4C5C6,
C8C9CACB,
CDCECFD0,
C8C3BCB4,
AB9D8E84,
70685948,
39313132,
2F2A2523,
26282827,
323E643D,
318DBEB2,
9C917B5B,
3F31343B,
49483F37,
39403D33,
3B3F4345,
423B322C,
2E2E2E2F,
31343739,
32343532,
2F2E3135,
46566B7C,
83868A8D,
8B837D7F,
89959C9E,
A5A4A4A3,
A1A0A09F,
9E9E9E9E,
9E9E9E9E,
9C9C9D9E,
9E9FA0A0,
9E9E9F9F,
A0A1A1A2,
A1A2A3A4,
A29F9B99,
9999999A,
9A9A9B9B,
9C9C9B9B,
9A999998,
96969696,
96969696,
97969593,
918F8E8D,
8F8F8E8D,
8C8B8A89,
8D8C8B8A,
89888787,
64646464,
64646464,
66666564,
64636262,
65646463,
6260605F,
55585E67,
727C858A,
9395989D,
A3A8ABAD,
B0B0B0B0,
B0B0B0B0,
B1B2B4B4,
B3AFABA9,
9E9B9692,
8C82756C,
5F574F4B,
4C505252,
58595B5D,
5F616364,
60616467,
69696969,
65666768,
696A6B6B,
66696C6A,
65626263,
6B6A696A,
6C717578,
70747777,
7575797D,
7E7C7772,
768DAFCA,
A38E5C39,
372F2630,
27232C45,
5F728596,
C1C6CCB1,
816D6144,
444D4E43,
3C3F4241,
5E55757A,
3E1C2625,
27465F5D,
6B927B2C,
241E2B30,
22273631,
45574930,
31384155,
36332D2A,
31373126,
2133352C,
40666A52,
43284E58,
2D4D6726,
2C483B1A,
1926313F,
7B929371,
525C84A3,
B0AFADAC,
ADB0B4B6,
C0C4C2B6,
A4999A9F,
9CB0BFBC,
B6BAC1C4,
CDC2AD91,
7A727882,
87909089,
898E8777,
76726F6B,
5F4D3F3A,
40454B51,
59667783,
939CA8AF,
B1B1B1B1,
B4B6B7B5,
B0ADAEB1,
ADAEB2B6,
BABFC2C4,
C1C0BFBD,
BBB9B8B7,
BFBEBDBE,
C0C4C9CC,
CECDCCCA,
C9C7C7C6,
C1B4A89F,
907E7677,
6761513F,
393D3D36,
2F2C2827,
292A2928,
343C4C39,
2C74BAB3,
A599805D,
3E2F3037,
3F3D4744,
3942442B,
4141403F,
3E3C3B3B,
32323232,
32323232,
3D3C3832,
2C2B3035,
485A7182,
87898B8E,
84807E85,
929EA4A5,
A4A4A3A2,
A2A1A0A0,
9E9E9E9E,
9E9E9E9E,
9C9C9C9C,
9C9C9C9C,
9A9A9B9C,
9C9D9E9E,
A0A09F9E,
9E9D9C9C,
9A9A9A9A,
9A9A9A9A,
9A9A9A9A,
9A9A9A9A,
9697999A,
9A999796,
98979695,
93929190,
8B8C8D8E,
8D8C8A89,
8F8A8482,
84858583,
66666666,
66666666,
66666565,
64636362,
65656462,
61605F5E,
55585E67,
727C858A,
9395989D,
A3A8ABAD,
B0B0B0B0,
B0B0B0B0,
B1B2B4B4,
B3AFABA9,
9F9B9692,
8C82756C,
5F574F4B,
4C505252,
5657585A,
5D5F6061,
60626467,
68696969,
66666667,
67686868,
64676A69,
65636365,
6A6A696A,
6C707477,
6F737677,
7575777A,
797C7D7B,
7D8BA2B4,
A39E754E,
473E2F2E,
23252A38,
517392A5,
97898982,
6E665A3C,
46535544,
35374249,
5D646C56,
2E242F2D,
31506357,
618D7929,
251D282D,
232E4240,
3A453B30,
3633354A,
41352B2E,
34342C25,
272E2B24,
33525F59,
3F2B535B,
2D465F26,
363F3123,
2526375C,
8D918367,
5D77A0BA,
ACABABAC,
AFB2B7B9,
C4C4BEAF,
9F979BA2,
A3B0B8B6,
B8C0C6C4,
C1B19986,
7D7F878C,
91999891,
9096938A,
88847F78,
6C5B4E48,
41414141,
454C545B,
717E909F,
A8ADB0B2,
B0B2B4B2,
ADABACAF,
ADAFB2B5,
BABDC0C2,
BFBFBEBD,
BCBABAB9,
C3C1C0BF,
C0C2C5C7,
C3C6C8C8,
C3BBB1AB,
94877A73,
695D5B60,
58585045,
43464238,
302D2B29,
292A2929,
323A4B39,
2C73BAB4,
A39B8664,
4331323A,
3C3B4647,
3C464933,
4443403D,
39363432,
32323232,
32323232,
3C3C3A34,
2E2C3034,
4D5F7685,
89878687,
84818087,
939EA3A5,
A4A3A3A2,
A1A1A0A0,
9E9E9E9E,
9E9E9E9E,
9C9C9C9C,
9C9C9C9C,
9A9A9B9C,
9C9D9E9E,
A0A09F9E,
9E9D9C9C,
9A9A9A9A,
9A9A9A9A,
9A9A9A9A,
9A9A9A9A,
999A9B9C,
9C9B9A99,
98979695,
93929190,
8C8D8E8E,
8E8C8B89,
8F8A8482,
84858483,
68686868,
68686868,
67666665,
64646363,
65656362,
605F5E5D,
55585E67,
727C858A,
9395989D,
A3A8ABAD,
B0B0B0B0,
B0B0B0B0,
B1B2B4B4,
B3AFABA9,
9F9C9793,
8D83766D,
5F574F4B,
4C505252,
54555658,
5B5D5E5F,
61626567,
68696868,
66666665,
65646464,
60646868,
66646567,
6A69696A,
6C707374,
6C717577,
75747578,
787F8688,
86899199,
9BAA8A58,
4A453328,
1D282C2F,
4A76949A,
926B5C64,
63615131,
4C5B5C46,
32364958,
4F685932,
272D2E30,
455F654A,
50847B31,
261C262D,
27374E4E,
4040373E,
4B3D3850,
52392B33,
392F2525,
2C28211F,
25374E5F,
4C41625B,
25375B3C,
3C342325,
2F2E4B85,
A5917363,
7398B8C5,
A6A7A9AC,
B1B7BBBE,
C8C3B7A6,
97959DA7,
ACB2B5B7,
C0C9C5BA,
A5947F78,
7F8B9395,
989E9D94,
90979D9E,
9A979085,
796D635C,
55504844,
4242403F,
49586E83,
93A0AAB0,
ABAEB0AE,
ABA9ABAD,
AEAFB1B5,
B8BBBEBF,
BEBDBDBD,
BDBCBCBC,
C5C3C1BF,
BFBFC0C1,
BDBEBEB9,
AC9B897E,
6D615755,
514C505A,
565B5B56,
57595044,
32312E2C,
2A29292A,
2E364A3B,
2D70B8B6,
9F9C8C6D,
4A35343B,
3A384549,
3F474D3B,
4845413C,
36302C2A,
33333333,
33333333,
3B3C3B37,
312F3134,
54667D8A,
8B868281,
8382848A,
959EA3A4,
A3A3A2A2,
A1A0A09F,
9E9E9E9E,
9E9E9E9E,
9C9C9C9C,
9C9C9C9C,
9A9A9B9C,
9C9D9E9E,
A0A09F9E,
9E9D9C9C,
9A9A9A9A,
9A9A9A9A,
9A9A9A9A,
9A9A9A9A,
9C9D9E9F,
9F9E9D9C,
99989796,
94939291,
8E8F9090,
8F8D8B8A,
8E898583,
85868482,
67676767,
67676767,
68676766,
65656464,
66656361,
5F5D5C5B,
55585E67,
727C858A,
9395989D,
A3A8ABAD,
B0B0B0B0,
B0B0B0B0,
B1B2B4B4,
B3AFABA9,
A09C9893,
8E83776D,
5F574F4B,
4C505252,
55565759,
5C5E5F60,
62636567,
68686767,
67666564,
63626161,
5C616567,
65656769,
69696A6B,
6D6F7071,
6B6F7475,
74747679,
83899091,
8D89888A,
8CA78A4C,
373A3028,
202B2B2B,
4C7D8A79,
9866505C,
6162563C,
50585442,
37415765,
46593F24,
322F2539,
5C695F39,
3C798349,
271D272F,
2B3B504D,
483D3243,
55433D5B,
62422F37,
3A2A2024,
2E231F23,
22243C5C,
605F775F,
1D27595A,
342E1A19,
30456CA3,
AC8D6D6E,
8EB0BBB6,
A2A4A8AE,
B5BBC1C3,
C9C0B09E,
9395A2AD,
B2B7BCC2,
CBCBB69E,
847C7475,
7F8B9396,
959A998F,
868A99A6,
A2A1998B,
817C776F,
665F5651,
4E4A433D,
38435466,
788A9BA6,
A8ABADAC,
AAA9ABAE,
ADAEB0B3,
B6B9BCBD,
BDBDBDBD,
BEBEBEBF,
C2C1C0BE,
BDBCBCBC,
BAB4A897,
8471625A,
5E555257,
58575D66,
6D71706A,
696A6053,
3535342F,
2B292A2B,
2B32483D,
2D6CB5B7,
9A998D71,
4F383338,
3935444A,
3E42483B,
4846413C,
36312D2A,
34343434,
34343434,
393B3B39,
34323437,
586A818E,
8E878180,
82848890,
989EA2A4,
A2A2A1A1,
A09F9F9E,
9E9E9E9E,
9E9E9E9E,
9C9C9C9C,
9C9C9C9C,
9A9A9B9C,
9C9D9E9E,
A0A09F9E,
9E9D9C9C,
9A9A9A9A,
9A9A9A9A,
9A9A9A9A,
9A9A9A9A,
9B9C9E9F,
9F9E9C9B,
99999896,
95939292,
91919291,
908E8C8A,
8D898585,
86868480,
65656565,
65656565,
68686767,
66656564,
66656361,
5E5C5A59,
55585E67,
727C858A,
9395989D,
A3A8ABAD,
B0B0B0B0,
B0B0B0B0,
B1B2B4B4,
B3AFABA9,
A19D9994,
8E84786E,
5F574F4B,
4C505252,
58595A5C,
5F616263,
63646667,
68676666,
67666564,
63626161,
5A5F6466,
6565676A,
68696A6C,
6D6E6E6E,
6B6E7273,
73767B80,
93969796,
918C8A89,
84A38744,
2B33393F,
3B352220,
4B81896E,
875F4F55,
575F6150,
46473F36,
3B4F6066,
594D2A26,
3C2E2D5D,
6C654E29,
2D6C8968,
2C212A33,
2F3C4B43,
4031212E,
41343457,
6A4F3B3A,
35272024,
2C23252E,
281E304F,
58658169,
28214957,
242D190E,
34668BA9,
947E7286,
AABDB3A2,
A3A6ABB2,
BAC0C4C7,
C7BCAA9A,
9399A7B3,
B6C0C8CB,
CABC9B7B,
6E757C80,
81858D93,
8E939386,
76768CA4,
A3A59C8A,
8387867E,
625F5B58,
56514B47,
44474C54,
61748A98,
A4A8ABAB,
A9A9ACAF,
AAACAEB1,
B5B8BBBC,
BDBEBEBE,
BFBFBFBF,
BCBCBCBB,
BAB9B8B7,
AB9D8771,
60575556,
615C5E67,
6B6A6D75,
85847C6F,
6A6B6458,
393A3933,
2C282A2D,
292F483F,
2D67AFB6,
99958970,
533C3332,
3933424A,
3A384038,
4544413D,
39353231,
34343434,
34343434,
37393A38,
35363A3F,
5B6D838F,
8F898583,
81868E95,
9A9FA2A3,
A2A1A1A0,
9F9F9E9E,
9E9E9E9E,
9E9E9E9E,
9C9C9C9C,
9C9C9C9C,
9A9A9B9C,
9C9D9E9E,
A0A09F9E,
9E9D9C9C,
9A9A9A9A,
9A9A9A9A,
9A9A9A9A,
9A9A9A9A,
999A9C9D,
9D9C9A99,
9A9A9997,
96949393,
94949493,
928F8C8B,
8C888686,
8787837F,
64646464,
64646464,
69696868,
67666665,
66656360,
5D5B5957,
55585E67,
727C858A,
9395989D,
A3A8ABAD,
B0B0B0B0,
B0B0B0B0,
B1B2B4B4,
B3AFABA9,
A29E9995,
8F85786F,
5F574F4B,
4C505252,
595A5B5D,
60626364,
64656768,
68676665,
66666665,
65646464,
5A5F6465,
64636668,
67686A6C,
6D6D6C6B,
6C6E6F70,
7279838B,
9E9D9B98,
9592908F,
87A8965D,
4245556C,
674C2923,
4D818D7D,
8D766757,
47525A47,
35353030,
3F576565,
72492730,
3E354B83,
6F543922,
265A827A,
38292D33,
2F3B4840,
37301E20,
2F2B3354,
695E4C3A,
2C252425,
29262D35,
2D21293D,
394D6D69,
3F2B3232,
1B2B1D1A,
4D839599,
747281A2,
BBBCAC9F,
A8ACB2B8,
BFC3C6C8,
BFB6A79C,
9AA2AEB7,
BBC7CCC2,
B0997D65,
6B768284,
807E838A,
858A8B7C,
645D7798,
9FA39781,
7A85877F,
5E636867,
635E5D5E,
59585555,
5B6A7D8C,
9EA2A5A6,
A5A6A9AD,
A6A8ABAF,
B4B8BCBE,
C0C0C0BF,
BFBFBFBE,
BABABAB8,
B5B2AEAC,
8F826F5E,
56586167,
756F6F76,
79767A82,
84807363,
5D5E5A50,
3B3E3E37,
2D272A2F,
2A2E4842,
2D61A9B4,
9D94836D,
5744352E,
3830414B,
39333B38,
42413F3D,
3A373635,
35353535,
35353535,
36373735,
35394249,
6373858F,
8E888686,
7F88929A,
9D9FA1A3,
A1A0A09F,
9E9E9D9D,
9E9E9E9E,
9E9E9E9E,
9C9C9C9C,
9C9C9C9C,
9A9A9B9C,
9C9D9E9E,
A0A09F9E,
9E9D9C9C,
9A9A9A9A,
9A9A9A9A,
9A9A9A9A,
9A9A9A9A,
999A9B9C,
9C9B9A99,
9B9A9998,
96959493,
96969695,
93908D8B,
8A888687,
8987837E,
66666666,
66666666,
6A696968,
67676666,
66656360,
5D5A5756,
55585E67,
727C858A,
9395989D,
A3A8ABAD,
B0B0B0B0,
B0B0B0B0,
B1B2B4B4,
B3AFABA9,
A29F9A96,
90867970,
5F574F4B,
4C505252,
5758595B,
5E606162,
65666768,
68666564,
66666667,
67686868,
5B5F6465,
63626466,
66686B6D,
6D6C6A69,
6E6E6D6D,
717C8C97,
9E9C9B9A,
99979491,
8BB0B18E,
74697799,
8D6F4F4C,
637C827E,
958B7952,
37474C2D,
2B34393C,
485E6B6E,
67423843,
4046667F,
683E2623,
27486F7A,
48322E2F,
2A3C4F49,
31392B20,
2A2F3954,
636B5C38,
21252A26,
282B3132,
2D26272C,
2D314150,
4D402C1A,
1F25233E,
7994887F,
697A9AB8,
BDAEA5A7,
B0B3B9BE,
C3C6C7C7,
B7B0A6A1,
A3AAB4B9,
C2CBC4A5,
826E6764,
6F717272,
72737577,
757A7D6D,
4E405B81,
9498896D,
6572766B,
616E7A79,
6F686B71,
67676563,
646D7A85,
969A9E9F,
9FA0A4A8,
A1A4A8AD,
B3B9BDC0,
C3C2C2C0,
BFBEBDBD,
BDBDBAB6,
B0A8A29E,
7C776F68,
66696D71,
7F736A6A,
6969707C,
6D6C6154,
50545047,
3E42423A,
2D272A30,
2B2E4945,
2D5CA3B1,
A7957E6B,
5E4E3B2D,
352D404D,
3C343F40,
403F3D3A,
37343231,
36363636,
36363636,
35353332,
343C4A54,
6F7B898E,
8A858485,
7F89969E,
9F9FA0A3,
A0A09F9F,
9E9D9D9C,
9E9E9E9E,
9E9E9E9E,
9C9C9C9C,
9C9C9C9C,
9A9A9B9C,
9C9D9E9E,
A0A09F9E,
9E9D9C9C,
9A9A9A9A,
9A9A9A9A,
9A9A9A9A,
9A9A9A9A,
9C9D9E9F,
9F9E9D9C,
9C9B9A99,
97969594,
98989896,
94918E8C,
89888788,
8A88827D,
68686868,
68686868,
6A6A6968,
68676666,
67656360,
5C595755,
55585E67,
727C858A,
9395989D,
A3A8ABAD,
B0B0B0B0,
B0B0B0B0,
B1B2B4B4,
B3AFABA9,
A29F9A96,
90867970,
5F574F4B,
4C505252,
54555759,
5B5D5F60,
65666768,
67666463,
65666768,
696A6B6B,
5C606465,
62616264,
66686B6D,
6D6C6968,
706E6C6B,
707E919F,
99999A9C,
9D9A9591,
8BB5C6B5,
9C848CB2,
A08B7B7C,
7F786F6C,
7D7C6C3F,
28454B23,
2B3D4B4D,
5363747B,
47364956,
45567062,
5F2E1C27,
2A3B5E72,
54392D2A,
273D5655,
273B321F,
252E394D,
5D736737,
1A252F27,
282F312C,
29292723,
38241B31,
4E503519,
271F265F,
9E9A766E,
718AB0C5,
B79F9DAD,
B5B8BDC2,
C5C7C6C6,
B2ACA6A4,
A9B0B7BA,
C8CDBA8B,
5D505C6B,
71675C5B,
61676865,
666C6F5F,
3C2A456D,
888C7A5A,
505D6155,
5F707F7D,
6E656A73,
6B6D6F6F,
70747C82,
8F939899,
999B9FA3,
9FA1A6AC,
B3BABFC1,
C5C4C3C1,
BFBDBCBB,
C2C0BCB5,
ACA19892,
77797B7B,
7975716E,
7463524B,
48495665,
595A554D,
4D514D44,
3F44443B,
2E272A31,
2C2F4A46,
2C59A0AF,
AE977C6B,
6356402E,
332B4050,
3F374448,
403E3C38,
34302D2C,
36363636,
36363636,
3534312F,
323E4E5A,
79828C8E,
88828183,
7E8A98A0,
A09FA0A2,
A0A09F9E,
9E9D9C9C,
9E9E9E9E,
9E9E9E9E,
9C9C9C9C,
9C9C9C9C,
9A9A9B9C,
9C9D9E9E,
A0A09F9E,
9E9D9C9C,
9A9A9A9A,
9A9A9A9A,
9A9A9A9A,
9A9A9A9A,
9E9FA1A2,
A2A19F9E,
9C9B9A99,
97969594,
99999997,
94918E8C,
89878788,
8A88827D,
68676564,
64656768,
68686767,
66656564,
62626261,
5F5C5957,
53575D67,
727E878C,
9395989D,
A3A8ABAD,
B0B0B0B0,
B0B0B0B0,
B0B1B1B0,
AFADAAA9,
A29F9A96,
90867970,
63585150,
4D484B54,
5657595B,
5E606263,
62626363,
64656566,
64646464,
64646464,
63636464,
64656565,
70605B68,
706A666B,
6F787883,
948D879A,
969DA4A3,
9B959293,
9AA3ADB3,
B3AFACAA,
AD9B8A81,
735E5252,
5D4D372C,
36403623,
2C504A53,
65737A4F,
3938505B,
494B6776,
582B2222,
18385B4D,
603F2424,
303B4D5F,
31312C23,
232C373C,
60696852,
32222938,
2E292A32,
332E2D32,
28333227,
2937382B,
2C1B3D88,
A37F656E,
7FAEC7B3,
A3ADB1A5,
B3B9C2CA,
CECCC8C5,
BBA9A1AB,
B5B7BDC8,
D29C6758,
5E605E5D,
6064645D,
52494748,
474B4B42,
36333C46,
645C4833,
2E384040,
4C748872,
5B62757E,
7E716E77,
7A757780,
878A9097,
9C9F9F9F,
9DA0A5AC,
B4BBC0C3,
BFC2C6C7,
C4C0BEBE,
BFC4C0B0,
A8A49785,
95738596,
6E555A4F,
433F3A36,
373B4145,
41434648,
48464341,
4F44362C,
28272725,
2B2F4F4E,
30579FB4,
AC917A72,
664E3A33,
352A4053,
42364147,
423F3A35,
31303031,
30303131,
32333334,
33353430,
303F596D,
81868C8C,
89848282,
868E99A0,
A1A0A0A1,
9E9FA0A0,
9F9E9C9B,
9E9D9B9A,
9A9B9D9E,
9F9D9B99,
98989899,
9A9A9B9C,
9C9D9E9E,
9E9E9D9C,
9C9B9A9A,
9A9A9A9A,
9A9A9A9A,
9A9A9A9A,
9A9A9A9A,
9A9A9A9A,
9A9A9A9A,
9A999897,
95949392,
94949393,
92919190,
8E8E8D8C,
8C8B8A8A,
65656666,
66666565,
67676766,
65646464,
62626160,
5E5B5856,
53565D66,
727D868C,
9395989D,
A3A8ABAD,
B0B0B0B0,
B0B0B0B0,
B0B1B1B0,
AFADAAA9,
A29F9A96,
90867970,
63585050,
4D484B54,
54555759,
5C5E6061,
63636464,
65666667,
64646464,
64646464,
63636363,
64646464,
69646265,
6769727C,
75878889,
96928C98,
90969D9E,
9A969799,
98A0A6A0,
949099A4,
AB987957,
4037383B,
292A2A2F,
404F4D40,
4D554763,
786C6138,
343A5560,
4D4F6873,
542B262A,
1F3B5847,
614A3228,
2C3C5265,
2F2E2924,
242B3237,
485F7369,
492D272C,
332E2D2F,
2B262C39,
22292922,
26302D20,
242F5D95,
9E7B6973,
A0B4BAAD,
A7B1B2A8,
B6BCC4CA,
CDCBC6C3,
B0BABAB0,
B1C0C8C6,
9671504D,
575A5756,
4A4E504C,
443E3D3F,
3B3E3D38,
312F353C,
45433829,
272F3430,
3E5A6A64,
64768381,
8177747B,
7D777981,
878A9096,
9B9D9F9F,
9DA0A5AC,
B4BBC0C3,
C0C2C5C5,
C4C2C1C1,
BFC4BEAC,
A09A8F81,
85616264,
4238443C,
3A373331,
31353A3D,
3B3C3F41,
43444444,
4C42362D,
29282726,
2B304F4D,
2F569EB3,
B0967E74,
69544139,
352A3E52,
41353F45,
413E3934,
31303031,
31313233,
33343535,
3333302C,
2E3F5A6F,
83888D8C,
88838282,
878F99A0,
A1A0A0A1,
9E9FA0A0,
9F9D9B9A,
9D9C9B9A,
9A9B9C9D,
9E9D9B99,
98989999,
9A9A9B9C,
9C9D9E9E,
9E9E9D9C,
9C9B9A9A,
9A9A9A9A,
9A9A9A9A,
9A9A9A9A,
9A9A9A9A,
9A9A9A9A,
9A9A9A9A,
9A999897,
95949392,
93939392,
91909090,
8E8D8D8C,
8B8B8A8A,
61636667,
67666361,
66666565,
64636362,
6061605F,
5D5A5755,
51555B65,
707C858B,
9395989D,
A3A8ABAD,
B0B0B0B0,
B0B0B0B0,
B0B1B1B0,
AFADAAA9,
A29E9995,
8F85786F,
6257504F,
4C474A53,
53545557,
595B5D5E,
64656566,
67676868,
63636363,
63636363,
63636262,
62626262,
6067675F,
5F6F8592,
87A39F8D,
94989295,
9195999A,
97969799,
99A1A08D,
756D7D90,
9B957644,
26272C2A,
19222C34,
4352534B,
5E584B77,
8A68512C,
313E5C63,
4F556D72,
512B2B31,
253D5541,
544F3F2A,
26395567,
2C292625,
26282B2E,
2B4F757F,
68463028,
2C2A2D31,
2C272D3A,
23242222,
262A2317,
2451889F,
8D757482,
C5B8ABA8,
ADB3B2AF,
BBBFC6CA,
CBC8C3BF,
B2C2BFAF,
B9D0C29C,
5A4B4147,
504F4947,
363A3D3C,
38353637,
33323130,
2F2F3132,
2C313028,
272C2C27,
2E3A444E,
68879085,
857F7D81,
807B7D83,
878A8F94,
989B9D9E,
9DA0A5AC,
B4BBC0C3,
C3C3C3C3,
C4C4C4C4,
BAC0BDAD,
9A897768,
6148413B,
282B352B,
31302E2E,
2F323638,
3737383A,
3D414446,
473F342D,
2B2A2826,
2C304F4C,
2D539BB0,
B39B8276,
6B594840,
35293C50,
41353E41,
403D3833,
30303031,
33333435,
35363737,
32302A26,
2B3F5D73,
888B8E8C,
87838283,
8A929BA0,
A09FA0A1,
9D9E9F9F,
9E9D9B9A,
9D9C9B9A,
9A9B9C9D,
9D9C9A99,
9898999A,
9A9A9B9C,
9C9D9E9E,
9E9E9D9C,
9C9B9A9A,
9A9A9A9A,
9A9A9A9A,
99999999,
99999999,
99999999,
99999999,
99989796,
94939291,
92929191,
908F8F8E,
8D8D8C8C,
8B8A8A89,
5E616568,
6865615E,
65646463,
62626161,
5F5F5F5E,
5B585553,
50535A63,
6F7A8489,
9395989D,
A3A8ABAD,
B0B0B0B0,
B0B0B0B0,
B0B1B1B0,
AFADAAA9,
A19D9994,
8E84786E,
62574F4E,
4B464A52,
52525455,
57595A5B,
65656666,
67686869,
62626262,
62626262,
62626261,
6160605F,
5B64635B,
647F98A1,
A6C1B08B,
8B979594,
98999A99,
98969696,
9DA19C86,
6A5A5F69,
72827548,
2C2E2D1F,
222C353E,
4D5A594F,
4B5E5F80,
85665A3C,
3847605E,
4C5C7675,
522C2C32,
263E5541,
3846452F,
24375568,
2C252328,
2A262527,
1E3B637C,
7C674C3A,
2923252F,
332F2E33,
2D262327,
2A261E19,
3978A697,
7471899E,
CFB4A3AA,
B2AFB0B8,
C0C3C7CA,
C9C5C0BD,
BEBBB0B2,
C8CD9958,
45434447,
47413A37,
33353738,
37353535,
33302D2E,
31333230,
30393B34,
2F312E27,
27292C39,
5A7E8D88,
87868686,
827F8084,
888A8D91,
95999B9C,
9DA0A5AC,
B4BBC0C3,
C6C4C2C3,
C6C8C7C6,
B8BAB6A5,
8C6F5544,
3F383633,
3136362C,
30302F2F,
30333739,
39383737,
3A3E4245,
413B332E,
2D2C2926,
2C304F4B,
2C5198AC,
B49E8372,
685C4D42,
37293B4F,
41353D3E,
3E3B3732,
302F3031,
34353536,
37373838,
322D2622,
2B436278,
8D8E8F8B,
86838486,
8F959CA0,
9F9E9FA1,
9D9D9E9E,
9E9C9A99,
9C9B9A99,
999A9B9C,
9C9B9A98,
98999A9B,
9A9A9B9C,
9C9D9E9E,
9E9E9D9C,
9C9B9A9A,
9A9A9A9A,
9A9A9A9A,
98989898,
98989898,
98989898,
98989898,
98989795,
94929191,
9190908F,
8E8E8D8D,
8C8C8B8B,
8A898988,
5C5F6366,
66635F5C,
63636262,
6160605F,
5D5D5D5C,
5A575452,
4E525862,
6D798287,
9395989D,
A3A8ABAD,
B0B0B0B0,
B0B0B0B0,
B0B1B1B0,
AFADAAA9,
A09C9893,
8E83776D,
61564E4E,
4B464951,
52535355,
56575859,
64646565,
66676768,
62626262,
62626262,
62616160,
5F5E5D5D,
5A5C5E65,
7A96A7A9,
C5D3B283,
82929393,
9696989A,
9C9C9A98,
999A9483,
6A52433C,
4E64613E,
272A2717,
1A2B4156,
6B736651,
346C7879,
675A6852,
45515F53,
47658279,
542C292E,
223C5744,
233A473C,
2F3A5870,
3125222B,
2E262225,
222C4261,
7A7E6D5A,
48322123,
2B2D2C2D,
34272329,
281E1D26,
5E94A980,
6178A3B8,
BFAAA4B1,
B4ABAFBF,
C4C6C8C9,
C7C3BFBC,
C0B6B7C4,
C29D6236,
42464641,
3B36322F,
36363637,
37363331,
332F2C2D,
31353534,
47505044,
38332D26,
2929282B,
3F5F7883,
84898C88,
82818384,
898A8C8F,
9296999B,
9DA0A5AC,
B4BBC0C3,
C9C5C3C5,
C9CBC8C4,
C2B1997F,
664D3C33,
37373130,
3839373D,
39363330,
2F313436,
3E3C3A38,
393C3F41,
3A36312F,
2F2E2A26,
2D304E4A,
294E94A8,
B4A0836C,
625A4D40,
3B2A3A4F,
42373D3C,
3C393531,
2F2F3132,
34353536,
37373838,
322C2524,
304A697E,
90908F8A,
8584888C,
93989EA0,
9E9D9FA1,
9C9D9D9E,
9D9B9998,
9B9A9998,
98999A9B,
9B9A9998,
989A9B9C,
9A9A9B9C,
9C9D9E9E,
9E9E9D9C,
9C9B9A9A,
9A9A9A9A,
9A9A9A9A,
98989898,
98989898,
98989898,
98989898,
97979694,
93919090,
8F8F8E8E,
8D8C8C8B,
8C8B8B8A,
89898888,
5D5E6163,
63615E5D,
62616160,
5F5F5E5E,
5C5C5C5A,
58555250,
4D505760,
6C778186,
9395989D,
A3A8ABAD,
B0B0B0B0,
B0B0B0B0,
B0B1B1B0,
AFADAAA9,
9F9C9793,
8D83766D,
60554D4D,
4A454851,
54545555,
56575858,
62626363,
64656566,
61616161,
61616161,
6161605E,
5D5C5B5A,
58566382,
9EACB1B4,
D4D0A47B,
818E8F93,
8D8F9399,
9FA09B96,
8E8D887A,
644A3528,
4E554A2D,
1D222621,
25406074,
7A70553A,
3B787A62,
45446559,
51585C4B,
48738D77,
4E27252B,
213C5745,
2132464A,
3E3E5C80,
3B29232F,
33282227,
2B252942,
657B7B72,
6E4E2D21,
2224282D,
32221E27,
22172542,
829D956A,
628FB9C1,
AEA6A8B4,
B4ABB0BE,
C5C7C8C8,
C6C3BFBC,
B7BFCDC8,
9B5F4142,
3D423F35,
2F31322E,
35333232,
34332E2A,
2D2C2B2C,
30373E44,
656F6F5D,
493A2E24,
2C2E2C27,
293D5C74,
7D888E87,
80818483,
8A8A8A8C,
8F939799,
9DA0A5AC,
B4BBC0C3,
CCC8C6C9,
CFCEC6BE,
C199694B,
3C343337,
3F3C2B2A,
3730365B,
514A4035,
2E2B2C2E,
3D3C3A3A,
393A3B3C,
34312F30,
31302B26,
2E314E49,
274B91A5,
B6A38467,
5B574B3C,
3F2D3B50,
453B3E3C,
3A383430,
2F2F3132,
33333435,
35363737,
332D272A,
3A557285,
91908E89,
85878D92,
979B9FA0,
9E9C9EA1,
9B9C9D9D,
9C9A9997,
9A999897,
9798999A,
9A999898,
999A9C9D,
9A9A9B9C,
9C9D9E9E,
9E9E9D9C,
9C9B9A9A,
9A9A9A9A,
9A9A9A9A,
97979797,
97979797,
97979797,
97979797,
97969594,
9291908F,
8E8D8D8C,
8B8B8A8A,
8B8A8A89,
88888787,
5E5E5F5F,
5F5F5E5E,
6060605F,
5E5D5D5D,
5B5B5A59,
5754514F,
4B4F565F,
6B767F85,
9395989D,
A3A8ABAD,
B0B0B0B0,
B0B0B0B0,
B0B1B1B0,
AFADAAA9,
9F9B9692,
8C82756C,
5F544D4C,
49444750,
56565657,
57585859,
5F606061,
62626363,
60606060,
60606060,
61605F5D,
5C5A5958,
545474A9,
C2B8B6C4,
D1BD8F78,
89908B92,
8E8F9399,
9D988D84,
86888372,
59453D3C,
4D443629,
2223292E,
4F6B7F76,
5D47372D,
5D725744,
31315758,
575B5A49,
4F82936E,
4320232E,
253D5540,
2C2D3E4D,
4237588B,
452E2532,
372B252C,
2D252330,
4A637174,
695A4B40,
3326252C,
2E1E1D28,
21193A6B,
96957B61,
77AEC5B7,
ACAAABB0,
B2B3B5B8,
C5C6C7C7,
C5C3C0BE,
BCC8C39C,
6847454D,
3C403B2E,
2C33342D,
322F2D2F,
33332F29,
282C2F30,
34405260,
89989C8A,
6E564030,
292C2D27,
222B4660,
74858C84,
7D818482,
8A8A898A,
8D919698,
9DA0A5AC,
B4BBC0C3,
CDCAC9CE,
D4D0C3B7,
9C6E3F2F,
31313133,
3A392E3C,
4F394282,
7A6E5944,
342B2929,
33343638,
39393939,
2F2E2E31,
33312B26,
2E314E48,
26498EA2,
BAA98766,
58574B3A,
44303D52,
483E403D,
39363330,
2E2F3132,
31313233,
33343535,
342F2B31,
445F7A8A,
908F8C88,
85899199,
9A9DA0A0,
9D9C9EA0,
9B9B9C9C,
9C9A9897,
9A999897,
9798999A,
99999898,
999B9D9E,
9A9A9B9C,
9C9D9E9E,
9E9E9D9C,
9C9B9A9A,
9A9A9A9A,
9A9A9A9A,
96969696,
96969696,
96969696,
96969696,
96959493,
91908F8E,
8C8C8C8B,
8A898989,
8A8A8989,
88878786,
605F5D5C,
5C5D5F60,
605F5F5E,
5D5D5C5C,
5A5A5A59,
5653504E,
4B4E555F,
6A757F84,
9395989D,
A3A8ABAD,
B0B0B0B0,
B0B0B0B0,
B0B1B1B0,
AFADAAA9,
9E9B9692,
8C82756C,
5F544D4C,
49444750,
57575858,
58595959,
5E5E5F5F,
60616162,
60606060,
60606060,
61605F5D,
5B595857,
505585C7,
D8BDB9D2,
C8AB8079,
92938891,
9897989A,
988D7A6C,
868B866E,
51434C5B,
382B2327,
2924252B,
6C828663,
36243142,
7963302E,
2D284D58,
575B594A,
578C9566,
39192332,
2A40533A,
35283347,
3C2C508F,
4C322734,
392D2830,
2B28272B,
384C606D,
48556668,
51322528,
2E1E1F2D,
26224E8D,
9D8B6A60,
8BC4C9A9,
B2B0ACAA,
B1BAB9B2,
C5C6C6C6,
C5C3C1BF,
CBC9A164,
47525547,
41453E30,
2E363429,
302D2B2F,
3537332D,
282F3538,
3C4C667A,
A7BAC3B3,
94755743,
23282C29,
23273B51,
6F828B82,
7B808481,
8A8A8989,
8C909598,
9DA0A5AC,
B4BBC0C3,
CECBCBD1,
D7D1C1B2,
6D47292E,
3D3C2E25,
2A32385B,
7451559F,
9D8C7154,
3E302B2A,
292C3136,
39393838,
2C2C2E31,
34322C26,
2E314E48,
25488DA0,
BEAD8A66,
58574C3A,
46323E54,
4A40423D,
3836322F,
2E2F3132,
30303131,
32333334,
35302E37,
4B667F8D,
908F8B87,
858A949C,
9C9FA1A0,
9D9B9DA0,
9A9B9C9C,
9B9A9896,
9A999796,
9697999A,
99989898,
999B9D9F,
9A9A9B9C,
9C9D9E9E,
9E9E9D9C,
9C9B9A9A,
9A9A9A9A,
9A9A9A9A,
96969696,
96969696,
96969696,
96969696,
96959493,
91908F8E,
8C8B8B8A,
89898888,
8A8A8988,
88878686,
5D606365,
64615C59,
60606160,
5F5C5A58,
57565655,
53525251,
494D5560,
6D7A848A,
8D939BA0,
A3A7ACB0,
B2B2B2B2,
B2B2B2B2,
B0B0B1B0,
AFACAAA8,
A29D9690,
8B847A73,
60584D47,
484C4F50,
5556595C,
5F606060,
60606060,
60606060,
63615E5C,
5C5E6163,
5C5C5B58,
54525355,
535787B9,
BCB9C5CC,
AF927D7F,
888A8D93,
999996A3,
A67E5C63,
79918E6B,
55564B33,
27283237,
261B3864,
7E735B3B,
252C4A66,
77482B20,
172A4850,
6E68675F,
60797346,
312C2828,
2E343839,
232D2C2D,
2C254584,
6525223D,
2A223230,
302F2E2B,
2B2E353A,
292D394A,
55503D2C,
211E1F20,
1F3269A0,
98736383,
B1BFB09E,
ABADAFAF,
ADAFB3B8,
C8C9CAC9,
C7C4C2C1,
CF9C6148,
525F5A4C,
473F3429,
262A333A,
364D4524,
26474625,
24252A42,
54475281,
B0CCD4BE,
AFA88A62,
432D283F,
504B4548,
6F777E7D,
7774797F,
8687898B,
8E909293,
979DA4AB,
B1BAC4CC,
CBDAD9CD,
D3D7AF76,
57412C28,
2E32302F,
2F373750,
977F4A98,
9E948167,
4C372D29,
27303432,
33393831,
33343431,
2D292625,
312F5D40,
2D398F9E,
ADAD866C,
565C6A34,
3C3A4C52,
3F3D443B,
3C362F2C,
2E313232,
37383938,
36322E2B,
2F2F3240,
5770848E,
8E8C8886,
888B9094,
A0A09F9E,
9E9D9C9C,
9E9E9D9C,
9C9B9A9A,
98989898,
98989898,
96969798,
98999A9A,
9697999A,
9A999796,
9A9A9A9A,
9A9A9A9A,
99999A9A,
9A9B9B9B,
98989796,
96959494,
9396999C,
9B97928F,
90919191,
8F8D8A89,
8B8A8885,
84848485,
88878685,
85858787,
5E606365,
64615D5A,
60616161,
5F5D5A59,
57575655,
53525151,
494D5560,
6D79848A,
8D939BA0,
A3A7ACB0,
B2B2B2B2,
B2B2B2B2,
B0B1B1B1,
AFADAAA9,
A29D9690,
8B847A73,
60584D48,
494C4F50,
55575A5D,
5F606060,
60606060,
60606060,
6261605F,
5F606162,
61605D5A,
5757595C,
525587C2,
CAB7B5BC,
99867B83,
8D90969E,
9A9A9398,
9977606F,
8A96865E,
4A504B37,
2D232735,
39384D6B,
69563B28,
283C596E,
52322221,
22324B53,
7F71665A,
5E797141,
36312B2A,
2D313332,
232E2D2D,
2C243F79,
7E3B2B3E,
30272D25,
2D2E2E2D,
2D303437,
2B2B323E,
4745382A,
1E313320,
234E809A,
7C5F679F,
C4BBACB0,
B1B3B6B5,
B4B5B9BD,
CACAC9C6,
C2C2C5C8,
A27F584A,
52584D3E,
3C39332D,
2A2D353B,
475B5436,
37524D2C,
2A262945,
5B43334A,
A7C4D0C2,
BDC0AC8B,
65473443,
5F675A4A,
6B757F7E,
76737A82,
84858789,
8C8F9192,
989DA5AC,
B2BBC5CD,
D1D9D8D0,
CDC19666,
42383033,
3939332C,
2F393D54,
947E4E99,
ABA39177,
5A43352F,
29313532,
343A3932,
34333131,
302E2A26,
31325D3E,
2E388D9F,
AFAE886E,
565B6C3C,
3E3C4D52,
3F3D443B,
3B352F2D,
2F323232,
33343535,
33302D2A,
33333948,
5F768891,
908E8B89,
8A8F9497,
A0A09F9E,
9E9D9C9C,
9E9E9D9C,
9C9B9A9A,
98989898,
98989898,
96969798,
98999A9A,
9697999A,
9A999796,
9A9A9A9A,
9A9A9A9A,
9999999A,
9A9A9A9A,
98979796,
95959494,
94969899,
98969391,
90909090,
8E8C8A88,
89888786,
85868788,
88878583,
83838484,
5F616365,
64615E5B,
61616261,
605D5B59,
58575655,
53525150,
484C545F,
6C798389,
8D939BA0,
A3A7ACB0,
B2B2B2B2,
B2B2B2B2,
B1B1B2B1,
B0ADABA9,
A29D9690,
8B847A73,
61584E48,
494D5051,
55575A5D,
60616161,
62626262,
62626262,
60616263,
63626160,
615F5D5B,
5A5A5B5B,
564865A1,
BAAEB5D2,
B0A39893,
8E898C94,
93989293,
92786D83,
9E99794A,
38424131,
3020213C,
545B6068,
45352627,
394E595C,
3B2A2227,
2F394957,
856D5A50,
5C7D723D,
3B352F2C,
2D2E2D2C,
232F2E2D,
2D233767,
8D50333A,
332C2A20,
2A2B2D30,
31323232,
2B292A30,
37372F27,
25494D31,
3F7B9D94,
675C7FC2,
D4B1A4BB,
B3B7BABB,
BBBCC0C4,
CBCAC7C5,
C3C2C1C1,
71635655,
59554536,
32333330,
2E31383F,
5B6B6041,
3D565D4C,
28262C4C,
674D3039,
A7C1CEC6,
C8D2C8B0,
8E694242,
657F6F4E,
65717D7C,
73707984,
80828487,
8A8D8F90,
999EA6AD,
B4BDC8D0,
D9D7D6D3,
C4A27554,
3B38383E,
46453627,
2635404B,
78674591,
B4AD9E85,
674D3B33,
2A323431,
32383831,
35302D2F,
34342E28,
30385E3B,
2F3687A2,
B0B08B70,
55586F47,
423F4E52,
3E3B433A,
39342F2D,
30323331,
31313232,
312F2C2B,
36394152,
697F8E95,
92908D8C,
8D92979A,
A0A09F9E,
9E9D9C9C,
9E9E9D9C,
9C9B9A9A,
98989898,
98989898,
96969798,
98999A9A,
9697999A,
9A999796,
9A9A9A9A,
9A9A9A9A,
99999999,
99999999,
97979696,
95949493,
96969695,
94939392,
8F8F8F8F,
8D8B8887,
87868585,
8587888A,
85848281,
81828384,
61626464,
63615F5D,
62626262,
605E5C5A,
59585755,
5351504F,
484C535E,
6B788388,
8D939BA0,
A3A7ACB0,
B2B2B2B2,
B2B2B2B2,
B2B2B2B2,
B0AEACAA,
A29D9690,
8B847A73,
62594F49,
4A4E5152,
56585B5E,
60626262,
63636363,
63636363,
60626567,
67656260,
5D5C5C5D,
5D5A5551,
493A4D8D,
B39D93B1,
BEBBB5A9,
9A8D8C8F,
89979796,
957D748A,
988A6437,
28313122,
2A243052,
6B6B5C53,
27272E3F,
4F524537,
453E2E2B,
3438445D,
7B604D4B,
62867639,
3A352F2D,
2E2F2D2B,
2431302C,
2D232E54,
855C3D36,
302B2B29,
28292C31,
3534302C,
2928282C,
302F2822,
29414842,
6090987C,
6779A6D0,
CAA69CAE,
ACB1B8BC,
BDC0C5C9,
CCC7C5C9,
CCC3B09F,
5B5D6267,
655B4C40,
35363530,
2D313D48,
63726845,
364C666E,
3B414455,
614B3F56,
B6C9D0C9,
CAD4CEBC,
A8834F3B,
597F7857,
5E6B7777,
6F6D7681,
7D7F8184,
888B8E8F,
9AA0A8AF,
B7C0CBD3,
DDD5D5D5,
BA875E4F,
52483E40,
4D53422B,
2D414F45,
554A4192,
B0AB9F89,
6C513E34,
2930312D,
2E34342E,
342E2B2F,
3638322A,
2F406037,
313481A5,
B1B18F75,
54537052,
47435152,
3D3A4139,
37332F2E,
31343331,
32323232,
31302E2E,
363B475B,
72859094,
918F8C8B,
8D92979B,
A0A09F9E,
9E9D9C9C,
9E9E9D9C,
9C9B9A9A,
98989898,
98989898,
96969798,
98999A9A,
9697999A,
9A999796,
9A9A9A9A,
9A9A9A9A,
9A9A9999,
98989797,
96969595,
94939392,
97959391,
91919293,
8D8D8E8D,
8C898785,
86858482,
82828384,
7F7F8081,
84878A8C,
63646464,
6362605F,
63636363,
615F5C5B,
5A595855,
53504F4E,
474B535E,
6A778288,
8D939BA0,
A3A7ACB0,
B2B2B2B2,
B2B2B2B2,
B3B3B3B3,
B1AFACAB,
A29D9690,
8B847A73,
635A4F4A,
4B4F5152,
57595C5F,
61626362,
65656565,
65656565,
61636668,
68666361,
61606062,
625C5046,
2D345198,
C48F5152,
8096AFBA,
B7ADA49E,
8A9C9C94,
8C705D6B,
6D634628,
202A2A1F,
26314B68,
71614737,
202C3E4E,
534A392D,
53523625,
3233426B,
7A605054,
6F927935,
34302D2E,
3032302E,
2735302A,
2D252946,
796B4F39,
2F292B37,
27272A30,
36362F29,
27282B2E,
302D2620,
211F2A4D,
73806F58,
6C97BCBC,
A99D9B9A,
A2A9B2B9,
BDC1C7CB,
CAC5C4CB,
CFBB9473,
5E667073,
6D625853,
46443D31,
2A2F4150,
5A717559,
3D3E5568,
58645D50,
4435487A,
C7D3D6CE,
CDD3CFC2,
B4956341,
4D6F796B,
5E677071,
6D6D737A,
7B7D8083,
878B8E8F,
9BA1AAB2,
B9C3CED6,
DDD4D5D1,
AD775959,
6F5C433C,
4E625A43,
485B694B,
434352A5,
A9A69D8A,
6F564339,
282E2E28,
292F302B,
302D2B2F,
3436312C,
2E486132,
333179A9,
B0B2947B,
534C6D58,
4C475352,
3C384037,
35312E2F,
33353331,
37363533,
32313131,
323A4B61,
78888F90,
8E8C8989,
8B91969A,
A0A09F9E,
9E9D9C9C,
9E9E9D9C,
9C9B9A9A,
98989898,
98989898,
96969798,
98999A9A,
9697999A,
9A999796,
9A9A9A9A,
9A9A9A9A,
9A9A9998,
97969595,
96959594,
93939292,
95949290,
8F8F9091,
8B8C8C8C,
8A888584,
8685827F,
7D7D7D7D,
7D7E8185,
8B92979A,
65656463,
63626261,
63646464,
62605D5C,
5B5A5855,
53504E4D,
464A525D,
6A778187,
8D939BA0,
A3A7ACB0,
B2B2B2B2,
B2B2B2B2,
B3B4B4B4,
B2B0ADAC,
A29D9690,
8B847A73,
635B504B,
4B4F5253,
585A5D60,
62636363,
66666666,
66666666,
65666768,
68676665,
6F6A6361,
60594B40,
22313E76,
B38F4D48,
5278A7C4,
CEC7B5A4,
9EA79780,
6F50373C,
3C3A2F21,
212B2F2A,
2F445E6B,
624C362A,
2B364348,
46403E3F,
4A553622,
3637467D,
866C5D61,
7A987B33,
2F2D2C2E,
32343330,
2B383128,
2D28283D,
6F785C3A,
322A293D,
2926272E,
35362F27,
26292C2E,
2E2B2724,
26162C65,
826E5654,
78A2B59F,
909CA297,
A1A9B3BA,
BEC1C6C9,
C8C5C3C3,
BBA17A5D,
68707777,
70686565,
5C584C39,
2B2D3F51,
526D8278,
59413F46,
4B5A5241,
3A3F6AAB,
CED6D8D2,
D1D6D3CA,
B59F7959,
5366787F,
66686B6F,
72737474,
7B7C8084,
888C8F91,
9CA3ACB4,
BCC6D2DA,
D9D7D5C6,
9C6E5E67,
7C6F5542,
4E676C5E,
58606B49,
3F536CB1,
A9A79D8B,
72594840,
2A2F2E27,
272E2F2A,
2B2C2E2F,
2F2F2E2D,
2D50622E,
352F73AC,
AEB39A81,
53446659,
514B5553,
3B373E36,
33302E30,
34363431,
3C3A3734,
31303030,
2F394E67,
7E8C8F8D,
8C8B8988,
8B91979B,
A0A09F9E,
9E9D9C9C,
9E9E9D9C,
9C9B9A9A,
98989898,
98989898,
96969798,
98999A9A,
9697999A,
9A999796,
9A9A9A9A,
9A9A9A9A,
9A9A9998,
96959493,
95949493,
92929191,
91919190,
8F8F8E8E,
8A8A8A8A,
89868482,
8583817F,
7D7D7D7D,
8385898E,
959DA3A7,
67666463,
62626363,
64646564,
63605E5C,
5C5B5956,
524F4D4C,
4549515C,
69768086,
8D939BA0,
A3A7ACB0,
B2B2B2B2,
B2B2B2B2,
B4B4B5B4,
B3B0AEAC,
A29D9690,
8B847A73,
645B514B,
4C505354,
585A5D60,
63646464,
68686868,
68686868,
69686766,
66676869,
7D6E5C51,
4D4A413A,
29352343,
969D767E,
7B96B3C3,
CDD2C9BA,
B8B28A60,
4D352328,
262B2A24,
222A3132,
47545F59,
483A3534,
363C4345,
43404143,
3A553E30,
4B464C88,
886F5F60,
77967E3A,
2F2D2D2F,
3334322F,
2F3B3125,
2C2B2A3A,
5A6E502D,
3231293A,
2B26252B,
34363028,
2A2A2928,
27282B2D,
2F2F507F,
84645869,
96A6A797,
93A2ABA7,
ADB4BDC2,
C3C3C5C7,
C4C8C4B1,
947A6B66,
72777C7B,
76727375,
6E6B5E48,
332D3A49,
5E6B7C82,
7358453E,
36413C40,
5A749CCF,
CCD2D4D0,
CFD1CDC6,
AE9C8775,
68657285,
746E6B70,
7A7E7870,
7B7D8085,
8A8E9193,
9DA4ADB5,
BEC8D4DC,
D5DBD6B7,
88676571,
7E857859,
4B596563,
5B535A44,
4F798EB7,
ACA89D88,
6E56453E,
2F333129,
2930322E,
252C3231,
2925292E,
2C56632B,
362D6DAF,
ABB29E87,
533C5F56,
554E5653,
3A363D35,
312F2E31,
35373431,
3F3C3732,
2E2C2C2C,
2E3B526E,
8590908D,
8E8C8B8B,
8E949A9E,
A0A09F9E,
9E9D9C9C,
9E9E9D9C,
9C9B9A9A,
98989898,
98989898,
96969798,
98999A9A,
9697999A,
9A999796,
9A9A9A9A,
9A9A9A9A,
9B9A9997,
95949392,
94949393,
92919190,
8D8F9192,
918F8C89,
89898989,
87858381,
81818080,
82848687,
90929499,
9EA5AAAD,
68666563,
62626364,
64656564,
63615E5D,
5D5B5956,
524F4D4B,
4549515C,
69768086,
8D939BA0,
A3A7ACB0,
B2B2B2B2,
B2B2B2B2,
B4B5B5B4,
B3B1AEAD,
A29D9690,
8B847A73,
645C514B,
4C505354,
595B5E61,
63646464,
68686868,
68686868,
6C6A6765,
65676A6C,
836D503E,
39393633,
2A3F273E,
9AAD8485,
B9C0BFBA,
C5DBE8E7,
CAB87E4A,
392D242F,
2A313129,
22252C30,
5B5E5745,
35333C44,
383D464C,
4C453A33,
335A4B43,
6154508A,
7E655556,
6E928143,
312F2E30,
33332F2C,
323D3023,
2C2D2B39,
41593A1B,
31372B37,
2D272328,
32363028,
2E2B2520,
1F242D35,
2C426A86,
76585B77,
B7ABA19F,
A3A8B0B7,
BAC0C7CA,
C8C5C4C5,
C2CBC5A2,
745C6578,
787C8081,
7F7D7F81,
77766B54,
3A2E3540,
70696B78,
7C6E5B51,
40423C4F,
80A1B5D0,
CACECFCB,
C8C6C1BA,
A5948986,
78666B7F,
7E736C73,
81877D70,
7C7E8186,
8B8F9395,
9EA4AEB6,
BFCAD5DE,
D3DFD7AD,
7B636874,
7F99986F,
49475359,
634E534B,
6CA5B0C3,
ADA79A82,
674E3E37,
3337342C,
2C333631,
212D3531,
251F252F,
2B596429,
372C6BB0,
A9B2A08A,
53385A53,
57505753,
3A353C35,
302E2E31,
36373431,
3F3B352F,
2A282728,
2F3D5673,
8A94928D,
908F8D8E,
91979DA2,
A0A09F9E,
9E9D9C9C,
9E9E9D9C,
9C9B9A9A,
98989898,
98989898,
96969798,
98999A9A,
9697999A,
9A999796,
9A9A9A9A,
9A9A9A9A,
9B9A9997,
95939291,
94949392,
92919090,
8B8D9193,
938F8A87,
88888988,
87848280,
7F7F8083,
868B8F91,
9B9C9DA0,
A4A8ACAF,
61616263,
64666667,
61626262,
615F5D5C,
5C5C5B59,
56524F4D,
474A505A,
67758188,
9194999F,
A4A8ABAC,
B2B2B3B4,
B4B5B6B6,
B6B4B2B3,
B4B3AFAA,
A49E9791,
8B827871,
675F5651,
52555656,
5B5C5F62,
65666666,
6A6A6A6A,
6A6A6A6A,
6F5B6962,
646E5C6A,
5E473333,
3D403932,
3C4B586A,
8FB0A88B,
AEB2B8C6,
DEF3F3E6,
DB844141,
49342328,
25242729,
2527394F,
68584C50,
57544C46,
37293562,
3D56574E,
54525A60,
51445B82,
5F7D3C60,
788E7C50,
3E23312F,
2C291B37,
39312D2F,
2D27282F,
3F3E342B,
323F3A2B,
2A242126,
30342D25,
1E30311C,
13213031,
3167968F,
6859779D,
CCA58E9C,
ADAEB0B8,
BCC4C7C3,
C8D0C7B6,
D9B68B71,
6E757775,
7674757A,
82898C8C,
7A7B7461,
4A414853,
61757F79,
7B858272,
646B798F,
A7BAC4C7,
CECFCFD0,
D2CEC0B0,
97888894,
8E766F79,
85817A74,
7375797C,
7F818281,
80838A8F,
949FAEBC,
C7D1DBE1,
D5DACDA6,
7D6A6769,
7D89948F,
7B63534C,
4D5B6E84,
A0B6B9AF,
AFA79782,
6A534036,
33353735,
31303234,
392E292E,
312E2E33,
285B542F,
2E385A98,
AAB7A582,
63464766,
48605C4C,
493C2C2F,
2C303433,
302E2F31,
3B393634,
383A342B,
344A677D,
878A8C8E,
85878A8F,
969CA2A6,
9C9C9C9C,
9C9C9C9C,
9A9A9998,
98979696,
99999998,
98979797,
A39D9694,
96999B9B,
9898999A,
9A9B9C9C,
9A9A9998,
98979696,
94959696,
95949291,
9593908D,
8C8E9092,
95928F8C,
8A8B8D8F,
81818384,
8382817F,
8183878C,
91969A9C,
A5A6A7AA,
AEB2B6B9,
63636464,
64656565,
62626362,
615F5D5B,
5C5C5B59,
56524F4C,
474A505A,
67758188,
9194999F,
A4A8ABAC,
B2B2B3B4,
B4B5B6B6,
B7B4B2B3,
B5B4AFAA,
A49E9791,
8B837971,
675F5651,
52555656,
5B5D6063,
65666666,
6B6B6B6B,
6B6B6B6B,
6B66765E,
53594247,
3F332F3D,
525D584F,
5D738898,
AFBCA683,
A0A8B9D6,
F7FDDCB4,
6D402A43,
57472F27,
332A2323,
26324E69,
746C5E50,
48433A32,
2B263964,
374F5756,
55505459,
4D466087,
67783255,
7496845D,
42334337,
32341E2A,
382E2A2C,
2B262931,
36362F2B,
34413F33,
332D2A2F,
383B352E,
232B2C23,
1F262E31,
4B789581,
60658FB5,
C5A4919F,
B0B1B2B9,
C0C7C7C2,
C5CCC9BF,
B197796B,
6F787A78,
7B79797D,
868C8F8F,
87878273,
6259595E,
5C636972,
818E8B81,
8C8D929D,
ACB9C1C3,
C5CACCC9,
C6C1B3A5,
9887828A,
83706B77,
86817B75,
7375787B,
7F818281,
80838A8F,
949EADBB,
C6D1DBE2,
DEDECAA1,
7A645C57,
66718087,
847B736F,
76818D9A,
ADBBB7AA,
A39B8B77,
614D3E35,
33363837,
3434373A,
382F2B31,
34302F33,
31625936,
353E609E,
ABB9A986,
684C4A66,
52625542,
433C3034,
2C2F3232,
2F2D2E30,
3B3A352F,
2C2B2926,
3B506C81,
8A8C8E90,
86878B90,
969DA2A5,
9C9C9C9C,
9C9C9C9C,
9A9A9998,
98979696,
97979898,
98989999,
A19F9C99,
9797999B,
98989999,
9A9B9B9C,
9A999998,
97979696,
94959696,
95939190,
9392908E,
8E8E8F8F,
918F8E8C,
8B8B8B8C,
86868585,
84838383,
8A8C9094,
999EA2A3,
ABACADAF,
B2B7BABD,
66666665,
65646464,
62636362,
615E5C5A,
5B5B5A58,
55524E4C,
474A505A,
67758188,
9194999F,
A4A8ABAC,
B2B2B3B4,
B4B5B6B6,
B7B5B3B4,
B5B4AFAB,
A49F9891,
8B837972,
675F5651,
52555656,
5B5D6063,
66676767,
6E6E6E6E,
6E6E6E6E,
6675885A,
3E462E2A,
2B272B3F,
5E767B77,
8A979D9D,
A9BDC0B5,
9FB8D3E2,
DDBE8A5D,
32292E4A,
5E54361E,
2B242736,
485B748A,
74796B4B,
34302C23,
1F264369,
30435560,
544D4D50,
4B4C6689,
77752C4B,
74A08969,
59444937,
353E262B,
352B2628,
27252A34,
34332F2C,
343E3C33,
37333034,
3B3C3731,
2825262A,
28262E3A,
708C8D6B,
5B7DB0CD,
BBA296A5,
B5B6B6BB,
C6C9C8C4,
C6C9C4BA,
7E726767,
727C7D7A,
807E7D82,
898F9191,
918F8C85,
7C736B66,
6459596D,
838B8A89,
A19E9DA1,
AAB3B8B9,
BCC7CAC1,
B9B7B0A6,
A090888B,
8474727C,
86827C77,
74757779,
7F818281,
80838A8F,
959EACB9,
C5D0DBE2,
E4DEC8A2,
8371655C,
5E657181,
8E93918D,
939AA0A6,
B0B6AC9C,
9A907F6A,
55443731,
383A3C3A,
37373B3F,
372F2E36,
39333032,
38635937,
383E5F9F,
A9BCAE8C,
6F534D62,
5D644D37,
3D3D3337,
2B2E3130,
2C2B2D30,
3838362E,
26242B34,
45597385,
8C8D8E90,
86888C92,
989DA2A4,
9C9C9C9C,
9C9C9C9C,
9A9A9998,
98979696,
95959697,
999A9B9B,
9DA1A4A0,
9894979C,
97989899,
9A9A9B9B,
99999898,
97969695,
93949595,
94939190,
8F8F9090,
8F8E8C8B,
8A8B8C8C,
8B8A8887,
8B898785,
8587898B,
98999CA0,
A5A9ACAD,
B2B3B3B5,
B8BBBFC1,
69686766,
65646363,
64646463,
615E5B59,
5A5A5958,
55514D4B,
474A505A,
67758188,
9194999F,
A4A8ABAC,
B2B2B3B4,
B4B5B6B6,
B8B6B4B4,
B6B5B0AC,
A5A09892,
8C847A73,
675F5651,
52555656,
5C5E6164,
66686868,
70707070,
70707070,
64839755,
2C3B2C27,
31303242,
63849392,
9CA29E93,
97AEC2CA,
A1C7DFC5,
8C583A2D,
3734333F,
545C4629,
383C4F6C,
7E817F81,
626F643D,
24262B25,
1D2E5172,
2D3A5267,
4F48464B,
4D536A83,
8A793650,
79A88267,
77443A36,
3F422B3B,
33292325,
26242B35,
39363230,
3335312C,
34312F31,
3535312C,
2821232A,
251E3353,
8F927B5A,
669EC8CF,
B0A19DAB,
B9BBBBBE,
CCC9C8CB,
CEC5AF9A,
6060636D,
79807F7B,
83818083,
8A8F9190,
8F8D8B8C,
8A827367,
78656172,
7C777A85,
88888B93,
9DA4A6A5,
ADBCBEB0,
A9B3B9B7,
AEA39D9E,
97888388,
85827D79,
77777879,
7F818281,
80838A8F,
959EABB7,
C3CEDAE2,
E2DBC6AB,
9A93897E,
78757884,
939A968E,
959B9FA1,
A8AB9F8E,
8D83715C,
493B312D,
4444433F,
39383B3F,
352E2F39,
3D363233,
385D5031,
32365698,
A4BBB18F,
755A4D5A,
60634934,
3D3F3335,
2C2E302E,
2B2A2D31,
36373834,
2B2A3C52,
4F617887,
8B8B8B8D,
87898E94,
999EA1A2,
9C9C9C9C,
9C9C9C9C,
9A9A9998,
98979696,
93949597,
999B9C9D,
99A2A9A4,
9992969C,
96979798,
99999A9A,
98989797,
96959594,
93939494,
9492908F,
8B8D8F91,
908D8A87,
85878A8C,
8B898684,
8A888585,
878D9397,
A3A4A7AA,
AEB1B3B5,
B7B7B7B8,
BABDBFC1,
69696867,
66656463,
65656463,
605D5A58,
5A595957,
54504C4A,
474A505A,
67758188,
9194999F,
A4A8ABAC,
B2B2B3B4,
B4B5B6B6,
B9B6B4B5,
B7B6B1AD,
A6A19993,
8D857B74,
675F5651,
52555656,
5D5F6265,
67686968,
71717171,
71717171,
6B8E9D4E,
1D302A2B,
3B454F5F,
7C99A098,
909DA59F,
98999EA1,
A9B8B182,
4A2D303A,
2E29242E,
4E6B6752,
64677484,
84705A50,
585E5130,
1C222A2A,
25395D7A,
2E375068,
4D464248,
505A6A78,
95804D61,
80A86F5C,
7E383249,
58452440,
32282426,
27252A34,
37333132,
33302D2C,
32302F30,
312F2C28,
23202325,
1B1C4373,
9A886659,
80BACCBB,
A9A3A5B0,
BABEBFC2,
CFC8C7CF,
CFB78E6E,
5E646E79,
8182807D,
85828183,
898E8F8E,
8D8A898E,
918A7B6D,
8578757B,
73666D83,
656B7684,
8F938F8A,
8F9F9F8F,
8FA7BABB,
B1AEAFB0,
A99B908E,
83817D7A,
79797A7B,
7F818281,
80838A8F,
969EAAB5,
C1CDDAE3,
DFD9C8B4,
ACABA59B,
978F888C,
95968D81,
8B909292,
96978976,
6C64584B,
3F383433,
52504B42,
3A36373A,
342D2F39,
3D373334,
3B5A4A2D,
30315094,
9CB9B392,
795F4B4F,
5B604A37,
4140312F,
2E30302D,
2A2A2F33,
3A383A39,
2F2D4462,
58687C88,
89878788,
878B9096,
9B9FA0A1,
9C9C9C9C,
9C9C9C9C,
9A9A9998,
98979696,
93949597,
999B9C9D,
97A0A7A3,
9892969D,
96969797,
9899999A,
98979796,
95959494,
92939394,
93918F8E,
8A8B8E8F,
8E8C8886,
8385888B,
8B898684,
86858588,
8E969EA3,
ABACAEB0,
B3B5B7B8,
B9B9B8B8,
B9BBBDBE,
68686867,
67666666,
66666563,
605D5957,
59595856,
534F4C4A,
474A505A,
67758188,
9194999F,
A4A8ABAC,
B2B2B3B4,
B4B5B6B6,
BAB7B5B6,
B8B6B2AD,
A7A19A94,
8E867C74,
675F5651,
52555656,
5E606366,
68696969,
70707070,
70707070,
73909D4D,
19282731,
465D7487,
9EB0A790,
8C91928C,
868A98A4,
BBA17349,
383D413E,
2C292A37,
54707A75,
6D635C59,
4F413B3F,
63543E2A,
1F202529,
2E3E5F7C,
313A5064,
54493F40,
4D5D696F,
8F7E6270,
81A05C58,
6D3B4B66,
67431933,
322A272B,
2B262930,
2D292C33,
35303034,
34343433,
312F2C2A,
2022231E,
1A2C5C8B,
93755B69,
9CC5C0A5,
A6A7ACB3,
B9BFC3C5,
CFC8C6C7,
B8956E57,
68707B82,
83838283,
89868385,
8A8E8E8D,
8F8D8D91,
9491867D,
8685857F,
70677284,
5D657280,
89887F76,
6F808071,
7999ACA8,
A7AAAEAF,
A99D9189,
7F7E7D7C,
7C7D7E7F,
7F818281,
80838A8F,
969DA8B3,
BFCCDAE3,
E0DBCBB7,
ADACA79E,
A298908F,
9290857A,
787C7B78,
78756450,
4644413F,
3E3F4142,
5B575044,
39333437,
332C2C35,
3A353336,
445D4A30,
34325096,
96B8B595,
7F654B47,
545F4D3B,
413D2E2E,
3132322E,
2B2C3136,
3F383739,
302A3F5E,
6170818A,
89858485,
888C9298,
9D9FA09F,
9C9C9C9C,
9C9C9C9C,
9A9A9998,
98979696,
95959697,
999A9B9B,
979CA09D,
9694989D,
95959696,
97989899,
97969695,
94949393,
91929393,
92908F8D,
8A8B8B8B,
8B898786,
85868889,
8A898988,
898A8D92,
99A1A9AD,
B1B2B3B4,
B6B8B9BA,
BBBAB9B8,
B9BABBBC,
67676768,
68686969,
67666563,
605C5856,
58585755,
524F4B49,
474A505A,
67758188,
9194999F,
A4A8ABAC,
B2B2B3B4,
B4B5B6B6,
BAB8B6B7,
B8B7B2AE,
A7A29B94,
8E867C75,
675F5651,
52555656,
5E606366,
696A6A6A,
6F6F6F6F,
6F6F6F6F,
72899A58,
29333244,
637A8C93,
A0ADA187,
8E887F76,
758199AF,
9F7D5037,
3D4A422F,
3635383F,
47556E84,
6D5B4636,
2D334B66,
764D2D29,
2B24242D,
313B5777,
3441525F,
62503A34,
435A696D,
7D726B75,
7A965260,
635E7B6F,
5135182C,
322C2C31,
3029272C,
2B272B35,
352D2D34,
35363634,
302D2A29,
1F24211B,
274D7893,
82665E82,
B0BFAF9C,
A6ACB1B4,
B7BEC5C8,
CCCAC5B4,
8E67585E,
6E767E81,
8081878D,
8E8B8889,
8D90908F,
91909091,
92928F8C,
89908C7E,
74777D7F,
696E7782,
89877E76,
677A7B6F,
7B9AA292,
9CA0A2A0,
9C958C85,
7A7A7B7C,
7E808283,
7F818281,
80838A8F,
969DA7B2,
BDCBDAE4,
E0DECFB7,
A7A39F98,
9A958F8D,
8D887E76,
6E71706C,
6C685743,
3D3E4145,
494D5051,
5C585044,
39333538,
342A2830,
35333337,
4A5E4931,
36324F96,
95BABA9B,
866D4E43,
5260513B,
3C372E34,
35353430,
2D2E3439,
3F333138,
342E415E,
6B78888E,
8B868485,
888D939A,
9EA09F9E,
9C9C9C9C,
9C9C9C9C,
9A9A9998,
98979696,
97979898,
98989999,
98979694,
94969A9D,
94959596,
97979898,
96969595,
94939392,
91919292,
92908E8D,
8C8B8987,
87878788,
88888787,
888A8C8D,
95979BA0,
A6ABB0B2,
B7B7B8B9,
BABBBCBC,
BFBDBCBA,
BABBBCBC,
65666668,
696A6B6B,
67676663,
605C5856,
58585755,
524E4B49,
474A505A,
67758188,
9194999F,
A4A8ABAC,
B2B2B3B4,
B4B5B6B6,
BBB8B6B7,
B9B7B3AE,
A8A29B95,
8F877D75,
675F5651,
52555656,
5F616467,
696A6A6A,
6E6E6E6E,
6E6E6E6E,
6B809865,
3E45445B,
85929186,
8B9B9682,
86878989,
837C7C82,
59514239,
3F474031,
2E2D302F,
27305E8F,
8E795D46,
3A456A8E,
8047212A,
362C2834,
30354E71,
3646545D,
6F56372A,
3A576A6F,
6D676C73,
728F4F6A,
6785A164,
2C261E32,
332E2F36,
342A2629,
312C2F37,
3427242D,
32343432,
2D282626,
20251F1A,
35688B92,
755F6594,
B8B6A49C,
A7AFB4B4,
B6BDC6CA,
CACCC5A4,
6C454F6F,
6E757C7D,
7C808B95,
928F8C8D,
91939391,
90908F8E,
8D8F9194,
9198907C,
78838274,
71747A83,
8A8A857F,
7185897F,
8CA6A287,
979A9994,
908E8A84,
77787A7D,
7F828485,
7F818281,
80838A8F,
979DA7B1,
BCCAD9E4,
DFDFD2B8,
A59F9D98,
92908D8B,
87817872,
757A7A78,
7A796956,
494C4F53,
56585858,
5A564E43,
3935373B,
342A262D,
32313339,
4B5C462F,
342F4C94,
96BDBE9F,
8B725142,
53625239,
36322E3A,
37373531,
2E30363C,
3A2C2C3A,
3C394B68,
727F8D92,
8E888687,
898D949B,
9FA09F9E,
9C9C9C9C,
9C9C9C9C,
9A9A9998,
98979696,
99999998,
98979797,
99948F8E,
93989C9C,
94949596,
96979898,
96969594,
94939292,
90919292,
91908E8C,
8D8B8885,
84858889,
8B898786,
878A8E91,
A0A2A6AB,
AFB2B3B3,
BABBBBBC,
BDBDBEBE,
C2C0BEBD,
BCBCBDBE,
67676766,
66666565,
6463615F,
5D5B5958,
55555655,
53504D4C,
47484D55,
616F7C83,
8D90969D,
A3A7AAAC,
B2B2B3B4,
B4B5B6B6,
B8B9B9B8,
B7B5B2B1,
AAA49D97,
91887E77,
665E534D,
4E525556,
5A5C5E60,
6466686A,
70707070,
70707070,
6A7C877D,
6E6C747D,
94867770,
788898A1,
8D816850,
4950534E,
595C5342,
3B3E372A,
272A2527,
2A213870,
8F94815E,
536A8083,
665E5751,
3F2D3243,
26315766,
46354653,
6E65482F,
395C6A61,
4E82816A,
7F85726F,
8E93612D,
2821254A,
302D2C2E,
32353331,
2A2D3135,
35332F2C,
33333230,
2C282422,
1B221E26,
58949D80,
695F74A4,
B7A69FAC,
B0B3AFAF,
C1D4CDB7,
CFC0935D,
4A5A6763,
71777E83,
84878B8F,
90909091,
92939394,
94949392,
91908F8F,
92908D89,
86858484,
7F808182,
84858687,
7F858E93,
95969A9C,
A1989091,
979A958D,
7F7E7E7F,
81848788,
84838180,
80818384,
939AA5AF,
BAC6D3DC,
DEDED3BF,
B2ADA59B,
9996918A,
85807E7D,
85838283,
827D746D,
4F5E5E4F,
51626457,
5A585248,
3D363537,
2B25262E,
312E323A,
4D4D5232,
2B3B529B,
97ABBFAD,
897C6536,
4A6E4138,
3A2B3F2C,
2A2C2D2A,
282D3943,
3D322C2E,
2F344C68,
7E838889,
86828283,
8A929CA1,
A09E9C9D,
9C9C9B9A,
9A999898,
98989898,
98989898,
98989898,
98989898,
96969696,
96969696,
98989898,
98989898,
96969594,
94939292,
95949391,
8F8D8C8B,
8A888684,
85888B8E,
85848283,
89929CA2,
AAACB0B4,
B7B8B9B9,
C0C0BFBE,
BEBDBCBC,
BEBEBEBE,
BEBEBEBE,
67676666,
65656464,
6362615F,
5C5A5958,
55555554,
524F4C4B,
44464B54,
61707D85,
8D90969D,
A3A7AAAC,
B2B2B3B4,
B4B5B6B6,
B8B9B9B8,
B7B5B2B1,
AAA49D97,
91887E77,
665E534D,
4E525556,
5A5C5E60,
6466686A,
6F6F6F6F,
6F6F6F6F,
68778B95,
918A8D95,
898E959B,
9FA0A0A0,
725F524E,
443A4154,
5E5F5340,
36363025,
2A332D29,
2D263155,
748D9581,
737E8A8B,
7572726C,
563A2F35,
26264459,
493E4645,
6475623A,
3C657058,
5A727C7F,
8986828B,
8B7E532D,
2727262E,
2F2C2B2D,
3133322F,
2A2D3134,
35332F2D,
3231302E,
2B272421,
201F213A,
719E9674,
677291AF,
B1A0A0B1,
B2AFAFB6,
BFC6CCCF,
BF9B7058,
545A656E,
72787F83,
85878B8F,
93939393,
94949494,
96959594,
93929191,
9694918E,
8C8B8B8B,
8787888A,
8B8D8E8E,
8B91989C,
9D9DA0A3,
A19A9495,
9B9C948C,
7F7F8081,
82848788,
84838180,
80818384,
939AA4AF,
B9C6D3DC,
DDDED4C1,
B5B1A99F,
9E9B9690,
8A868482,
88858281,
817D7670,
56636255,
5666685C,
5D5B554A,
3F383739,
2B26262E,
312F333B,
484A5032,
2A394E95,
99ACBEAC,
887D6638,
41653E35,
392D3D2E,
2E30302E,
2D323C45,
3A302B2D,
2E364E69,
80858989,
85828283,
8B939CA0,
A09D9C9D,
9C9C9B9A,
9A999898,
98989898,
98989898,
98989898,
98989898,
96969696,
96969696,
98989898,
98989898,
96959594,
93939292,
93929290,
8F8E8D8D,
8C8B8988,
87888A8B,
8585868A,
919AA2A7,
AEB0B3B6,
B9BBBBBB,
C0C0BFBE,
BEBDBCBC,
BEBEBEBE,
BEBEBEBE,
67666665,
64636362,
6261605D,
5B595757,
55555453,
514E4B49,
3F424852,
61717F87,
8D90969D,
A3A7AAAC,
B2B2B3B4,
B4B5B6B6,
B8B9B9B8,
B7B5B2B1,
AAA49D97,
91887E77,
665E534D,
4E525556,
5A5C5E60,
6466686A,
6D6D6D6D,
6D6D6D6D,
60667F9C,
A397939B,
9DA4ACAC,
A1908077,
5D46424E,
442E3A5D,
615E503B,
2E2C2822,
2F413728,
2F312D36,
43709595,
88868988,
7C7A776E,
573B2E2F,
281F354E,
4D4B4837,
56807E4E,
44666843,
534D667F,
7A788997,
7E685543,
3841422B,
2E2B292B,
2F312F2C,
2A2D3033,
3433302F,
302F2F2D,
2A262321,
231D2B5B,
90A38967,
668CB3BB,
A99DA5B5,
B5AFB2BD,
C2C2CAD6,
9B6D4D53,
5E5E6779,
74798084,
85878B8F,
98979797,
96969696,
98979796,
96959594,
95949290,
8F8F9090,
8C8C8D8F,
90929393,
969BA0A2,
A2A2A4A7,
A09C9A9D,
A09D948A,
80818283,
84868787,
84838180,
80818384,
9299A4AE,
B9C5D2DC,
DDDED5C4,
B9B7B0A7,
A4A19C96,
918D8B8A,
8E898380,
7F7D7976,
606B6A5E,
5F6B6D63,
615F584D,
423A393B,
2D272830,
3330343C,
42464F32,
2B37488D,
9CACBCAA,
887E693A,
395B3F33,
37303930,
32333332,
31363E45,
352F2B2B,
2D38526B,
84878A89,
84818183,
8D949CA0,
9F9C9C9D,
9C9C9B9A,
9A999898,
98989898,
98989898,
98989898,
98989898,
96969696,
96969696,
97979797,
97979797,
95959494,
93929291,
9090908F,
8F8F8F8E,
8D8D8C8A,
89878686,
85888E95,
9EA6ACB0,
B3B5B8BB,
BDBEBEBE,
C0C0BFBE,
BEBDBCBC,
BEBEBEBE,
BEBEBEBE,
66666563,
62616060,
61605E5C,
5A585655,
54545352,
4F4B4846,
3B3E4550,
60718088,
8D90969D,
A3A7AAAC,
B2B2B3B4,
B4B5B6B6,
B8B9B9B8,
B7B5B2B1,
AAA49D97,
91887E77,
665E534D,
4E525556,
5A5C5E60,
6466686A,
6C6C6C6C,
6C6C6C6C,
665F6E8E,
9B92909B,
BAAF9F91,
8577675C,
54454046,
46414D62,
5B564937,
29252526,
384D3D24,
313F352B,
2F59828B,
847F7D79,
746C5F4E,
3B2F2E33,
2C22344B,
4D4F4932,
47718268,
585F563A,
4D405C6F,
5D6A8986,
554F615D,
414D5939,
2E2B292A,
2D2F2D2A,
2B2C2F32,
33333231,
2E2E2E2C,
2A262321,
2022437C,
A1967762,
6B9CC2BC,
A7A4AEB4,
B8BABBC2,
CED2C2AE,
69534955,
63676D78,
767B8185,
86878B8E,
9B9B9A9A,
99999898,
9B9A9A9A,
9A9A9999,
9392908F,
8F8F9191,
8E8F9091,
93949596,
9DA1A4A4,
A2A1A3A6,
A09FA0A3,
A49E9289,
82838486,
87878787,
84838180,
80818384,
9199A3AE,
B8C4D2DB,
DDDED6C7,
BEBCB7AF,
A7A4A09A,
9692908F,
938C847F,
7E7E7D7B,
6C737168,
6870726B,
65625C50,
443D3B3D,
2E282931,
3432353D,
3F455135,
2D374688,
9EACBAA8,
89816B3B,
3A564733,
35333333,
33333231,
33373D41,
302E2B29,
2E3D586E,
86898B88,
84818284,
8F959C9F,
9D9B9C9D,
9C9C9B9A,
9A999898,
98989898,
98989898,
98989898,
98989898,
96969696,
96969696,
96969696,
96969696,
94949393,
92919190,
8D8E8E8E,
8F8F8F8F,
8B8B8A89,
87858281,
898F98A2,
ABB2B7B9,
BABBBEC0,
C1C1C1C0,
C0C0BFBE,
BEBDBCBC,
BEBEBEBE,
BEBEBEBE,
66656462,
605F5D5D,
5F5E5C5A,
58565453,
54535350,
4D494643,
383C434E,
5E707F88,
8D90969D,
A3A7AAAC,
B2B2B3B4,
B4B5B6B6,
B8B9B9B8,
B7B5B2B1,
AAA49D97,
91887E77,
665E534D,
4E525556,
5A5C5E60,
6466686A,
6C6C6C6C,
6C6C6C6C,
76696B80,
90929AA8,
AE998178,
7C7D7469,
43443B34,
4460675C,
4E484034,
29242931,
42553E22,
364E473B,
4E617274,
6E696764,
6861503C,
2D292B2D,
29253847,
44494732,
394F6B7B,
76665954,
65616E62,
4A678267,
2E42685F,
30364B36,
2F2C292A,
2D2E2C29,
2B2C2E30,
32333333,
2E2E2E2D,
2B282523,
20336293,
9A7D6868,
7AA1BCB5,
ABB2B7B2,
BCC7C6C5,
D7DDAC6A,
40525D5D,
6372766F,
777D8386,
86878B8E,
9C9C9B9B,
9B9B9B9B,
9D9E9E9E,
9E9E9F9F,
99989695,
95959697,
96969799,
9A9C9D9D,
A5A7A9A7,
A4A3A6A9,
A0A2A5A7,
A59C9088,
83858789,
89898786,
84838180,
80818384,
9198A2AD,
B7C4D1DA,
DDDFD8C9,
C1C0BCB3,
A7A5A09B,
97949292,
978F8680,
7F80807F,
76797770,
6F737470,
67655E52,
463E3C3D,
302A2B33,
3633373F,
40465338,
30384587,
9EABB9A9,
8C856D3A,
42575233,
31362D36,
312F2E2E,
3135383A,
2C2E2C29,
2F446074,
87898A88,
84828487,
92979C9E,
9C9A9B9D,
9C9C9B9A,
9A999898,
98989898,
98989898,
98989898,
98989898,
96969696,
96969696,
96969696,
96969696,
94939392,
91919090,
8D8D8D8D,
8E8E8E8F,
88878684,
83838282,
9298A2AC,
B5BBBEBF,
C0C1C2C3,
C4C3C2C1,
C0C0BFBE,
BEBDBCBC,
BEBEBEBE,
BEBEBEBE,
65646361,
5F5D5B5A,
5D5D5B59,
57545352,
5353524F,
4B474341,
373B414D,
5D6E7D86,
8D90969D,
A3A7AAAC,
B2B2B3B4,
B4B5B6B6,
B8B9B9B8,
B7B5B2B1,
AAA49D97,
91887E77,
665E534D,
4E525556,
5A5C5E60,
6466686A,
6D6D6D6D,
6D6D6D6D,
726E6B70,
7E8E9DA5,
8B7D7071,
79786A5A,
333F3B31,
486E6D4E,
403C3935,
2C262D3A,
4B58412B,
425C5C57,
6F6D6556,
4943464A,
67645642,
332E2820,
27273942,
3C464B38,
32324C76,
877A757F,
7B7D704E,
415F6A4C,
3F5E7352,
2323332E,
312E2B2C,
2E2F2C29,
2B2B2D2F,
31333536,
2F2F2F2F,
2D2B2827,
2B4E8099,
87666376,
8FA4B1AF,
B1BCBCB3,
C1CCCDC9,
CFC2833D,
36586C65,
6676796B,
797E8487,
87888B8E,
99999A9B,
9C9D9D9E,
A0A1A1A2,
A2A3A3A4,
A6A4A2A0,
9F9FA0A1,
A1A2A3A4,
A6A7A8A9,
ACAEAEAC,
A9A8ACAF,
A1A4A7A7,
A2988E87,
85878A8C,
8C8A8785,
84838180,
80818384,
9097A1AC,
B6C3D0D9,
DDDFD8CA,
C2C1BDB5,
A8A5A19D,
99969594,
98918883,
82838281,
7D7C7975,
73737372,
69665F52,
463D3B3C,
312C2C34,
37353841,
41475337,
2E364486,
9CA9B9AC,
92896D37,
4654582F,
2B38283C,
2F2C2A2C,
30343433,
2A302F2A,
324C697A,
86888987,
8484888C,
94989C9D,
9A999B9D,
9C9C9B9A,
9A999898,
98989898,
98989898,
98989898,
98989898,
96969696,
96969696,
95959595,
95959595,
93929291,
90908F8F,
8E8D8D8D,
8D8C8C8C,
86848280,
8285888B,
9FA3ABB4,
BBBFC2C3,
C3C4C5C6,
C5C4C2C1,
C0C0BFBE,
BEBDBCBC,
BEBEBEBE,
BEBEBEBE,
65646260,
5D5B5958,
5C5B5A58,
55535251,
5352514E,
4A45413F,
383B414C,
5B6C7A83,
8D90969D,
A3A7AAAC,
B2B2B3B4,
B4B5B6B6,
B8B9B9B8,
B7B5B2B1,
AAA49D97,
91887E77,
665E534D,
4E525556,
5A5C5E60,
6466686A,
6F6F6F6F,
6F6F6F6F,
6573756A,
6F838C85,
71727373,
6C5E4D42,
434E5355,
606A5B42,
37343638,
30272F3F,
515A473C,
5467696F,
756F6049,
322C3B4C,
6B665339,
2C2C2A21,
2E2B3941,
42555E48,
392F3656,
78898F92,
7974523A,
48585552,
7A8E733B,
25292C2E,
34302E2E,
30302D2A,
2B2B2C2E,
30333637,
30313131,
302E2B2A,
426B9394,
735C6882,
A6A9ADB0,
B7BCBDBA,
C6C5CDD1,
B680523D,
4957646A,
6F747573,
7B808588,
87888B8E,
95969799,
9C9E9FA0,
A2A3A3A4,
A5A6A7A7,
AEACAAA7,
A5A4A4A4,
A6A7A8A9,
ABACADAE,
ABADADAA,
A7A7ACB0,
A2A5A7A4,
9D948C87,
86888C8E,
8E8B8785,
84838180,
80818384,
8F96A1AB,
B6C2CFD9,
DEE0D9CA,
C2C1BCB4,
AAA8A4A0,
9C9A9898,
98928B87,
86858380,
807C7977,
74717172,
69665E52,
453C3A3B,
332D2E35,
38363A42,
41454F32,
29324184,
99A7B9AF,
978D6D34,
444C5627,
24392744,
2F2B292B,
3134332F,
2932322C,
35537180,
84868786,
84868B90,
96999C9C,
99989A9D,
9C9C9B9A,
9A999898,
98989898,
98989898,
98989898,
98989898,
96969696,
96969696,
94949494,
94949494,
92929191,
908F8F8E,
8F8F8E8D,
8C8A8A89,
8784807F,
838B9399,
ABAEB2B7,
BCC0C2C3,
C5C6C6C6,
C5C3C1BF,
C0C0BFBE,
BEBDBCBC,
BEBEBEBE,
BEBEBEBE,
6564625F,
5D5A5857,
5C5B5957,
55535150,
5352504E,
4945403E,
393B414C,
5A6A7981,
8D90969D,
A3A7AAAC,
B2B2B3B4,
B4B5B6B6,
B8B9B9B8,
B7B5B2B1,
AAA49D97,
91887E77,
665E534D,
4E525556,
5A5C5E60,
6466686A,
70707070,
70707070,
65828974,
6F807E68,
636F7975,
64544D4D,
63677482,
7C62483B,
3432363B,
33272E40,
545B4D4A,
626D6E7B,
71716952,
37324B68,
6E624320,
16232E2D,
39323A44,
4E6A7258,
453A2D36,
5E8B978C,
71613633,
5B5E5671,
A4A86520,
26342A2D,
36322F2F,
31312E2B,
2B2B2C2D,
30333638,
32323333,
312F2D2C,
567E9B8C,
685B6F89,
B4AFAFB5,
B9B9BBC0,
C9BCCBD8,
A0472F51,
6151546C,
7770707D,
7B808688,
87888A8D,
92939598,
9B9EA0A2,
A4A4A5A6,
A7A8A9A9,
AFADAAA6,
A4A2A2A1,
A5A5A6A8,
A9ABACAC,
A5A7A6A4,
A1A2A7AC,
A3A5A6A2,
9A918B87,
86898D8F,
8F8C8784,
84838180,
80818384,
8F96A1AB,
B6C2CFD8,
DFE0D9CA,
C1C0BBB3,
ACAAA6A2,
9F9D9C9B,
98928C89,
89878380,
817C7877,
746F6F71,
69665E51,
443B393A,
332D2E36,
39373A42,
40434C2D,
242E3E82,
97A6BAB2,
9A906D32,
3F455320,
1E39274A,
312C2A2C,
3336332F,
2934342D,
37577583,
83858685,
85878E93,
979A9C9B,
99989A9D,
9C9C9B9A,
9A999898,
98989898,
98989898,
98989898,
98989898,
96969696,
96969696,
94949494,
94949494,
92929190,
908F8E8E,
91908F8D,
8B898887,
89858180,
85909CA4,
B2B4B6B9,
BCBFC2C3,
C6C7C7C6,
C5C3C0BF,
C0C0BFBE,
BEBDBCBC,
BEBEBEBE,
BEBEBEBE,
605C5959,
5C5E5D5B,
5B585453,
5554514D,
51504F4C,
48433E3C,
3E40454E,
5C6B7880,
8D90969D,
A3A7AAAC,
B0B0B1B2,
B2B3B4B4,
B6B7B7B6,
B5B3B0AF,
A8A39E98,
92897E75,
6A615650,
50535656,
5D5D5E5F,
6265696B,
696C6F72,
74757474,
746F7380,
7F6F6668,
79878A79,
696B7780,
8B8E908B,
7A5F422F,
3E313039,
33283652,
6F5F5054,
6B7C7666,
78665A47,
3752767A,
794C2725,
29242530,
30343F52,
6672726E,
534B4545,
43445060,
836C4F40,
4A688BA1,
A5673635,
392D2C3C,
3335393B,
39342D29,
2B2C2C2D,
2F303031,
342F2D2E,
2E2E2F31,
719E9878,
726C7AA8,
B3A7A9BB,
C2BABAC4,
C1D4CC96,
56383F4E,
565D676D,
7174787B,
7C7E8082,
86888A8C,
94959799,
9B9D9FA0,
A3A5A6A7,
A8A7A6A5,
A9ADAFAE,
A9A6A6A7,
A7A7A7A7,
A8A8A8A9,
A7A8AAAB,
ABABAAA9,
ACA7A09B,
98948D88,
8A8C8D8E,
8C898583,
84848382,
82818080,
868E9BA8,
B4C1CED7,
E0DDD8D0,
C7BDB5B0,
B3B1ADA7,
A19B9795,
9593908C,
89878686,
7E7E7F7E,
7D7A7876,
6B696357,
483C3634,
37282839,
4239373E,
3C54422A,
2C243A7B,
A3A2AFB2,
A395733E,
36504F2F,
2033403A,
2C2B2B2F,
34363431,
312A2833,
4A64777F,
8C898582,
848A9195,
A0A09F9E,
9E9D9C9C,
9C9C9B9A,
9A999898,
98989898,
98989898,
96969696,
96969696,
96969696,
96969696,
96969594,
94939292,
8F8F8F8E,
8E8D8D8D,
88898B8C,
8C8B8989,
82818186,
909EACB5,
B7B9BCBE,
C0C1C1C1,
C6C6C5C4,
C4C3C2C2,
BCBCBCBC,
BCBCBCBC,
BCBCBDBD,
BEBFBFC0,
5B585657,
5A5B5956,
5A575353,
5454514D,
50504E4B,
47433F3C,
3D3F454E,
5C6B7981,
8D90969D,
A3A7AAAC,
B0B0B1B2,
B2B3B4B4,
B6B7B7B6,
B5B3B0AF,
A8A39E98,
92897E75,
6A615650,
50535556,
5C5C5E60,
62646667,
6868696B,
6D6F7172,
6E6B707A,
796F6D74,
8FA2ACA2,
94919698,
A8A09079,
604B3E37,
3F373A42,
3A2D3852,
745F4D52,
6A7D7A6D,
685E605A,
50657B74,
623E2425,
29232632,
282A3242,
5669767C,
5F585452,
4C4A5666,
7776777E,
89939799,
76564147,
4B413E44,
37322C2B,
2F333432,
2C2C2D2E,
2E2F3030,
312B2C32,
2F2B3648,
909D8967,
5F7093BB,
ADA9B1C0,
C4BDC0CC,
C8CCAB68,
3A384547,
575E686E,
7174787B,
7C7E8082,
86888A8C,
94959799,
9B9D9F9F,
A3A4A6A7,
A8A7A6A6,
A8ACB0B0,
ADABACAE,
AAAAAAAA,
A9A9A9A9,
A9AAACAD,
ADACABAA,
A8A39E9B,
9A97918D,
8C8D8F8F,
8E8A8784,
84848382,
82818080,
868E9AA7,
B3C0CED7,
DFDDD8D1,
C8BEB5B1,
B2B0ACA7,
A19C9896,
9593908C,
89878686,
7E7F7F7F,
7D7B7877,
7270695C,
4D413C3A,
3628293A,
4239373F,
3D54422A,
2C243979,
A1A3B1B3,
A397743E,
324A4A2B,
1F313E38,
2C2B2C30,
35363330,
302B2A37,
4F697B83,
8C898583,
858A9196,
A0A09F9E,
9E9D9C9C,
9C9C9B9A,
9A999898,
98989898,
98989898,
96969696,
96969696,
96969696,
96969696,
96959594,
93939292,
8F8F8F8E,
8E8D8D8D,
8A8A8B8B,
8B8A8887,
8182858C,
96A3AFB6,
B9BBBEC0,
C2C2C2C2,
C6C6C5C4,
C4C3C2C2,
BCBCBCBC,
BCBCBCBC,
BDBDBDBE,
BFC0C0C0,
5958585B,
5F5E5954,
59565252,
5454514D,
4F4E4D4B,
47433F3C,
3C3F444E,
5C6C7981,
8D90969D,
A3A7AAAC,
B0B0B1B2,
B2B3B4B4,
B6B7B7B6,
B5B3B0AF,
A8A39E98,
92897E75,
6960554F,
4F525555,
595B5E60,
62636363,
6E6D6C6B,
6B6D6F70,
8282878D,
8A878E9A,
93A6B1A9,
9D979490,
807A6B56,
433A3D43,
3F3E444A,
40343F57,
755D4950,
6A7B786E,
5656666F,
6A757861,
432E2328,
29222532,
35343233,
3B4B5E6C,
6F6B6B6C,
6457545A,
4C60809E,
ACA48F7D,
434E5C63,
62594F49,
4C3B2822,
29333837,
2C2D2D2E,
2E2F2F30,
30272A34,
2E28446E,
A6907A62,
5A7FAFBE,
ABB0BBC1,
BFBBC2CF,
D0B67836,
243D4D46,
59606970,
7275787C,
7C7E8082,
86888A8C,
93949698,
9A9C9E9F,
A2A3A5A7,
A8A8A7A7,
A7ACB0B2,
B0AFB1B4,
B0AFAEAD,
ACABAAA9,
ACADAFAF,
AFAEADAC,
A4A09C9B,
9B9A9591,
8E909192,
908D8987,
84848382,
82818080,
858D99A5,
B1BFCDD6,
DEDDD9D2,
C9BFB6B1,
B1AFABA7,
A19D9997,
9593908C,
89878686,
7F7F807F,
7E7B7977,
75726B5D,
4E423D3C,
36292B3B,
41383741,
3E55412A,
2D243775,
9EA4B4B3,
A2997841,
2F444328,
1E2F3C38,
2C2B2C31,
3536322E,
2F2C2E3D,
57718188,
8B888583,
858B9397,
A0A09F9E,
9E9D9C9C,
9C9C9B9A,
9A999898,
98989898,
98989898,
96969696,
96969696,
95959595,
95959595,
95959494,
93929291,
90908F8E,
8E8D8C8C,
8C8C8B8A,
89888786,
81848C95,
A0ABB3B7,
BDBEC0C3,
C4C4C4C4,
C6C6C5C4,
C4C3C2C2,
BDBDBDBD,
BDBDBDBD,
BEBEBFBF,
C0C1C1C2,
5C5C5E62,
66645D58,
57545151,
5354514E,
4D4D4C4A,
46423F3D,
3B3E444E,
5C6C7A83,
8D90969D,
A3A7AAAC,
B0B0B1B2,
B2B3B4B4,
B6B7B7B6,
B5B3B0AF,
A8A39E98,
92897E75,
6960554E,
4E515455,
575A5D61,
63636362,
65697078,
7F848889,
9B9EA19F,
9B9CA8B4,
9DA39C86,
71665D55,
464B4D47,
3C36393F,
3F3F4448,
403B4A62,
6E574854,
6A736C63,
575A6F7B,
73736848,
2F28282E,
2B232630,
3837322B,
29344757,
625F6678,
7F756862,
4C5B7286,
897A5F4B,
2E587C7F,
736A5C4C,
644C3126,
2C353733,
2D2E2E2E,
2E2E2E2F,
33252630,
2A2B5995,
9F7A716E,
6A95BCAE,
AFBAC2BE,
B8BBC6CE,
C68A4423,
2D434E4E,
5C636B71,
7476797C,
7C7E8082,
86888A8C,
93949597,
9A9C9D9E,
A1A3A5A7,
A8A9A8A8,
A9ADB1B2,
AFAEB0B2,
B4B4B2B0,
AFADABAB,
B0B0B1B2,
B1B0AEAD,
A6A29D9C,
9C9A9691,
90929394,
928F8B89,
84848382,
82818080,
858C97A2,
AEBDCCD6,
DDDCDAD4,
CCC1B8B2,
AFADAAA6,
A29E9B99,
9593908C,
89878686,
80808080,
7E7C7A78,
74716859,
493E3A39,
352A2D3D,
41383843,
3F55412A,
2E24346F,
9BA5B6B2,
A19C7E47,
30403E28,
21303C39,
2C2C2E32,
3636312C,
2E2D3346,
6179888D,
8B888584,
868D9499,
A0A09F9E,
9E9D9C9C,
9C9C9B9A,
9A999898,
98989898,
98989898,
96969696,
96969696,
94949494,
94949494,
94949393,
92919190,
9191908F,
8D8C8B8B,
8D8C8A88,
87868686,
848A95A1,
ABB3B8B9,
C0C1C3C5,
C6C6C5C5,
C6C6C5C4,
C4C3C2C2,
BEBEBEBE,
BEBEBEBE,
BFC0C0C1,
C2C2C3C3,
5B5B5D62,
65635D57,
55525050,
5354514E,
4B4B4A49,
46423F3D,
3A3D434E,
5C6D7B84,
8D90969D,
A3A7AAAC,
B0B0B1B2,
B2B3B4B4,
B6B7B7B6,
B5B3B0AF,
A8A39E98,
92897E75,
685F544D,
4D515354,
57595C60,
63656667,
5D677789,
97A0A4A4,
999C9C95,
90939BA1,
A49A7E5A,
413A3630,
4C4F514B,
40373435,
3E3D3D3F,
3E435569,
5F4F4C5E,
6D695E59,
6E6E7E7F,
6D655737,
2C2C3134,
2F27272D,
24272928,
29324350,
4C424661,
7D888886,
82776858,
4A3D3128,
2F638D8E,
7F766958,
624D352B,
3137342D,
2F2E2E2E,
2E2E2E2D,
3728242A,
2B3970AD,
906E6B74,
79A3BFA6,
B4C0C3BB,
BDCBD2CE,
9C521D28,
41434656,
5E656E73,
75777A7D,
7C7E8082,
86888A8C,
92939496,
999B9C9D,
A0A2A4A7,
A9A9A9A9,
ABAFB2B1,
ADAAAAAB,
B6B5B4B2,
B0AEADAC,
B2B2B3B3,
B2B0AEAD,
AAA5A09D,
9C99938F,
91939495,
93908C8A,
84848382,
82818080,
858B959F,
ABBACBD6,
DBDBDAD6,
CEC3B9B2,
ACABA9A6,
A29F9D9C,
9593908C,
89878686,
81818181,
7F7D7A79,
77726858,
483D3939,
342B303F,
41363845,
41554029,
2F243169,
97A5B7AE,
9D9F8852,
353F3B2A,
25313B3B,
2B2C2F34,
37362F29,
2D2F384D,
697F8B8E,
8B888584,
888E969B,
A0A09F9E,
9E9D9C9C,
9C9C9B9A,
9A999898,
98989898,
98989898,
96969696,
96969696,
94949494,
94949494,
94939392,
91919090,
9292908F,
8D8C8A8A,
8C8B8886,
85858787,
8B929EAB,
B5BABCBC,
C2C3C5C6,
C7C6C5C4,
C6C6C5C4,
C4C3C2C2,
BEBEBEBE,
BEBEBEBE,
C1C1C2C2,
C3C4C4C5,
57565659,
5C5C5752,
53504E4F,
5253514E,
49494948,
45423F3D,
393C434E,
5D6D7C85,
8D90969D,
A3A7AAAC,
B0B0B1B2,
B2B3B4B4,
B6B7B7B6,
B5B3B0AF,
A8A39E98,
92897E75,
675E534D,
4D505253,
59595B5E,
63686D70,
7B818B93,
9695918D,
8C8F8C83,
8185837D,
74684E35,
303C4748,
5B54493F,
39383A3C,
3F3B383A,
424D5A63,
534C566C,
73675F62,
85838A7D,
5D524A31,
32343535,
312C2B2D,
292B2C2C,
2C2F3439,
58473E48,
59687783,
8A704B2C,
1F212A32,
3A648A90,
877F7568,
4F40312C,
3035322D,
302F2F2E,
2E2D2D2C,
352B2529,
365382AB,
8672696F,
82A8BDB2,
B6C2C3BD,
CBDED5B9,
5F2A112F,
463F4157,
61687075,
76787A7D,
7C7E8082,
86888A8C,
91929496,
989A9C9D,
9FA1A4A7,
A9AAAAAA,
ADB0B3B1,
ACA8A8A9,
B4B4B3B2,
B1B0AFAE,
B2B2B3B2,
B1AFACAB,
ACA7A19E,
9C99948F,
91929494,
938F8C89,
84848382,
82818080,
848A939D,
A9B8CAD5,
DADBDBD8,
D0C5BAB3,
AAA9A8A5,
A3A09F9E,
9593908C,
89878686,
81828282,
807E7B7A,
7C776B5A,
4A3F3C3D,
342D3241,
41363847,
43553F29,
30252E64,
94A5B5A8,
98A29360,
393E392B,
26303839,
2B2C3035,
38362E27,
2D303C53,
6F838C8C,
8A888585,
8890989D,
A0A09F9E,
9E9D9C9C,
9C9C9B9A,
9A999898,
98989898,
98989898,
96969696,
96969696,
93939393,
93939393,
93929291,
90908F8F,
9393918F,
8D8B8989,
8A888583,
8386898B,
959CA8B3,
BBBFC0BF,
C2C3C5C6,
C6C5C4C3,
C6C6C5C4,
C4C3C2C2,
BFBFBFBF,
BFBFBFBF,
C2C3C3C4,
C5C5C6C6,
57545254,
57585552,
524F4D4F,
5253514E,
48484847,
45423F3D,
383B424D,
5D6E7D86,
8D90969D,
A3A7AAAC,
B0B0B1B2,
B2B3B4B4,
B6B7B7B6,
B5B3B0AF,
A8A39E98,
92897E75,
665E524C,
4C4F5252,
5B5A595C,
626B747A,
908E8B86,
807A7572,
8386827C,
7F827765,
4E47382F,
384E5B5B,
56493933,
373E403F,
433E3B40,
4E595852,
4F4F6179,
7A6C6F80,
86848871,
493D3D2D,
37373330,
3032312E,
3935302E,
2E2D2A27,
5452524C,
3F384559,
6751321C,
1722313C,
4963808E,
8B807369,
483F342E,
2E30302F,
30302F2E,
2E2D2C2C,
2B2D2B2F,
48708D97,
747B7274,
94AEB5BB,
BAC4C1BE,
D2DFB87D,
2D25242F,
3A414D59,
63697176,
77787B7E,
7C7E8082,
86888A8C,
91919395,
97999B9C,
9EA0A3A6,
A9AAABAB,
ACB0B3B3,
AFADADAF,
B1B1B1B1,
B0B0B0B0,
B2B2B2B1,
B0ADAAA9,
A8A49F9E,
9E9C9894,
8F919293,
918E8A88,
84848382,
82818080,
8489919A,
A7B7C9D5,
D9DADBD9,
D2C6BBB4,
A9A8A7A5,
A3A1A09F,
9593908C,
89878686,
82828382,
817E7C7A,
7C766958,
473C3A3B,
332D3442,
41353949,
44553E29,
30252C60,
92A5B3A2,
93A59D6D,
3B3B3429,
252B3233,
2B2D3136,
39362D26,
2D324057,
72848A89,
8A888585,
8991999E,
A0A09F9E,
9E9D9C9C,
9C9C9B9A,
9A999898,
98989898,
98989898,
96969696,
96969696,
92929292,
92929292,
92929191,
908F8F8E,
9493928F,
8D8A8988,
87858281,
83878B8E,
A0A5AFB8,
BFC2C2C1,
C2C3C4C5,
C4C3C2C1,
C6C6C5C4,
C4C3C2C2,
C0C0C0C0,
C0C0C0C0,
C4C4C4C5,
C6C7C7C7,
5C585455,
585A5957,
514F4D4E,
5253514F,
47474746,
45423F3E,
383B424D,
5D6E7D86,
8D90969D,
A3A7AAAC,
B0B0B1B2,
B2B3B4B4,
B6B7B7B6,
B5B3B0AF,
A8A39E98,
92897E75,
665D524C,
4C4F5152,
5C5A595B,
626D7981,
7976726F,
7074797D,
7B7D7976,
7D827056,
635D4F44,
47515046,
5C4E403D,
43433A2E,
46413F48,
59615544,
50536880,
7F737F9B,
7A7B7E65,
372C3228,
3936302B,
2F353530,
322C272A,
32373632,
2A435F5E,
40252B42,
5E4F3929,
23252A2C,
5864798C,
8C7B6960,
51493D32,
2C2B2E30,
3130302F,
2D2C2C2B,
222D3035,
57849284,
5F807D82,
ABB6ABB9,
BFC6C1BD,
D0D29240,
15333D2C,
2C485D5C,
646A7277,
78797B7E,
7C7E8082,
86888A8C,
90919395,
97999B9C,
9EA0A3A6,
A9AAABAB,
ABAFB4B5,
B3B2B4B6,
AFAFAFB0,
B0B0B1B1,
B1B1B1B0,
AEACA9A7,
A4A09D9D,
9F9F9C99,
8E909192,
908D8987,
84848382,
82818080,
84899099,
A5B6C8D5,
D8DADCDA,
D3C7BBB4,
A8A7A6A5,
A3A2A1A0,
9593908C,
89878686,
82838382,
817F7C7B,
77716452,
40363435,
332E3543,
4135394A,
45563E29,
31252B5D,
91A4B19E,
8FA6A375,
3A393126,
22272D2F,
2B2D3137,
39362C25,
2D324159,
73848987,
8A888585,
8A919A9F,
A0A09F9E,
9E9D9C9C,
9C9C9B9A,
9A999898,
98989898,
98989898,
96969696,
96969696,
92929292,
92929292,
92929190,
908F8E8E,
9594928F,
8D8A8887,
85838180,
82878D91,
A6ABB3BA,
C0C3C3C2,
C1C2C3C4,
C3C2C0BF,
C6C6C5C4,
C4C3C2C2,
C0C0C0C0,
C0C0C0C0,
C4C5C5C6,
C7C7C8C8,
54545353,
52515150,
4F505050,
51515151,
4A4A4947,
44403D3B,
383A404A,
596B7B85,
8A8E949C,
A3A9ADAF,
AFB0B2B3,
B4B4B3B2,
B2B3B4B4,
B3B2B0AF,
A4A09A96,
91887D75,
6C62564E,
4E525658,
4F545B60,
64697075,
6C6D6F71,
73757778,
8A817162,
6269665B,
676B604F,
51605E4D,
59433942,
4131303D,
363B506C,
76634634,
4E626D6F,
7F958E76,
57434353,
4B2D2435,
38332F2E,
2F302E2B,
312A2529,
3237322A,
30234553,
564E3345,
61422824,
2725262D,
605D6E8D,
95806A64,
67594431,
2624282C,
312A262A,
32342D25,
2B212447,
7E9F9275,
79667BB2,
C5AFAFCC,
C5B3B7D0,
CE995125,
262F3537,
3C495861,
6A6F7578,
78787B7E,
7B7C7E81,
83868889,
8F919497,
999A9B9A,
999CA2A7,
ACAEAEAE,
B0B1B2B4,
B4B3B2B1,
B7B6B4B1,
B0AFB0B0,
B0B0B0AF,
ADAAA7A5,
A4A3A09E,
9B989695,
97979795,
928F8C8A,
8A888481,
80818384,
8288909A,
A5B4C4D0,
DEDEDEDD,
D7CABAAE,
A8A7A5A3,
A19F9D9C,
94949391,
8E8A8785,
83828281,
7F7E7E7D,
736E6351,
3F37393E,
26323C3A,
32303B46,
5E4E3B2D,
2324374D,
88A0B49F,
82909C84,
4023362B,
1B29262F,
3E322E34,
32292B35,
28374F67,
7B889093,
8B88878A,
939A9E9F,
A1A09F9D,
9B999897,
9C9C9B9A,
9A999898,
98989796,
96959494,
96969696,
96969696,
94949494,
94949494,
90919394,
94939190,
908F8E8D,
8B8A8988,
86848181,
87909AA1,
AFB2B8BD,
C1C2C2C2,
C2C2C2C2,
C2C2C2C2,
C5C4C4C2,
C1C0BFBF,
C0C0C1C1,
C2C3C3C4,
C5C5C6C7,
C8CACACB,
53535352,
51505050,
4E4E4E4F,
4F4F4F4F,
4A4A4947,
44403D3A,
383A3F4A,
596B7B84,
8B8E959C,
A3A9ACAE,
AEAFB1B3,
B4B4B3B2,
B2B3B4B4,
B3B1AFAE,
A4A09A96,
91887D75,
6C62554E,
4E525658,
555A6063,
64676D71,
6C6D6F71,
73757777,
8A857664,
5C5A5144,
625F5751,
565E5A4F,
53454149,
44333342,
45506474,
6D543F38,
3E5F7D86,
817C746A,
42343C55,
53372C37,
34312D2E,
3132312E,
322C272B,
3337322C,
2F284648,
47483240,
5D452F28,
241F2028,
5B5D728F,
94807374,
744C3134,
3426232F,
302A2529,
30312A22,
26213059,
86978975,
74718CB7,
C5B5B6CA,
C4B8C2D4,
B56A3123,
282F3437,
3D495861,
6A6F7578,
78787B7E,
7D7E7F81,
83858787,
8D8F9295,
97999999,
999CA1A6,
AAACADAD,
AFB0B1B3,
B3B3B2B1,
B7B5B3B1,
B0AFAFAF,
B0B0B0AF,
ACA9A6A4,
A3A2A09D,
9A979594,
96969694,
928F8C8A,
89878481,
80818385,
83889099,
A4B3C3CE,
DDDDDEDD,
D8CBBAAE,
A9A8A6A4,
A2A09E9D,
94949391,
8E8B8785,
83838281,
7F7E7D7D,
736D614F,
3F37383C,
28333C3B,
33323C48,
5E4D3A2D,
2424364B,
869EB39F,
8392A18D,
4926352C,
202F2A31,
44393538,
362E2F37,
293A536C,
7E898E91,
8C8A8A8E,
969EA1A1,
A0A09E9D,
9B9A9898,
9C9C9B9A,
9A999898,
98989796,
96959494,
96969696,
96969696,
94949494,
94949494,
90919293,
93929190,
908F8E8D,
8B8A8988,
85827F80,
87929EA5,
B1B5BABF,
C2C4C3C3,
C2C2C2C2,
C2C2C2C2,
C5C4C4C3,
C2C1C0C0,
C1C1C2C2,
C3C4C4C5,
C6C6C7C8,
C9CACACB,
52525151,
504F4F4E,
4C4C4C4C,
4C4C4C4C,
49494846,
43403C3A,
383A3F49,
586A7A84,
8B8F959C,
A3A8ACAD,
AEAFB1B2,
B3B3B2B1,
B1B2B3B3,
B2B1AFAE,
A4A09A96,
91887D75,
6B61554D,
4D525557,
5A5E6264,
6365696D,
6B6C6E70,
72747677,
7D7C715F,
56555148,
514F5663,
675D524F,
5D545050,
4232384B,
5D677473,
5B3F363C,
40628C97,
7D5F5E6F,
3C323D59,
5C423135,
2F2D2C2E,
33363533,
342E2B2E,
3437332E,
2E2F4736,
323F2F39,
5749392D,
20181D29,
575E768E,
8D7E8090,
83462232,
3B261F30,
2D282427,
2C2C251E,
1F254475,
918B7B74,
6E83A4BE,
C4BEBEC5,
BDBECCC8,
8B381928,
2D2F3237,
3E495762,
6A6F7578,
78787B7E,
80818182,
83848585,
8B8D9093,
95969696,
989B9FA3,
A7AAABAB,
ADAEB0B2,
B2B2B2B1,
B5B4B3B2,
B0AFAEAE,
AFAFAFAE,
ACA9A6A4,
A2A19F9C,
99969493,
94949493,
918E8B89,
88868380,
80818385,
83889098,
A3B1C0CB,
DCDCDEDE,
D9CCBAAE,
AAA9A7A5,
A3A19F9E,
95959492,
8F8B8886,
84838281,
7F7E7D7C,
726B5E4D,
3E363739,
2A333B39,
33333D47,
5E4C392C,
24243447,
879DB2A1,
8594A698,
572A312B,
25352E32,
463D3838,
352E2E34,
2B3F5B75,
848A8C8D,
89888A90,
989FA1A0,
A09F9E9D,
9B9A9998,
9C9C9B9A,
9A999898,
98989796,
96959494,
95959595,
95959595,
93939393,
93939393,
90919293,
93929190,
8F8E8D8C,
8A898887,
83807E80,
8896A4AD,
B5B8BDC2,
C4C5C4C4,
C2C2C2C2,
C2C2C2C2,
C4C4C4C3,
C2C2C1C1,
C3C3C3C4,
C5C6C6C6,
C7C7C8C8,
C9CACACA,
5150504F,
4E4E4D4D,
4B4B4B4A,
4A494949,
48484746,
433F3B39,
37393E48,
57697983,
8D90969C,
A3A8ABAC,
ADAEB0B2,
B2B2B1B1,
B1B1B2B2,
B2B0AEAD,
A4A09A96,
91887D75,
6A60544D,
4D515556,
585C6061,
6162666A,
6B6C6D6F,
72747576,
7F7B6A55,
4D545C5C,
4D52677B,
72554A52,
766A5C4E,
3D35445C,
706E6B5E,
4530313E,
52658796,
79535B7E,
50414357,
5A44312F,
2B2A2B2F,
36393836,
35312E30,
34363330,
2E334629,
243A2E31,
514C402D,
1B172536,
58627786,
7E758AAC,
8B572F2C,
2D22202C,
2A262425,
2827221C,
1C2F5C8D,
967E6F75,
6C94B9C1,
BFC3C4C1,
B9C7C8A1,
5A241E30,
332F3038,
40495663,
6A6F7578,
78787B7E,
83838383,
84848484,
898B8E91,
93949494,
989A9DA0,
A3A6A8A9,
AAABAEB0,
B1B1B1B0,
B3B3B3B2,
B1AFADAC,
AEAFAEAD,
ABA8A5A3,
A09F9D9A,
97949291,
92929291,
908D8A89,
8684817F,
7F818385,
84899097,
A1AEBDC8,
DADBDEDF,
DACDBBAE,
AAAAA8A6,
A4A1A09F,
96959593,
908C8886,
85848381,
7F7D7C7B,
71695A4A,
3C363536,
2B313635,
30323B45,
5E4B372B,
24243242,
8B9FB4A5,
8792A69D,
652D2C28,
26362D31,
423D3733,
2F2B2B2D,
3046657E,
898A8A8A,
85858991,
9A9F9F9D,
9E9E9D9C,
9C9B9A9A,
9C9C9B9A,
9A999898,
98989796,
96959494,
94949494,
94949494,
92929292,
92929292,
8F909192,
9291908F,
8E8E8D8B,
8A888787,
817F7F82,
8D9CABB5,
BABCC0C4,
C6C6C5C4,
C2C2C2C2,
C2C2C2C2,
C4C4C4C4,
C3C3C3C3,
C5C5C6C6,
C7C8C8C9,
C9C9C9C9,
CACACACA,
4F4F4E4E,
4D4C4C4B,
4C4B4B4A,
49484747,
48474745,
423E3A38,
36383D47,
57687982,
8E91969D,
A3A7AAAB,
ACADAFB1,
B2B1B1B0,
B0B1B1B2,
B1AFADAC,
A4A09A96,
91887D75,
6960534C,
4C505455,
53575C5E,
5F616569,
6A6B6C6E,
71737475,
887C6249,
4556676D,
71727A7A,
6143465E,
85715846,
3F475E74,
74624E41,
352D323D,
5155708C,
815F5C74,
624B3E47,
4B3F312D,
2B2A2C32,
383B3936,
34323131,
33343230,
2F314228,
263E2D2C,
474A432D,
1A1C3145,
5D66767C,
6E688AB7,
8E7A542D,
1C202626,
25242324,
2524211D,
20407498,
91746B77,
73A2C4C1,
BBC4C7BF,
C3D1B56C,
31272F2F,
3A2F2D39,
42485565,
6A6F7578,
78787B7E,
84848484,
85858585,
888A8D90,
92939393,
98999A9D,
A0A2A5A6,
A7A9ABAE,
B0B0B0B0,
B1B2B3B3,
B1AEABAA,
AEAEAEAC,
AAA7A4A2,
9F9E9C99,
96939190,
8F8F908F,
8E8C8A88,
8482807E,
7E818385,
84898F96,
9FABBAC4,
D7D9DDE0,
DCCEBBAD,
AAA9A7A5,
A3A19F9E,
96969594,
918D8987,
86858481,
7F7C7B7A,
70665646,
3B353232,
2B2E3130,
2D303942,
5E49342A,
25242F3D,
8EA1B8AA,
898EA19D,
72312A26,
2431282F,
413F3A32,
2E2E2D2C,
374F6F85,
8C8A8888,
86898F98,
A2A6A4A1,
9D9D9D9C,
9C9B9B9B,
9C9C9B9A,
9A999898,
98989796,
96959494,
94949494,
94949494,
92929292,
92929292,
8E8F9091,
91908F8E,
8D8D8C8A,
89878686,
80808389,
95A4B2BB,
BDBFC3C5,
C6C6C4C2,
C2C2C2C2,
C2C2C2C2,
C4C4C4C4,
C5C5C5C5,
C7C8C8C9,
CACACBCB,
CBCBCBCB,
CACACACA,
4E4D4D4C,
4B4B4A4A,
4D4D4C4B,
49484746,
47474644,
413D3A38,
35373C47,
56687881,
8F92979D,
A2A6A9AA,
ABADAEB0,
B1B1B0AF,
AFB0B1B1,
B0AEADAB,
A4A09A96,
91887D75,
695F524B,
4B4F5355,
54585D5F,
5F616569,
696A6C6E,
70727475,
72665247,
54718589,
968A775E,
443C506B,
7E664C44,
5064747C,
664D3732,
3435373C,
3A3A5682,
8F745A55,
684A3232,
3B3B3532,
2E2E2F34,
393A3632,
33323231,
3130302F,
31293C32,
39492E2A,
3843422F,
1E243746,
5E677678,
645B7DAC,
95987B45,
24272C25,
21222324,
25242221,
2B578795,
826F6F7A,
85ADC8C1,
BAC4CAC4,
D3C78F41,
1C29342A,
402F2B39,
44485466,
6A6F7578,
78787B7E,
83838485,
86878788,
898A8D90,
93949494,
98989899,
9C9FA2A4,
A5A6A9AC,
AEAFB0AF,
AFB1B2B3,
B1AEAAA8,
ADADADAC,
A9A6A3A1,
9D9C9A97,
94918F8E,
8C8D8E8E,
8D8B8988,
82817F7D,
7E808486,
85898F95,
9DA8B6C0,
D5D8DDE1,
DDCFBCAD,
A8A7A5A3,
A19F9D9C,
97979694,
918E8A88,
87868481,
7F7C7A79,
6F635243,
3A34302E,
2E2F2F2E,
2D323B42,
5E483229,
25242C37,
8B9EB9B0,
8C8B9D9B,
7E382E28,
212A2230,
43454035,
32363631,
3F58778A,
8D898889,
8B8E97A2,
ACAFACA8,
9C9C9C9C,
9C9C9C9C,
9C9C9B9A,
9A999898,
98989796,
96959494,
93939393,
93939393,
91919191,
91919191,
8D8E8F90,
908F8E8D,
8D8C8B8A,
88878685,
80838993,
A0ACB7BE,
BEC0C3C5,
C6C4C1BF,
C2C2C2C2,
C2C2C2C2,
C4C4C4C5,
C6C6C7C7,
CACACACB,
CCCDCDCD,
CDCDCCCC,
CBCACACA,
4C4C4C4B,
4A494949,
504F4E4C,
4A494847,
46464543,
403D3937,
35373C46,
55677781,
9092979D,
A2A6A8A9,
ABACAEB0,
B0B0AFAF,
AFAFB0B0,
B0AEACAB,
A4A09A96,
91887D75,
685E524A,
4B4F5254,
5D606363,
62626568,
69696B6D,
6F717374,
655F595F,
79959B92,
88795C43,
4256676D,
6F58454D,
6A7D7461,
4E3D3339,
403F3B3B,
312F4572,
8F846147,
7351312C,
383E3B36,
32323337,
3A38322D,
31313230,
2E2D2D2E,
331F3541,
52562F2A,
26394134,
27293235,
5965787B,
64526990,
A3A3926D,
48352E2B,
1D202325,
25252626,
386D948A,
716D777E,
9DB7C7C2,
BDC6CECF,
D2A05B2B,
1C232E33,
442F2939,
46485467,
6A6F7578,
78787B7E,
81818385,
87898A8B,
8A8C8F92,
94959595,
98979797,
999DA0A3,
A3A5A8AB,
ADAFAFAF,
AEB0B2B3,
B2AEA9A6,
ACACACAB,
A9A6A3A1,
9C9B9996,
93908E8D,
8A8B8C8C,
8C8A8987,
81807E7D,
7D808486,
85898F94,
9BA6B4BD,
D3D7DDE1,
DED0BCAD,
A5A4A3A0,
9E9C9A9A,
98989795,
928E8B88,
88878582,
7E7B7978,
6F614F40,
39342F2B,
33333130,
31373F45,
5D473128,
25242A33,
8297B7B3,
908B9C9D,
8942362D,
20242034,
40454034,
32393A33,
475F7D8D,
8C87888B,
888D97A4,
AEB0ACA7,
9B9C9C9C,
9C9C9C9D,
9C9C9B9A,
9A999898,
98989796,
96959494,
92929292,
92929292,
90909090,
90909090,
8D8E8F90,
908F8E8D,
8C8B8A89,
87868584,
8187919D,
AAB4BBBF,
BFC0C3C4,
C4C2BFBC,
C2C2C2C2,
C2C2C2C2,
C3C4C4C5,
C6C7C8C8,
CBCCCCCD,
CECECFCF,
CECECDCC,
CBCACAC9,
4C4B4B4A,
49494848,
51504F4D,
4B494847,
46464543,
403C3937,
34363C46,
55677781,
9093989D,
A2A6A8A9,
AAACAEAF,
B0B0AFAE,
AEAFB0B0,
AFAEACAA,
A4A09A96,
91887D75,
685E514A,
4A4E5254,
66686A68,
64636467,
68696B6D,
6F717374,
7D797781,
97A29278,
5E54413B,
55787B67,
67534659,
7D87663D,
3B353946,
4C453D3C,
3A343E62,
868A6E51,
825E3A32,
3D443F37,
36353638,
3A372F29,
2F31312F,
2C2A2B2C,
3519314B,
635F302B,
1932413A,
2E2C2A24,
53627980,
674E5A7A,
B0A39A8E,
6C402D31,
1B1F2326,
2626282A,
417A9A81,
656D7D80,
AEBDC7C3,
C1C8D2D7,
C7773325,
251D2843,
472F283A,
47485367,
6A6F7578,
78787B7E,
7F808285,
878A8C8D,
8B8D9093,
95969696,
98979696,
989B9FA2,
A1A3A7AA,
ADAEAFAF,
ADAFB2B3,
B2AEA9A5,
ACACACAB,
A8A5A2A1,
9B9A9895,
92908D8C,
898A8B8C,
8B8A8887,
807F7D7C,
7D808486,
86898F94,
9AA5B2BC,
D2D6DDE2,
DFD0BCAD,
A3A2A19F,
9C9A9998,
98989795,
928E8B89,
89878582,
7E7B7977,
6E604D3F,
38342E2A,
38373433,
353B4349,
5D463027,
25242931,
7A90B4B5,
938C9D9F,
91493D32,
21221F37,
39403C2F,
2D363830,
4C64808D,
8B86888D,
8186919E,
A9ABA6A0,
9B9B9B9C,
9C9D9D9D,
9C9C9B9A,
9A999898,
98989796,
96959494,
92929292,
92929292,
90909090,
90909090,
8C8D8F90,
908F8D8C,
8C8B8A89,
87868584,
818996A4,
B0B8BDBE,
BEC0C2C3,
C3C0BDBB,
C2C2C2C2,
C2C2C2C2,
C3C4C4C6,
C7C8C9C9,
CCCDCDCE,
CFCFD0D0,
CFCFCECD,
CCCACAC9,
4C4E5152,
514E4B49,
4E4F4F4E,
4D4B4847,
46464543,
403C3937,
36393F4A,
59697880,
8C91989D,
9FA1A5A9,
AEAEAEAE,
AEAEAEAE,
ADAEB0B2,
B1AEABA9,
A29E9995,
91897F77,
695E5047,
464B4F52,
59788C80,
6B636260,
726F6A67,
696F787E,
8495998A,
817B603E,
3E2F4865,
6D878A5E,
503C5388,
8A55353F,
40204C72,
4D455842,
43265D73,
83986A5C,
7E7E4823,
3C423541,
35423934,
4747322B,
36322D2B,
2C2D2E2D,
2B222A43,
5147362E,
2A38423D,
2D262E39,
5E6D7481,
8A6D4D4E,
817C90AE,
A2693828,
2F282223,
26282A2B,
6A978A68,
6E6F6F8B,
C2C3CAD1,
CDC6CBD7,
91441323,
301F213B,
4C3D343C,
474E565E,
67686C70,
74787C7D,
7F808183,
85878889,
8C8C8C8D,
90939697,
94979A9B,
99999CA0,
A5A6A9AB,
ADADADAC,
AFB0B0B0,
AFADABAA,
ADACAAA7,
A5A2A09F,
9E9C9994,
908C8887,
89868587,
89888480,
82807E7D,
7C7C7D7E,
888B8E91,
96A1AFB9,
CAD4DCDC,
DBD6C5B2,
A2A1A09F,
9D9C9B9A,
9493918F,
8D8B8988,
8683807F,
81817D7A,
6755453E,
382F2C30,
33303239,
3A38404C,
574E2D1B,
2829232D,
69A5A7A5,
9C859295,
8A623C2D,
2A272930,
36323334,
2E262933,
5E75898E,
8D8D8982,
89929DA4,
A4A19F9F,
A09E9C9B,
9A9A9B9C,
9C9C9B9A,
9A999898,
98989796,
96959494,
92929292,
92929292,
92918F8E,
8E8F9192,
8E8E8E8E,
8E8E8E8E,
898B8A87,
82808386,
88929FAB,
B2B7BDC1,
C4C4C3C2,
C2C1C0C0,
C3C1C0BE,
BEBFC0C1,
C3C4C5C7,
C9CBCCCD,
CECFD1D2,
D2D1CFCE,
CECDCCCB,
CBCCCDCE,
4E4F5050,
4F4E4C4B,
4C4C4C4C,
4A484644,
46464543,
403C3936,
35383E49,
58697880,
8B91989D,
9FA1A6AA,
AEAEAEAE,
AEAEAEAE,
ADAEB0B2,
B1AEABA9,
A29E9995,
91897F77,
685E5047,
474B4F51,
637B897C,
68626262,
68666872,
82929B9F,
979C8A62,
48443E30,
313F596D,
80968553,
4158777F,
6137252A,
322E6073,
48465639,
3F387380,
8699725D,
7D8A6032,
393D3239,
38443933,
4444312C,
2B292727,
2A2F3233,
2820253A,
49474140,
3F3D372F,
2B334453,
5E74828C,
8F744E3E,
5B6589B2,
B4854C2C,
28222229,
27222B3C,
7694856B,
71727C9F,
C7CFCEC7,
CDD8D0BD,
60311726,
2D212944,
4E3D3339,
444C555E,
67686C70,
74787C7D,
81818283,
84868687,
8C8C8C8D,
8F929597,
95989B9C,
9A9A9DA1,
A3A5A7A9,
ABADADAD,
AEAFB0B0,
AFADABA9,
ACABA9A7,
A5A2A0A0,
9D9B9894,
8F8B8886,
88868586,
89888480,
81807E7C,
7C7C7D7D,
86898C90,
97A2AFB9,
C9D3DBDC,
DCD8C7B4,
A4A3A2A1,
9F9E9D9C,
9493918F,
8D8B8988,
8683807F,
81807C78,
6755443D,
362D2B2F,
3835363C,
3B383E4A,
58502F1D,
292A242F,
649FA3A4,
9B839094,
8A684432,
2A262B36,
3A353434,
2E282F3C,
61768A8E,
8C8D8983,
8A939EA4,
A4A19F9F,
9F9E9C9A,
9A9A9B9B,
9C9C9B9A,
9A999898,
98989796,
96959494,
92929292,
92929292,
92918F8E,
8E8F9192,
8E8E8E8E,
8E8E8E8E,
898A8A86,
817F8286,
8C96A3AE,
B4B9BEC2,
C4C4C3C2,
C2C1C0C0,
C2C1C0BF,
BFBFC0C1,
C4C5C6C8,
C9CBCCCD,
CECFD1D2,
D2D1CFCE,
CDCCCBCA,
CACBCCCD,
51504E4D,
4C4C4D4E,
4A4A4A4A,
48464442,
45454442,
3F3C3836,
34373D49,
58697880,
8A90989C,
9FA2A6AA,
AEAEAEAE,
AEAEAEAE,
ADAEB0B2,
B1AEABA9,
A29E9995,
91897F77,
675D5048,
474A4E4F,
667A8678,
645B5F63,
656B798D,
9FA7A49E,
91917646,
2629363C,
2D576F7B,
96997552,
56778060,
3F373024,
2644776F,
434E5A30,
3B528D8C,
82957C5F,
678A7642,
34383434,
3C473A30,
4040302D,
25242424,
262A2E31,
2B272C3B,
4749494C,
5243322C,
3545535A,
5D7C959C,
9A885E37,
3C4F759F,
B0965D2F,
211B212D,
251B3359,
888E7D6F,
74778DB9,
CAD3CBBF,
CFE0C089,
2E232128,
26202D43,
513F3135,
4049535E,
67686C70,
74787C7D,
82838383,
83848484,
8B8B8B8C,
8F929597,
96999D9D,
9B9C9FA2,
A1A2A4A6,
A9ABADAE,
ACADAEAE,
AEACAAA9,
ABAAA8A6,
A4A2A1A0,
9D9B9893,
8F8B8786,
88868486,
8888837F,
817F7E7C,
7B7B7C7D,
81858A90,
97A2B0BA,
C6D1DADC,
DDDACAB8,
A5A5A4A2,
A19F9E9E,
9493918F,
8D8B8988,
8683807F,
807E7974,
6653423A,
332B2A2F,
3C393B40,
3E393E49,
5952321F,
2A2A2632,
5E989EA3,
9C818E94,
8A6F4E36,
27232E3C,
3C373433,
2D2A3749,
657A8B8D,
8B8C8A84,
8C949EA4,
A3A1A0A0,
9F9D9C9A,
99999A9B,
9C9C9B9A,
9A999898,
98989796,
96959494,
92929292,
92929292,
92918F8E,
8E8F9192,
8D8D8D8D,
8D8D8D8D,
8A8A8984,
7F7E8286,
949DA9B3,
B9BDC1C5,
C4C4C3C2,
C2C1C0C0,
C2C1C0BF,
BFC0C2C3,
C6C7C8C9,
CACCCDCD,
CECFD1D2,
D2D1CFCE,
CCCBC9C8,
C8C9CBCC,
53514E4B,
4A4B4E50,
4B4B4B4B,
49474543,
44444342,
3F3B3735,
32353C48,
57697881,
898F979C,
9FA2A7AB,
AEAEAEAE,
AEAEAEAE,
ADAEB0B2,
B1AEABA9,
A29E9995,
91897F77,
655C4F48,
474A4D4D,
5D778A80,
65565C69,
778598A4,
A2948478,
817D6640,
282C383E,
446E7E88,
9B7F5D67,
79705233,
35494229,
2C597D63,
47636630,
3B699989,
72888665,
47798151,
32373E3A,
3D493B2F,
3B3B2E2E,
28282623,
2122262A,
3135404E,
56544E4A,
57453436,
4653524B,
6584A6AC,
A6A07B42,
34435B7A,
938D5E2C,
20181E29,
1F19427C,
98877571,
747B9CC9,
CBC8C2C7,
D5CA8E4C,
1F242825,
20212D39,
55413133,
3D46525D,
67686C70,
74787C7D,
83838383,
82828281,
8A8A8A8C,
8E919496,
979A9D9E,
9C9C9FA3,
9F9FA1A3,
A6A9ACAE,
AAABACAD,
ACABAAA9,
A9A8A7A5,
A4A2A1A0,
9C9A9793,
8E8A8785,
87858385,
8787837F,
807F7D7B,
7A7B7B7C,
7D81888F,
97A2AFB9,
C3CED8DC,
DFDDCFBD,
A4A3A2A1,
9F9E9D9C,
9493918F,
8D8B8988,
85828080,
7F7C756F,
63503E37,
3029292F,
3B383C43,
423E424C,
59533522,
2A2A2734,
59929BA7,
A1838F98,
88745637,
221F2D3E,
3A35322F,
292A3D54,
6B7E8D8D,
8A8C8B86,
8F979FA3,
A3A1A0A1,
9E9D9B99,
9899999A,
9C9C9B9A,
9A999898,
98989796,
96959494,
92929292,
92929292,
92918F8E,
8E8F9192,
8C8C8C8C,
8C8C8C8C,
8A8A8783,
7E7F8489,
9CA5B0B9,
BDC0C4C7,
C4C4C3C2,
C2C1C0C0,
C2C1C0C0,
C0C2C3C5,
C9C9CACB,
CCCDCDCE,
CECFD1D2,
D2D1CFCE,
CBCAC9C8,
C8C9CACB,
53514E4B,
4A4B4E50,
4E4E4E4E,
4C4A4746,
44434341,
3E3A3634,
30333B47,
57697881,
888E969C,
9FA3A8AD,
AEAEAEAE,
AEAEAEAE,
ADAEB0B2,
B1AEABA9,
A29E9995,
91897F77,
635A4F48,
484A4B4B,
54749392,
755F6577,
939DA49C,
87757071,
86765839,
2B303739,
6B7C7F8A,
89574A81,
7250302B,
383F382E,
42647056,
55797037,
4377937B,
5F778E6E,
3C6E8966,
3A3A453E,
3B493C2F,
3A392D2E,
25272724,
2021272C,
2E3B5063,
6E6A5948,
513F3036,
4B5A5951,
7B8DB2BB,
AEAF9250,
2E374965,
817F5424,
241A1B20,
1B235896,
9C7F7174,
7482AACC,
D0BEC0D8,
D69F5322,
2527261F,
1E273238,
58433334,
3D46515B,
67686C70,
74787C7D,
83828282,
81818181,
8A898A8B,
8D909395,
96999C9D,
9B9B9FA2,
9F9E9E9F,
A2A5A9AB,
A7A8AAAB,
ABAAA9A8,
A7A6A5A4,
A3A2A1A0,
9B999692,
8D898684,
86848384,
8686827E,
7F7E7C7A,
7A7A7B7B,
7A7F878F,
96A1ADB6,
BFCBD6DC,
E1E1D3C3,
A09F9E9D,
9B9A9998,
9493918F,
8D8B8988,
84828080,
7F7A716A,
5E4B3932,
2D282A31,
34333A43,
45424752,
57543723,
29282636,
568D9AAC,
A887929E,
87785934,
1C1C2C3B,
34302E2B,
262A425D,
72838F8D,
898B8B88,
9399A0A3,
A2A0A0A2,
9D9C9A98,
98989999,
9C9C9B9A,
9A999898,
98989796,
96959494,
92929292,
92929292,
92918F8E,
8E8F9192,
8C8C8C8C,
8C8C8C8C,
89898782,
8082898F,
A4ACB6BE,
C1C2C5C7,
C4C4C3C2,
C2C1C0C0,
C2C1C0C0,
C1C3C5C7,
CBCCCCCD,
CDCECECE,
CECFD1D2,
D2D1CFCE,
CCCBC9C8,
C8C9CBCC,
51504E4D,
4C4C4D4E,
4F4F4F4F,
4D4B4947,
43434240,
3D393634,
2E313946,
56687881,
878E969C,
9FA3A9AE,
AEAEAEAE,
AEAEAEAE,
ADAEB0B2,
B1AEABA9,
A29E9995,
91897F77,
61594F49,
484A4A49,
556E8D99,
89767785,
9E9B907C,
6B6B7B8C,
8B724E35,
3342545F,
877D787D,
6C434C84,
55484A55,
472C2C42,
59655D53,
6A826B3E,
507C8271,
586E9879,
4B6B8F7B,
45384237,
35463D31,
3A382C2F,
1E232726,
24273039,
29384E66,
7A7D684E,
49392D32,
48606C6F,
8989B1C5,
B2B19A58,
24293E62,
7D73471F,
241F1A19,
1F396E9E,
91757178,
7792BBCA,
D3C3C9D9,
BA6C2D19,
2A241E1D,
212B3843,
5A463739,
41475059,
67686C70,
74787C7D,
80808081,
81818182,
8989898A,
8C8F9294,
94979A9B,
99999CA0,
A19F9D9C,
9EA1A5A7,
A4A6A7A9,
AAA9A8A8,
A5A5A4A3,
A2A2A1A1,
9A999591,
8D888583,
85838283,
8685817D,
7E7D7B7A,
79797A7B,
797F878F,
969FAAB1,
BBC8D5DC,
E2E4D8C8,
9E9E9D9B,
9A989797,
9493918F,
8D8B8988,
84828080,
7E776D65,
5845342E,
2B282C35,
30303843,
46444953,
55533722,
27252536,
518797B0,
AD8993A1,
8A7C5B32,
1A1E2D38,
2E2D2D2B,
262B4764,
7887908C,
888A8C8A,
969BA1A3,
A2A0A1A3,
9C9B9998,
97979899,
9C9C9B9A,
9A999898,
98989796,
96959494,
92929292,
92929292,
92918F8E,
8E8F9192,
8B8B8B8B,
8B8B8B8B,
88888683,
82879098,
A9B1BBC1,
C3C3C5C7,
C4C4C3C2,
C2C1C0C0,
C1C1C0C1,
C2C5C7C8,
CECECECE,
CECECFCF,
CECFD1D2,
D2D1CFCE,
CECDCCCB,
CBCCCDCE,
4E4F5050,
4F4E4C4B,
4D4D4D4D,
4B494745,
4242413F,
3C393533,
2D303845,
56687882,
868D959C,
A0A4AAAE,
AEAEAEAE,
AEAEAEAE,
ADAEB0B2,
B1AEABA9,
A29E9995,
91897F77,
60584F49,
48494948,
585D7089,
928A8486,
8F827267,
6773828C,
826E533F,
3B4A6479,
8C776F67,
514E6068,
4C55676A,
4C2C3758,
675F515C,
7C7B573F,
5E7F7472,
6271A283,
565F8583,
4B31372C,
2E423D34,
3C392C2F,
1F262B2A,
272A343F,
31384254,
6F7E6D51,
3D3B3C44,
5567777F,
7B6D9FC8,
B5B09F61,
2D233056,
6A56341F,
1F221D18,
2A557F95,
7F6B747D,
7DA7D1C9,
CDD0D2BB,
7F3D2023,
2D221F24,
2423334A,
5B493C3E,
464A5057,
67686C70,
74787C7D,
7D7E7E80,
81828383,
88888889,
8C8F9294,
91959898,
96979A9D,
A3A09D9A,
9A9DA1A3,
A2A4A6A8,
A9A9A8A7,
A4A3A3A3,
A2A1A1A1,
9A989591,
8C888583,
85838183,
8585817C,
7E7D7B79,
7878797A,
797F888F,
959DA6AD,
B9C6D3DC,
E3E6DBCB,
A09F9E9D,
9B9A9998,
9493918F,
8D8B8988,
83828080,
7D766A62,
53402F2A,
29292F39,
30303844,
4541454E,
52513721,
24222335,
4B8092AF,
AE8892A2,
91825C31,
1D243136,
2B2C302F,
2A304C6C,
7C8A928C,
878A8D8B,
989DA2A3,
A1A0A1A3,
9C9B9997,
96969798,
9C9C9B9A,
9A999898,
98989796,
96959494,
92929292,
92929292,
92918F8E,
8E8F9192,
8A8A8A8A,
8A8A8A8A,
87878684,
858C98A1,
ADB4BDC2,
C3C3C4C5,
C4C4C3C2,
C2C1C0C0,
C1C1C1C1,
C3C6C8CA,
D0D0D0D0,
CFCFCFCF,
CECFD1D2,
D2D1CFCE,
D0CFCECD,
CDCECFD0,
4C4E5152,
514E4B49,
4A4A4B4A,
49464442,
4242413F,
3C383533,
2C303844,
56687882,
868C959C,
A0A4AAAF,
AEAEAEAE,
AEAEAEAE,
ADAEB0B2,
B1AEABA9,
A29E9995,
91897F77,
5F584E49,
49494847,
5A4C5172,
8F92867E,
796B6165,
747C786F,
7A705F4A,
3736495E,
85716A55,
4163734A,
51595F54,
3E34465F,
6B5B4E67,
866F453D,
677F6D77,
6E77A988,
544D7480,
4A2A2F24,
2A403E35,
3E3A2C2F,
292F332F,
2828313B,
423D3841,
5E75684D,
323F5260,
696E7478,
624E8BC7,
B9B3A66B,
42262340,
4C372221,
1A24201B,
3568888A,
72657780,
83B7E0CA,
C3D9D499,
4B1E1E2C,
2F24262E,
24172848,
5C4B3F42,
494C5056,
67686C70,
74787C7D,
7B7C7D7F,
81838485,
88888889,
8B8E9193,
8F939696,
9595989C,
A5A19D99,
999B9EA1,
A1A3A5A7,
A8A8A8A7,
A3A3A2A2,
A2A1A1A1,
99989490,
8C878482,
85828182,
8584807C,
7D7C7A79,
7878797A,
7A80888F,
959BA4AA,
B7C5D3DC,
E4E8DDCD,
A2A1A09F,
9D9C9B9A,
9493918F,
8D8B8988,
83828080,
7D756960,
4F3D2C28,
2829313C,
32323A44,
443E4149,
50503620,
22202134,
467B8EAE,
AE868FA0,
97865E32,
202A3536,
2B2D3333,
2E345170,
7F8C928C,
86898D8C,
999EA2A3,
A1A0A1A4,
9B9A9897,
96969798,
9C9C9B9A,
9A999898,
98989796,
96959494,
92929292,
92929292,
92918F8E,
8E8F9192,
8A8A8A8A,
8A8A8A8A,
87878685,
87909DA6,
AEB5BEC3,
C3C2C3C4,
C4C4C3C2,
C2C1C0C0,
C1C1C1C2,
C3C6C9CB,
D1D1D1D0,
D0D0CFCF,
CECFD1D2,
D2D1CFCE,
D2D1D0CF,
CFD0D1D2,
4C4E5052,
514E4B49,
49484848,
48474747,
4C48423C,
37343333,
2D2D323F,
54697980,
858D969D,
A1A4A9AC,
ACACADAE,
AEAFB0B0,
AFB0B2B4,
B3B0ADAB,
A8A39E98,
92897E75,
65584F4D,
49454952,
50565D63,
686E777E,
75777877,
76798085,
897E694D,
2F294567,
7174654D,
4E60604D,
5A5D4C31,
324E5F5D,
5D476481,
6E666345,
63746758,
6A818FA2,
5D4B3386,
4D293027,
2823232D,
393D3429,
2B2D2D2A,
26282E35,
276A3556,
4E4F5361,
47476590,
92705F6B,
51495781,
A5A6896F,
2C2B292C,
33342819,
1F221818,
4481927E,
746D6E86,
ACCBD7D6,
C7E0B050,
24262725,
272A2223,
2A212C54,
61514341,
4347515E,
5D646D72,
75767A7D,
80818283,
85868788,
8687898B,
8D8F9192,
95959696,
96979797,
9898999A,
9A9B9C9C,
A0A0A1A2,
A2A3A4A4,
A4A4A4A3,
A19E9B99,
90908E8C,
8884807D,
7B7C7D7F,
81838485,
7B7B7C7C,
7B797775,
7A7E8388,
8E99A6AF,
B4BECFE1,
EBE7DBD0,
B89591A0,
9B979B95,
98969390,
8C898685,
86827E7D,
7C746559,
4A33252A,
2F2C2B30,
313C423E,
3F464946,
48473D2E,
23232729,
4D688FA9,
A695919A,
918B6A38,
1D232E30,
282D272D,
3E43557D,
888B8E8D,
8B8A8D90,
A0A09F9E,
9E9D9C9C,
9A9A9998,
98979696,
95969698,
999A9B9B,
9D9C9B99,
97959493,
94949494,
94949494,
90909090,
90909090,
8F8C8A8B,
8D8E8C89,
8B878383,
8A97A5AF,
BDBFC1C3,
C4C4C4C3,
C0BFBEBE,
BFC0C2C3,
C3C4C6C9,
CBCED0D1,
D2D2D1D0,
D0CFCECE,
CCCCCDCE,
CECFD0D0,
CECECECE,
CECECECE,
4F4F5050,
4F4E4C4B,
4A4A4A49,
49484848,
4845403A,
36343333,
2C2C313E,
5368777F,
858D969D,
A1A4A9AC,
ACACADAE,
AEAFB0B0,
AFB0B2B4,
B3B0ADAB,
A8A39E98,
92897E75,
665A514F,
4C494E58,
4A51595F,
60626568,
82818081,
84888B8D,
87765F48,
35334A65,
66655B51,
5460635C,
6D4E363F,
5B685E4F,
4B4C7181,
645A593E,
5F6D5E50,
688492A1,
62493378,
622D2B27,
292C3031,
302F2F31,
2B2D2E2E,
2E2F3133,
30695864,
464E4548,
44567A97,
91767180,
58423643,
54574E48,
2E2A272B,
3334291D,
222E3135,
58868C75,
80777890,
B5CDCDC4,
BEBD7F30,
1923292E,
272A2223,
2A212C54,
64514140,
4549525B,
5C636C71,
7475797C,
80818283,
85868788,
84858688,
8B8D8E8F,
94959595,
96979797,
9898999A,
9A9B9C9C,
A0A0A1A1,
A2A3A3A4,
A4A4A4A3,
A09D9A98,
9291908D,
8984807D,
797B7D80,
82848586,
7E7E7D7C,
7B797877,
7D808589,
8F98A5AE,
B1BBCDDF,
E9E6DBD0,
BC97919E,
98959A95,
97969390,
8C888684,
86817E7D,
7D746558,
45312529,
2F2D2D31,
2D394140,
41474A46,
49463C2E,
2423272A,
47628AA5,
A4949097,
8F8C7142,
26272C29,
272D272D,
4148597E,
898C8E8D,
8B8B8E91,
A0A09F9E,
9E9D9C9C,
9A9A9998,
98979696,
97979798,
98989999,
9B9A9A98,
97969595,
94949494,
94949494,
90909090,
90909090,
8F8C8A8A,
8D8E8B88,
89868385,
8D9BA9B2,
BEC0C2C3,
C4C4C4C3,
C0BFBEBE,
BFC1C3C4,
C4C5C7C9,
CBCED0D0,
D2D1D1D0,
CFCFCECE,
CCCCCDCE,
CECFD0D0,
CECECECE,
CECECECE,
52514F4E,
4D4D4E4E,
4D4D4C4B,
4B4A4949,
43413D39,
36343333,
2A2A2F3C,
5166767D,
858D969D,
A1A4A9AC,
ACACADAE,
AEAFB0B0,
AFB0B2B4,
B3B0ADAB,
A8A39E98,
92897E75,
695C524F,
4D494F5A,
51565B5F,
61666D73,
7E797578,
80858481,
836A5042,
3E425161,
5A4F4C58,
63646466,
65403455,
71675249,
3959837C,
52484C3B,
5E6A5546,
658896A0,
6A473361,
80372628,
2A343B34,
27232F3D,
36333130,
31312E2B,
32516A59,
30584E48,
4C6E8F90,
765D585E,
3B3B4554,
56453228,
2E28262C,
3332271E,
213A4C55,
6C868269,
767786A7,
C9D3C2AD,
AA904F1E,
1D23232D,
282A2324,
2B222D55,
69523F3F,
474C5158,
5B626A70,
7274777A,
7F808182,
84858687,
82838486,
898B8C8D,
93939495,
96969797,
9898999A,
9A9B9C9C,
9FA0A0A1,
A2A2A3A3,
A3A3A3A2,
A09D9A98,
92918F8C,
87827D7A,
77797C81,
84868888,
83817F7C,
7B7A7A7B,
8083878A,
8F98A4AC,
AFB9CADD,
E8E7DDD3,
C19A909B,
94929995,
9795938F,
8B888584,
84807D7D,
7C736355,
3D2E2528,
2E2F3034,
28364142,
444A4B46,
49443B2F,
2522262C,
3F5A83A1,
A2948F96,
9091794E,
302C2B24,
262C262C,
45516081,
8B8D8F8D,
8B8B8F93,
A0A09F9E,
9E9D9C9C,
9A9A9998,
98979696,
98989897,
97969696,
98989897,
97979796,
94949494,
94949494,
90909090,
90909090,
908C8A8A,
8C8D8A87,
86858589,
93A1AFB7,
C0C1C3C4,
C5C4C4C3,
C1C0BFBF,
C0C1C3C4,
C5C6C8CA,
CCCECFD0,
D1D1D0D0,
CFCECECD,
CCCCCDCE,
CECFD0D0,
CECECECE,
CECECECE,
55534F4D,
4C4D4F51,
504F4E4D,
4C4A4A49,
3F3E3B38,
36343232,
29292D3B,
4F65747C,
858D969D,
A1A4A9AC,
ACACADAE,
AEAFB0B0,
AFB0B2B4,
B3B0ADAB,
A8A39E98,
92897E75,
6A5C504C,
47444A55,
55595D61,
6873818B,
736B656B,
767C7870,
7C5E433E,
474F575E,
553E4164,
796E5E5E,
41435160,
5B48424A,
386D8F70,
3E364342,
666F5540,
618A979C,
7446334A,
93482729,
29333933,
27273849,
433B312C,
2B2A2724,
3A366035,
165C5949,
5A829D91,
75625549,
3D517187,
7C583729,
29252730,
332A201C,
2B4A636B,
747F7661,
687896B7,
CAC2A68D,
9977412B,
31241725,
292B2325,
2C222D55,
6E554040,
484D5155,
5A616A6F,
7273777A,
7F7F8082,
83858686,
83848587,
8A8C8D8E,
91929394,
95969798,
9898999A,
9A9B9C9C,
9E9F9FA0,
A1A1A2A2,
A2A3A2A1,
9F9C9997,
908F8D88,
837D7774,
74787D82,
8689898A,
8886827F,
7D7C7D7E,
8284888A,
8E97A2AA,
B0BACADD,
E9E9E0D8,
C39B9098,
918F9795,
9694928E,
8B878483,
83807D7D,
7A705D4F,
342C2527,
2D313435,
24344144,
474C4B45,
4A413831,
2721252F,
39547E9F,
A4989297,
96978054,
352F2C24,
232B252C,
4B5C6A83,
8E8F908E,
8B8C9196,
A0A09F9E,
9E9D9C9C,
9A9A9998,
98979696,
99999897,
96959493,
95969696,
97979797,
94949494,
94949494,
90909090,
90909090,
908D8989,
8B8B8885,
8484878E,
99A8B5BD,
C1C2C4C5,
C5C5C3C3,
C1C1C0C0,
C0C2C4C5,
C7C8C9CB,
CCCECFD0,
D0D0CFCF,
CECDCDCC,
CCCCCDCE,
CECFD0D0,
CECECECE,
CECECECE,
5653504D,
4D4E5052,
51504F4D,
4B4A4948,
3E3D3C3A,
37343231,
29292D3B,
4F65747C,
858D969D,
A1A4A9AC,
ACACADAE,
AEAFB0B0,
AFB0B2B4,
B3B0ADAB,
A8A39E98,
92897E75,
695A4D47,
423E4550,
4E596772,
777A7D7F,
736B676D,
787E7870,
73563E3E,
4B54595D,
553B4170,
8A75564B,
35526355,
413D3F3E,
4A7F8D5E,
312B3E50,
727B5B3E,
5C879698,
8048353A,
8E5D312A,
282C3030,
3137424B,
40382C24,
2225292C,
45325D31,
2E706947,
597D9797,
9494866E,
63676E6E,
5A3F3031,
24232B34,
2F211D25,
556E7F7E,
79796F60,
677992A4,
A79D8E84,
9D794837,
3820132A,
292C2426,
2C232E56,
6F584442,
474B4F55,
5B626B70,
7274787B,
7E7E7F81,
82848585,
8687888A,
8D8F9091,
8F909193,
94969798,
9898999A,
9A9B9C9C,
9E9E9F9F,
A0A1A1A2,
A2A2A2A0,
9E9B9896,
8E8D8984,
7E77716D,
74787E84,
888A8A89,
8B898784,
81807F7F,
80838689,
8D95A0A9,
B3BCCCDD,
E9EAE3DB,
C39A8F98,
908F9694,
9594918D,
8A868482,
837F7C7B,
77695545,
2D2B2726,
2B323635,
24344144,
474C4B45,
4A3E3632,
29202432,
344E7A9E,
A89E979A,
9C9C8356,
36313028,
212A232B,
50697486,
9091918E,
8C8E9399,
A0A09F9E,
9E9D9C9C,
9A9A9998,
98979696,
99989796,
95949393,
95959595,
96969697,
94949494,
94949494,
90909090,
90909090,
908D8989,
8A8A8683,
83858B94,
A1AEBAC0,
C3C4C5C6,
C6C5C3C2,
C2C1C1C0,
C1C3C5C6,
C9CACBCC,
CDCECFD0,
D0CFCFCE,
CDCDCCCC,
CCCCCDCE,
CECFD0D0,
CECECECE,
CECECECE,
55535250,
4F505051,
50504E4C,
4A484645,
403F3F3D,
3935312F,
2A2A2F3C,
5166767D,
858D969D,
A1A4A9AC,
ACACADAE,
AEAFB0B0,
AFB0B2B4,
B3B0ADAB,
A8A39E98,
92897E75,
695A4C47,
44424A57,
5B6C818F,
8D7F7066,
6E6A696F,
777A7671,
68524142,
4B50575E,
55465178,
8A715042,
4C5A5643,
424E462D,
64897D4C,
30283859,
7885633C,
54819396,
8C4D3633,
7276422B,
2C2C2F34,
3C414342,
312F2A23,
20253039,
3C3B6254,
7A9C9466,
455A6E7A,
8A968B75,
534B4541,
372A262C,
21232D33,
26192844,
8B989D92,
857F786F,
61697580,
8A95A2AB,
A07B452E,
2D1B1A3A,
2A2D2526,
2D242F57,
6E5B4B46,
45454D58,
5D646D72,
75767A7D,
7D7E7F80,
82838485,
8788898B,
8E909192,
8D8E9092,
94969798,
9898999A,
9A9B9C9C,
9D9D9E9E,
9FA0A0A1,
A1A1A1A0,
9D9A9795,
8F8D8984,
7C746E6A,
757A8086,
8A8A8987,
8C8C8C8A,
8783807D,
7B7E8285,
8A939FA8,
B5BDCBDB,
E7E8E1D9,
BE978E99,
92909693,
9493908D,
89858381,
827E7A78,
71614A39,
272B2A26,
29323634,
28364142,
444A4B46,
4B3C3434,
2B1F2434,
2E48749C,
AAA29A9C,
9C9D8558,
3A343129,
1F29222B,
56747D89,
9393928E,
8C8F969C,
A0A09F9E,
9E9D9C9C,
9A9A9998,
98979696,
96969695,
95949494,
96959595,
95949494,
94949494,
94949494,
90909090,
90909090,
918D8988,
89888581,
8488909A,
A7B3BDC2,
C5C6C7C7,
C6C5C3C2,
C3C2C1C1,
C2C4C5C7,
CBCBCCCD,
CECECFCF,
CFCECECD,
CCCCCBCB,
CCCCCDCE,
CECFD0D0,
CECECECE,
CECECECE,
52535354,
5351504E,
4F4E4D4A,
48464443,
43434240,
3B36312D,
2C2C313E,
5368777F,
858D969D,
A1A4A9AC,
ACACADAE,
AEAFB0B0,
AFB0B2B4,
B3B0ADAB,
A8A39E98,
92897E75,
695B4F4D,
4D505C6A,
7C848C8D,
84766963,
66676B6F,
72727170,
5E524948,
48485260,
5257697C,
7962504D,
5D524542,
4B504230,
78876840,
372A3058,
75876639,
4B799097,
94533833,
4D8A542C,
32363B40,
413D3732,
29313530,
26232D37,
2C45555B,
9A8E946B,
33373F4D,
606D6C65,
3B2E282F,
342D2523,
23252D2D,
1B163F74,
A5AAA99F,
9693918C,
75737784,
9AACB6B8,
8666331E,
27222138,
2B2D2527,
2E253058,
6B5F524A,
423F4B5C,
60676F75,
77797C7F,
7C7D7E7F,
81828384,
85868789,
8C8E8F90,
8C8D8F91,
93969898,
9898999A,
9A9B9C9C,
9C9D9D9E,
9F9FA0A0,
A0A0A09F,
9D9A9795,
93918D87,
7F766F6B,
777C8388,
8B8A8784,
8B8E9090,
8D87807B,
76797E82,
87919EA7,
B4BBC8D7,
E1E2DBD3,
B8948D9A,
95929792,
9492908C,
88858281,
827E7975,
6C5A402D,
242C2D26,
27313631,
2D394140,
41474A46,
4B3A3235,
2D1E2336,
26406D98,
A9A29A9A,
9499875F,
41383024,
1D29212B,
5A7D848B,
9595938F,
8C8F979E,
A0A09F9E,
9E9D9C9C,
9A9A9998,
98979696,
93939494,
94959595,
97979695,
94929291,
94949494,
94949494,
90909090,
90909090,
918D8988,
89878480,
868B949F,
ABB6BEC3,
C7C7C8C8,
C7C5C3C2,
C3C3C2C2,
C2C4C6C7,
CCCDCDCD,
CECFCFCF,
CECECDCD,
CCCBCBCA,
CCCCCDCE,
CECFD0D0,
CECECECE,
CECECECE,
51525556,
55524F4D,
4E4D4C49,
46444241,
46464542,
3D37302D,
2D2D323F,
54697980,
858D969D,
A1A4A9AC,
ACACADAE,
AEAFB0B0,
AFB0B2B4,
B3B0ADAB,
A8A39E98,
92897E75,
695C5253,
575D6C7C,
90897C6C,
615F646B,
676C7376,
75747577,
5953504D,
45424F61,
4E647B7C,
6854535C,
5845414E,
4D3C3742,
8283593B,
3F2D2953,
6F856635,
44748F99,
99563934,
3397602C,
3840494A,
42352B25,
2C3A453E,
2B1F222B,
2A4F3D3C,
79485A3C,
2D282C3D,
505F6C77,
593B211D,
23242120,
27272C27,
13165399,
A2A6A6A2,
A1A5A7A6,
A89E9CA9,
BBBCA791,
614A2218,
2E2E2229,
2B2E2627,
2E253058,
6960574D,
403B4A5E,
61687177,
797B7E81,
7C7D7E7F,
81828384,
82838587,
898B8D8E,
8B8C8E91,
93969899,
9898999A,
9A9B9C9C,
9C9C9D9E,
9E9FA0A0,
A0A0A09F,
9C999695,
9895918A,
8279726E,
797D848A,
8B898582,
8B8E9394,
91898079,
72767B7F,
86909DA7,
B2B9C4D2,
DCDCD5CE,
B4918D9C,
97939791,
93928F8C,
88858280,
827E7873,
69553A26,
232D2F26,
2631352F,
313C423E,
3F464946,
4C393135,
2D1D2338,
213A6894,
A6A09898,
8C958966,
483B2F1F,
1C28212B,
5D82888C,
9696938F,
8D90989F,
A0A09F9E,
9E9D9C9C,
9A9A9998,
98979696,
91919293,
94969697,
99989795,
9391908F,
94949494,
94949494,
90909090,
90909090,
918D8988,
8887837F,
878D96A2,
AEB8BFC2,
C7C8C8C8,
C7C5C3C2,
C4C3C2C2,
C3C4C6C8,
CDCDCECE,
CECFCFCF,
CECECDCC,
CCCBCACA,
CCCCCDCE,
CECFD0D0,
CECECECE,
CECECECE,
59575451,
51525455,
4E4F4F4E,
4D4B4847,
4141403F,
3C393533,
282E3947,
5969777E,
8A8D939A,
A1A6A9AB,
AEAEAEAE,
AEAEAEAE,
ADAFB1B3,
B3B1AFAD,
ABA59D97,
918B837D,
7363575D,
6F7B776D,
726E6863,
61616365,
686D7072,
797E7363,
51545041,
39425767,
6D6B7076,
6E5C5251,
464C2F26,
43464567,
8F654D43,
312E3838,
6B86614B,
43447BA1,
9C6D3B31,
387DA13E,
3B2C353F,
34312F1F,
343E5636,
212A1F2D,
2E38413E,
332E3239,
252F2A23,
3F708274,
614D3425,
23262522,
3923191C,
16205EA7,
A3A6AAAA,
A7A4A5A7,
B1B9BDBC,
B8AD9379,
473F342A,
25262A2E,
272C2626,
2B23325F,
6A62503D,
3C4A5657,
60666E73,
75787D81,
7E7E7F80,
80818282,
83848789,
8A8B8B8A,
8E8F9091,
93949596,
96969798,
98999A9A,
9A9A9B9C,
9C9D9E9E,
9E9C9A9B,
9C9B9792,
8E92928B,
7F746F6F,
80838685,
8283888D,
87888A8B,
8A878482,
7A73747F,
888E9BA8,
B0BEC9CD,
D0D3CFC5,
A09B9694,
9595928F,
9493908E,
8B888684,
7F807C6E,
5843342E,
252D2F29,
29323634,
313F3A3B,
4F4E3E3F,
503E3133,
3128272D,
25306396,
A3A8ABA0,
948B7E6C,
4F33292D,
2721233A,
5F809195,
96928D8B,
8D949CA2,
9E9E9D9C,
9C9B9A9A,
98989796,
96959494,
96969696,
96969696,
96969594,
94939292,
94949494,
94949494,
92929190,
908F8E8E,
8D8D8C8B,
88858280,
848F9FAC,
B4BABFC2,
C4C4C4C4,
C4C4C4C4,
BEBFC1C3,
C5C7C9CA,
CCCCCCCC,
CCCCCCCC,
CCCCCDCE,
CECFD0D0,
CECECECE,
CECECECE,
D2D2D1D0,
D0CFCECE,
58565451,
51525355,
4E4F4F4E,
4D4B4847,
4141413F,
3D3A3735,
2A303A49,
5A6B787F,
8B8E949B,
A1A6A9AA,
AEAEAEAE,
AEAEAEAE,
ADAFB1B3,
B3B1AFAD,
ABA59D97,
918B837D,
70675E5C,
61666663,
63615E5C,
5C606466,
656B6F72,
7B807767,
5854483A,
3B4B5C64,
66646B76,
7463534D,
45442F23,
37506985,
82674A41,
3D302D38,
61836756,
4F4C7C9B,
AD824C39,
3B7DA954,
35262F3A,
2F2E332A,
2B3B5C3F,
24271C2D,
2B354249,
45382A21,
252B3647,
5E6B6251,
47382720,
23272724,
2C231E1C,
1A3174B9,
A2A7ADB0,
B1B1B5B8,
B8AEB0BC,
B0896454,
312C241F,
1F232A2F,
292E2727,
2B22315D,
69645342,
404D5758,
5F656D71,
74777B80,
7E7E7F80,
80818282,
83848789,
8A8B8B8A,
8E8F9091,
93949596,
96969797,
9899999A,
9A9A9B9C,
9C9D9E9E,
9F9C9A9B,
9D9C9792,
8E92928C,
80767170,
8282858A,
8C85796E,
666B727A,
7E807F7D,
7B74747D,
82848C97,
A3B1BDC4,
CBCFC8BB,
9C989493,
95979593,
91908E8B,
88858382,
7D7E7766,
4D392E2C,
262D2E29,
2A333734,
323F3B3D,
4F4D3D40,
503E3132,
312A282D,
252E5F92,
A1A8ABA0,
8F8B8473,
5333292F,
24232B45,
68859192,
96938E8C,
8E949CA2,
9E9E9D9C,
9C9B9A9A,
98989796,
96959494,
96969696,
96969696,
96969594,
94939292,
94949494,
94949494,
92929190,
908F8E8E,
8D8D8C8A,
88858281,
8691A0AD,
B5BABFC2,
C4C4C4C4,
C4C4C4C4,
BFC0C1C3,
C6C8C9CA,
CCCCCCCC,
CCCCCCCC,
CCCDCDCE,
CFCFD0D0,
CECECECE,
CECECECE,
D2D2D1D0,
D0CFCECE,
57565452,
51515253,
4E4F4F4E,
4D4B4847,
41424140,
3E3B3837,
2E333E4C,
5D6D7A81,
8C8F959B,
A1A6A9AA,
AEAEAEAE,
AEAEAEAE,
ADAFB1B3,
B3B1AFAD,
ABA59D97,
918B837D,
6F6A6259,
524F5255,
57565758,
5D63686C,
63696D71,
7A817868,
5A544438,
3F546160,
5E606C7B,
7B67544C,
4A3B2D20,
2A5E8F98,
6C65453F,
4F37213B,
547F6D61,
5B557B92,
BA985D3D,
3672A96E,
34232C38,
2D2F3F41,
2C3D6146,
29261A2F,
292E3742,
47413124,
2C2C4C80,
8F6B412E,
2C262022,
282D2B27,
23262319,
1F488CC2,
A8ADB3B7,
B8B9BDC1,
C3ACABB7,
9F633B38,
24211D1A,
1C22292E,
2C312928,
2B21305B,
69665949,
4650595A,
5E646B70,
7274797D,
7E7E7F80,
80818282,
83848789,
8A8B8B8A,
8E8F9091,
93949596,
95969697,
98989999,
9A9A9B9C,
9C9D9E9E,
9F9D9B9C,
9D9C9793,
9092928D,
837A7573,
8583858C,
8C7B5A40,
3B445260,
6A6F6F6E,
7B75757D,
807D8189,
9FABB7BF,
C8CABCA9,
9A969393,
96989795,
8E8D8B88,
8582807F,
7D7B7059,
3E2C282B,
282E2E29,
2B353733,
343F3C3F,
504A3C42,
503F3130,
312E2B2C,
262B588B,
9EA8AC9F,
868A8C7C,
5733282F,
25283653,
748B918F,
96938F8D,
8F959CA1,
9E9E9D9C,
9C9B9A9A,
98989796,
96959494,
96969696,
96969696,
96969594,
94939292,
93939393,
93939393,
92929190,
908F8E8E,
8D8D8B89,
87858382,
8994A3AF,
B7BBBFC2,
C4C4C4C4,
C4C4C4C4,
C0C1C2C5,
C7C9CBCB,
CDCDCDCD,
CDCDCDCD,
CDCDCECE,
CFD0D0D1,
CFCFCFCF,
CFCFCFCF,
D2D2D1D0,
D0CFCECE,
55545352,
51515151,
4E4F4F4E,
4D4B4847,
42424242,
403D3B39,
33384250,
60707D84,
8E91969C,
A2A6A9AA,
AEAEAEAE,
AEAEAEAE,
ADAFB1B3,
B3B1AFAD,
ABA59D97,
918B837D,
716A5E53,
4B48494A,
5556585B,
61676D70,
64696C6F,
767B7161,
50544D40,
4457615D,
58657A88,
7D645350,
4E302722,
2B6D9E8C,
535C3E41,
63401C41,
497B6E62,
5D587A8A,
B4A2673C,
2B5B9B7E,
3C262D39,
2F334B56,
3F415840,
2A291B2D,
2726262B,
343E464A,
3A3664AC,
B4703425,
2424252B,
31322D28,
22282014,
286099B7,
B0B4B9BB,
B9B9BBBE,
C3B6AB99,
713F282A,
29262321,
2225292C,
2F332B29,
2C212F5A,
696A604F,
4A535C5D,
5E636A6F,
7072777A,
7E7E7F80,
80818282,
83848789,
8A8B8B8A,
8E8F9091,
93949596,
94959596,
97979898,
9A9A9B9C,
9C9D9E9E,
A09E9C9C,
9E9D9894,
9192918D,
877F7976,
83838789,
8168442A,
27314150,
5A5E5D5B,
7470737C,
807D8087,
A1ACB8C0,
C8C7B29B,
9D999493,
95979592,
8F8D8B89,
8683817F,
7E78684D,
3325272D,
2A2E2D29,
2D373832,
36403D43,
51473A45,
4F40312E,
32332F2B,
27274F83,
9AA8AD9F,
7C879082,
5A32252C,
2C31415C,
7A8F9593,
9593908F,
91979DA1,
9E9E9D9C,
9C9B9A9A,
98989796,
96959494,
96969696,
96969696,
96969594,
94939292,
92929292,
92929292,
92929190,
908F8E8E,
8D8C8A88,
86858585,
8E98A7B2,
B8BCC0C3,
C4C4C4C4,
C4C4C4C4,
C1C2C4C6,
C8CACCCD,
CECECECE,
CECECECE,
CECECFCF,
D0D1D1D2,
D0D0D0D0,
D0D0D0D0,
D2D2D1D0,
D0CFCECE,
53535353,
5251504F,
4E4F4F4E,
4D4B4847,
42434343,
42403D3C,
383D4755,
64748087,
9093989D,
A3A6A9AA,
AEAEAEAE,
AEAEAEAE,
ADAFB1B3,
B3B1AFAD,
ABA59D97,
918B837D,
7466554C,
4C4D4B47,
57585A5D,
6165686A,
676B6D6D,
72746857,
42575C4C,
47565F5A,
566C8890,
78594E55,
43201C2B,
437D9974,
404C3A49,
70492146,
43796D5E,
58577884,
A1A77443,
28488D8B,
44262734,
2B2F4A5A,
4F3C4634,
2D301923,
21232421,
23324A5D,
454370B0,
AF6A332C,
292A2E32,
34312A24,
20211815,
3978A0A7,
AFB4BABC,
BCBCBFC2,
C2C5A96B,
35232222,
29282727,
282A2D2E,
30342C2A,
2D22305B,
6A6C6453,
4C545E61,
5F646B6F,
70727679,
7E7E7F80,
80818282,
83848789,
8A8B8B8A,
8E8F9091,
93949596,
94949595,
96979798,
9A9A9B9C,
9C9D9E9E,
A19E9C9D,
9F9E9995,
9392918E,
8B857E79,
79808786,
7A665145,
3A424E59,
5E5D5855,
66636874,
7B7C8089,
96A4B3BD,
C4C2AF9A,
A39D9795,
9493908D,
918F8D8A,
87858381,
7F735D43,
2F272B32,
2C2E2C29,
2F3A3A32,
38403F47,
53443748,
4F41322C,
32383329,
28224579,
95A8AE9F,
76839085,
5D332329,
363B4A62,
7C909899,
95939191,
93989DA0,
9E9E9D9C,
9C9B9A9A,
98989796,
96959494,
96969696,
96969696,
96969594,
94939292,
92929292,
92929292,
92929190,
908F8E8E,
8D8C8986,
85858687,
939DAAB5,
BBBEC0C3,
C4C4C4C4,
C4C4C4C4,
C3C4C6C8,
CACCCECF,
CECECECE,
CECECECE,
CECFCFD0,
D1D1D2D2,
D0D0D0D0,
D0D0D0D0,
D2D2D1D0,
D0CFCECE,
51525353,
52504E4D,
4E4F4F4E,
4D4B4847,
43444444,
4442403F,
3D424B59,
6877838A,
9295999E,
A3A6A8A9,
AEAEAEAE,
AEAEAEAE,
ADAFB1B3,
B3B1AFAD,
ABA59D97,
918B837D,
71625049,
4C51504C,
5657585B,
5D5F6061,
6A6E6E6D,
70716452,
405C6551,
47555E57,
53688286,
6C4E4752,
2F171B40,
68888668,
3C3E3B58,
734C2943,
3F796E5C,
5656767E,
8AAB8857,
35428599,
4D241C2A,
24253B4A,
4932403E,
42421E1D,
1D262C29,
23273747,
4C557491,
8352312E,
2E303334,
322E2925,
21201C27,
50859F9E,
A4AAB2B8,
BCC0C5CA,
C9CB9F4E,
1D202B25,
21232528,
2B2E3031,
2F332C2A,
2E24325E,
6C6F6653,
4A525F66,
61676D70,
7173767A,
7E7E7F80,
80818282,
83848789,
8A8B8B8A,
8E8F9091,
93949596,
93939494,
95969697,
9A9A9B9C,
9C9D9E9E,
A29F9D9E,
A09E9A95,
9592908F,
8E8A827C,
727B8384,
7E777373,
62666D71,
716C6560,
605C606C,
74767D87,
8498ACB7,
BCBBAFA0,
A5A09995,
94928E8A,
91908E8B,
88858382,
7D6A4F39,
2F2E3234,
2F2F2B28,
313C3B31,
3A41404A,
5440354B,
4E43322A,
323C3628,
2A1E3C70,
91A8AF9F,
78838E86,
62392627,
3A425269,
8091989A,
95949393,
95999DA0,
9E9E9D9C,
9C9B9A9A,
98989796,
96959494,
96969696,
96969696,
96969594,
94939292,
91919191,
91919191,
92929190,
908F8E8E,
8E8B8885,
84858889,
97A1AEB8,
BCBFC1C3,
C4C4C4C4,
C4C4C4C4,
C5C5C7C9,
CBCECFD0,
CFCFCFCF,
CFCFCFCF,
CFD0D0D1,
D2D2D3D3,
D1D1D1D1,
D1D1D1D1,
D2D2D1D0,
D0CFCECE,
4F515253,
53504E4C,
4E4F4F4E,
4D4B4847,
43444545,
45434241,
41464F5C,
6B79858C,
93969A9F,
A4A7A8A9,
AEAEAEAE,
AEAEAEAE,
ADAFB1B3,
B3B1AFAD,
ABA59D97,
918B837D,
6960544B,
474A5054,
57585B5D,
5F606161,
6C707170,
74756957,
4D626149,
45596154,
4F58666C,
5E474045,
27232D5C,
8A846965,
45354168,
704A3139,
3C7C7462,
5C5A7476,
73AC996C,
454280A1,
5A261625,
211F2E38,
352E5567,
6F622E26,
26292B29,
2423282D,
576E7C6D,
4F382C28,
35363837,
36353535,
31323849,
64819195,
969DA5AC,
B0B4BABF,
BCA5733B,
22292E29,
26282B2D,
2F2F2E2E,
2D322B2B,
2F263561,
6D706650,
46506069,
64696F72,
7374777B,
7E7E7F80,
80818282,
83848789,
8A8B8B8A,
8E8F9091,
93949596,
92939394,
95959696,
9A9A9B9C,
9C9D9E9E,
A2A09E9F,
A09F9A96,
96929090,
918E867E,
78787B7F,
83848482,
7D7F8283,
807B7571,
6D66666E,
73747C86,
859EB4B9,
B6B3ACA3,
A39E9895,
9493908C,
8E8D8B88,
8582807F,
785F402F,
30363734,
302F2A28,
323E3C30,
3B41414D,
553E344D,
4E433228,
33403927,
2B1B3569,
8EA8AF9E,
80868E88,
6A432D29,
37435973,
88939594,
94949494,
979A9EA0,
9E9E9D9C,
9C9B9A9A,
98989796,
96959494,
96969696,
96969696,
96969594,
94939292,
90909090,
90909090,
92929190,
908F8E8E,
8E8B8784,
8385898B,
9AA4B1BA,
BEBFC1C3,
C4C4C4C4,
C4C4C4C4,
C6C7C8CA,
CDCFD0D1,
D0D0D0D0,
D0D0D0D0,
D0D0D1D1,
D2D3D3D4,
D2D2D2D2,
D2D2D2D2,
D2D2D1D0,
D0CFCECE,
4F505253,
53504D4B,
4E4F4F4E,
4D4B4847,
43444546,
46444342,
4348515D,
6C7B878D,
94979BA0,
A4A7A8A9,
AEAEAEAE,
AEAEAEAE,
ADAFB1B3,
B3B1AFAD,
ABA59D97,
918B837D,
61615B4D,
40404D5A,
5B5D6063,
65676767,
6C717273,
787B6F5E,
5B665A3F,
425E6452,
4B484D56,
54463B39,
2C384371,
9D7A5164,
4F324673,
6C473431,
3A7E7B6A,
625E7370,
61A9A077,
4E427BA3,
672C1726,
241F2A30,
25306F92,
987F4134,
332A211C,
1F242728,
62838658,
2F292A22,
3A3C3D3D,
3D404549,
454A5766,
6F757F8B,
8F949B9F,
A1A3A7AA,
996A3824,
25262321,
35353635,
332E2A27,
2B302A2B,
2F273763,
6F70654F,
434E616C,
666B7174,
7475787C,
7E7E7F80,
80818282,
83848789,
8A8B8B8A,
8E8F9091,
93949596,
92929394,
94959696,
9A9A9B9C,
9C9D9E9E,
A3A09E9F,
A19F9B96,
96928F90,
93908780,
827A7478,
83867F76,
86878887,
85817D7A,
81777376,
78777D88,
95AFC3C2,
B5ADA7A1,
9F9A9594,
95959390,
8C8A8885,
82807D7C,
74563529,
313B3932,
312F2A28,
333F3C30,
3C41424F,
563D334E,
4E443227,
33423B27,
2B193266,
8CA8B09E,
888A8F8A,
704A322C,
32435F7B,
8F95928D,
94949495,
989B9EA0,
9E9E9D9C,
9C9B9A9A,
98989796,
96959494,
96969696,
96969696,
96969594,
94939292,
90909090,
90909090,
92929190,
908F8E8E,
8E8B8783,
8385898C,
9CA6B2BB,
BFC0C2C3,
C4C4C4C4,
C4C4C4C4,
C6C7C9CB,
CDCFD1D2,
D0D0D0D0,
D0D0D0D0,
D0D0D1D2,
D2D3D4D4,
D2D2D2D2,
D2D2D2D2,
D2D2D1D0,
D0CFCECE,
484B4E4D,
4A4A4C4F,
45464849,
49494847,
41424345,
47484A4B,
4C525B67,
74818A8F,
97999CA0,
A3A5A6A6,
A8A8A9AA,
AAABACAC,
AEB0B2B3,
B4B4B3B2,
A8A29C96,
91898079,
6E63564D,
4B4E5152,
565A5E5E,
5E5E6266,
64727C7A,
75706558,
6C4C3E3E,
3F525F52,
43485054,
4D3B2920,
28517781,
77664E38,
55505654,
484E4A2C,
466D8672,
4E46617D,
7476A7A3,
58578887,
74451F1E,
26262E3C,
2D2B789D,
A8934B4A,
331D1625,
2A212230,
75786B4F,
3A312719,
4A4D5359,
5F636667,
606B7878,
6D687384,
7981868B,
9BB2BDBC,
4F402E23,
22252624,
39465251,
43352E2D,
272E2D34,
3C303559,
7A756B5F,
56555B62,
6C6D7073,
74757575,
80818182,
83838484,
81828587,
89898988,
92908E8C,
8D909395,
93939394,
94959595,
9C9B9998,
98999B9C,
9E9E9E9E,
9E9E9E9E,
99999897,
94908D8B,
88878583,
807E7C7B,
84868481,
85887E6E,
73788088,
9098A0A6,
BFBFBDBA,
B4ADA7A2,
9E9A9796,
9796928E,
808B8E85,
7E818482,
6841282F,
372F2B32,
2C2F2E2A,
303B3C35,
36384A5D,
543C3B4D,
49463728,
2A37362A,
2C21274F,
88ACAD9F,
9273968D,
635D4226,
1D4F7B86,
8B979B93,
93919093,
9A9FA1A0,
9C9C9B9A,
9A999898,
96969696,
96969696,
94949494,
94949494,
98989796,
96959494,
92939494,
9392908E,
90908F8E,
8E8D8C8C,
87888886,
83858A8F,
A3ACB7BF,
C2C2C3C4,
C3C3C3C4,
C4C4C5C5,
C7C8C9CB,
CDCFD0D1,
CECECECE,
CECECECE,
D2D2D2D2,
D2D2D2D2,
D2D2D2D2,
D2D2D2D2,
CECECFD0,
D0D1D2D2,
4D505352,
4F4E5053,
47484A4B,
4B4A4948,
43434445,
47494B4C,
4E535C68,
75818A8F,
97999CA0,
A3A5A6A6,
A8A8A9AA,
AAABACAC,
AEB0B2B3,
B4B4B3B2,
A8A39C96,
918A8079,
6E63564D,
4B4E5152,
565A5E5E,
5E5E6266,
66737B78,
746E6255,
56392F34,
3B54655B,
574B4545,
3D2C262A,
40627D77,
614F443C,
5453584E,
44545535,
46657868,
4E516D88,
786B95A2,
685E8485,
844E211D,
292D3038,
302D7097,
ACA67379,
3621161C,
1D1E3351,
6F605752,
442F282E,
595A5D62,
696F7578,
768E947D,
696C7271,
747A7D8B,
B3D5C49C,
322C2421,
252C3235,
39444E4D,
41353031,
2A2D2729,
3128345C,
7A74695C,
54545B63,
6B6D7073,
75767676,
7F7F8081,
81828383,
80818486,
88888887,
8F8F8E8E,
8F909293,
93939394,
94959595,
9C9B9998,
98999B9C,
9E9E9E9E,
9E9E9E9E,
9A9A9998,
96928F8D,
8A898885,
83807F7E,
84868584,
898E8576,
7C838E9B,
A6B1B9BE,
BFBFBEBA,
B4ADA6A2,
9E9A9695,
9695918E,
878D8D84,
80827F77,
5638262E,
342D2C34,
2C302E2B,
313C3D36,
363A4C5E,
543E3E51,
4744382C,
2E38352A,
2C21274D,
84A9ACA1,
9173958B,
625C4228,
23527C87,
8C979A92,
93919094,
9A9FA09F,
9C9C9B9A,
9A999898,
96969696,
96969696,
94949494,
94949494,
98979796,
95959494,
92939494,
9392908E,
90908F8E,
8E8D8C8C,
87888885,
83858C91,
A3ACB8C0,
C2C2C3C4,
C3C3C3C4,
C5C5C5C6,
C8C9CACB,
CDCFD0D1,
CECECECE,
CECECECE,
D2D2D2D2,
D2D2D2D2,
D2D2D2D2,
D2D2D2D2,
CECFCFD0,
D1D1D2D2,
4E515352,
4F4D4F52,
4A4B4D4D,
4D4C4B4A,
46464646,
474A4C4D,
4F545D69,
76828B90,
97999CA0,
A3A5A6A6,
A8A8A9AA,
AAABACAC,
AEB0B2B3,
B4B4B3B2,
A9A39D97,
928A817A,
6E63564D,
4B4E5152,
565A5E5E,
5E5E6266,
67727774,
7271695C,
4629222A,
3550645B,
5D483E41,
35202439,
64777C64,
43343941,
51575A46,
3D5B6543,
53666E60,
535C7588,
77587CA1,
7D677E89,
955D291F,
2A303237,
3230648C,
A8AD9096,
39261715,
1622476F,
583D394C,
482E2D44,
65646569,
717D888F,
96ACA47A,
636B6C5C,
72747B99,
D0E6AF64,
2B2B2A27,
24252B2F,
3139403F,
362F2D2E,
32312523,
2A263662,
7A736759,
51525C64,
6B6D7073,
76777777,
7D7D7E7F,
7F808181,
7E808285,
86878686,
8C8D8F90,
91919090,
92929394,
94959696,
9C9B9998,
98999B9C,
9E9E9E9E,
9E9E9E9E,
9C9C9C9B,
98959291,
8E8D8B89,
87858483,
8488898A,
92999284,
89919EAD,
BAC4C9CB,
C0C0BEBA,
B4ADA5A1,
9D999695,
9695918D,
8D8E8A83,
84847868,
3F2D262F,
312A2C36,
2D302F2C,
323D3F38,
353D505E,
54414456,
45423932,
343A3429,
2C222649,
7DA3ABA4,
92729287,
5E5B442B,
2F587E89,
8D969892,
93919195,
9B9F9F9D,
9C9C9B9A,
9A999898,
96969696,
96969696,
94949494,
94949494,
97979696,
95949493,
92939494,
9392908E,
90908F8E,
8E8D8C8C,
87888785,
83878E94,
A5AEB9C0,
C2C2C3C4,
C3C3C4C4,
C5C6C7C7,
C9CACBCC,
CECFD0D0,
CECECECE,
CECECECE,
D2D2D2D2,
D2D2D2D2,
D2D2D2D2,
D2D2D2D2,
CFCFD0D0,
D1D2D2D3,
4B4D4F4E,
4A484A4D,
4E4E4F50,
4F4E4C4B,
49484646,
47494C4E,
5257606B,
77838C90,
97999CA0,
A3A5A6A6,
A8A8A9AA,
AAABACAC,
AEB0B2B3,
B4B4B3B2,
A9A49D98,
938B827B,
6E63564D,
4B4E5152,
565A5E5E,
5E5E6266,
686E706F,
747C7C74,
482B2228,
30495B51,
4D40424B,
3A223056,
817D6C4B,
2E273442,
4E585A40,
385F7150,
67707063,
5D667278,
6A4567A0,
8F6B7895,
9A6D3D28,
272A313A,
30345780,
9B9C8782,
3C2A1B1A,
21304F6C,
40303249,
51484B5B,
6867686D,
788898A2,
B6AA8E6F,
6265645C,
77768CBC,
DFC67833,
292F322F,
2824272C,
31363A39,
34303133,
39382B29,
302A3B67,
79726557,
50525C65,
6B6D7074,
77787979,
7C7C7D7D,
7E7F7F80,
7E7F8284,
86868685,
898B8F91,
92918F8D,
91919293,
95969797,
9C9B9998,
98999B9C,
9E9E9E9E,
9E9E9E9E,
9D9D9D9C,
9B989594,
91908F8D,
8C8A8988,
868B8E91,
9CA6A194,
9399A4B2,
BEC4C4C2,
C1C1BFBB,
B4ACA5A0,
9C999594,
9594908C,
8D8B8581,
8686725A,
322B2C32,
31292B36,
2D31302D,
343F413A,
3541545E,
53434859,
443F3A38,
3B3B342A,
2D242644,
749AA9A8,
93718F83,
5C5B4731,
3D5F808C,
8F949591,
93929296,
9C9F9D9B,
9C9C9B9A,
9A999898,
96969696,
96969696,
94949494,
94949494,
96969595,
94939392,
92939494,
9392908E,
90908F8E,
8E8D8C8C,
87878684,
83889198,
A7AFBAC1,
C3C2C3C3,
C2C3C4C5,
C6C7C8C9,
CBCBCCCD,
CECFD0D0,
CECECECE,
CECECECE,
D2D2D2D2,
D2D2D2D2,
D2D2D2D2,
D2D2D2D2,
D0D0D1D1,
D2D3D3D4,
4C4E504E,
4A48494C,
50505151,
504E4C4B,
4A484644,
44474B4D,
5559626D,
79848C91,
97999CA0,
A3A5A6A6,
A8A8A9AA,
AAABACAC,
AEB0B2B3,
B4B4B3B2,
AAA59E99,
938C827B,
6E63564D,
4B4E5152,
565A5E5E,
5E5E6266,
676B6B6D,
7A8B908B,
4F31262B,
3148594E,
4240484E,
3C305081,
88715137,
2829343F,
4B535640,
375C7158,
6F737069,
6A71726C,
5A3B5C9D,
986A73A0,
94795538,
26233040,
2B384E78,
8F85725B,
3E2E232A,
3841474A,
3038424E,
60707570,
6D6E7179,
8798A8B2,
C5906766,
6A616577,
8082ABE0,
D78C452B,
20293235,
3231363B,
393B3D3D,
3B3A3B3C,
35372E2F,
362D3861,
77716659,
52545E66,
6B6D7074,
787A7B7B,
7C7C7D7D,
7E7F7F80,
7F808385,
87878786,
888B8E91,
91908E8C,
90909293,
95969898,
9C9B9998,
98999B9C,
9E9E9E9E,
9E9E9E9E,
9C9D9D9D,
9C9A9796,
93939291,
8F8E8D8D,
8B90959A,
A7B3B0A4,
9599A2B0,
BDC3C1BD,
C2C2BFBB,
B4ABA49F,
9C989493,
94938F8C,
88868180,
85836A4E,
30303437,
322A2C32,
2E31312F,
3642443D,
3445595D,
4F424A5A,
453E393C,
403C342E,
2D25263F,
6A92A7AD,
96738E81,
5A5D4C39,
4D67838F,
91939290,
93929398,
9D9F9C99,
9C9C9B9A,
9A999898,
96969696,
96969696,
94949494,
94949494,
96959594,
93939292,
92939494,
9392908E,
90908F8E,
8E8D8C8C,
86868583,
838A949D,
A9B1BCC2,
C4C3C2C3,
C2C3C4C6,
C7C9CACB,
CDCDCECE,
CFCFD0D0,
CECECECE,
CECECECE,
D2D2D2D2,
D2D2D2D2,
D2D2D2D2,
D2D2D2D2,
D0D1D1D2,
D3D3D4D4,
51545553,
4E4B4D4F,
50505150,
4F4D4A49,
4B484441,
4144484B,
575C646F,
7A858D91,
97999CA0,
A3A5A6A6,
A8A8A9AA,
AAABACAC,
AEB0B2B3,
B4B4B3B2,
ABA69F99,
948D837C,
6E63564D,
4B4E5152,
565A5E5E,
5E5E6266,
656B6F76,
8695968C,
5133292F,
364E5F55,
46494C49,
414A729B,
765A3C2F,
2D2E333A,
494A5046,
3B536658,
66696867,
6F79786F,
583E5593,
9B6C6B9B,
8C826B4B,
2F273545,
2E414770,
85766B48,
3D332F39,
47473828,
21344450,
69838474,
7B7F8690,
9DAAB5BC,
B4745063,
6E606D94,
8D9AC3DF,
B25A303B,
2E323839,
38353536,
34353738,
38383736,
2E322D30,
362A3258,
7571695E,
57585F66,
6A6D7175,
797B7C7D,
7D7D7E7F,
7F808181,
81828587,
89898988,
898B8C8E,
8F8E8E8D,
8F8F9193,
95979999,
9C9B9998,
98999B9C,
9E9E9E9E,
9E9E9E9E,
9B9B9C9C,
9B9A9896,
94939392,
9190908F,
90969CA3,
B1BFBCB0,
999AA1B0,
C0CAC9C5,
C4C3C0BB,
B4ABA39E,
9B979392,
93928F8B,
8484817F,
81795D3F,
33343736,
332F2E2F,
2E323230,
38444640,
35495D5C,
4A404958,
483D383F,
423D3533,
2E26263A,
6189A5B1,
9B758E80,
5A5F5341,
5C6F8592,
9491908F,
93939499,
9E9F9B96,
9C9C9B9A,
9A999898,
96969696,
96969696,
94949494,
94949494,
95949493,
92929191,
92939494,
9392908E,
90908F8E,
8E8D8C8C,
86868482,
838B97A1,
ABB3BDC3,
C4C3C2C3,
C2C3C4C6,
C8CACCCD,
CFCFCFCF,
CFCFCFCF,
CECECECE,
CECECECE,
D2D2D2D2,
D2D2D2D2,
D2D2D2D2,
D2D2D2D2,
D1D2D2D3,
D4D4D5D5,
52545553,
4E4B4C4E,
5050504F,
4E4B4847,
4A46413D,
3D414549,
595E6670,
7B858D92,
97999CA0,
A3A5A6A6,
A8A8A9AA,
AAABACAC,
AEB0B2B3,
B4B4B3B2,
ABA6A09A,
958D847D,
6E63564D,
4B4E5152,
565A5E5E,
5E5E6266,
656F7B86,
92978974,
55372D32,
38506156,
454F5352,
5B708085,
56433534,
332E2F36,
483F4A4E,
41475754,
5F605D5C,
67777A73,
64494F85,
9C726286,
8C87765A,
41383E46,
42524162,
75676C46,
3B3A3A3F,
443F2D1A,
232A3F5F,
7A85827C,
8B919AA5,
AEB4B7B8,
8461525F,
6159719B,
9FB8CBB3,
73392C3B,
3C3A3939,
3937312D,
33343639,
3A383431,
31342E30,
352A3259,
73716C64,
5E5C6166,
6A6D7175,
797C7E7E,
7F7F8081,
81828383,
8385878A,
8B8C8B8B,
8C8B8B8A,
8B8D8E90,
8E8F9093,
9598999A,
9C9B9998,
98999B9C,
9E9E9E9E,
9E9E9E9E,
99999A9B,
9A999796,
93939392,
92919191,
969CA2A9,
B9C6C4B9,
A5A3A5B2,
C2CCCCC7,
C4C3C0BB,
B3AAA29D,
9A979392,
93928E8A,
84878680,
7A6C4D2F,
32333231,
3233322E,
2F333231,
39454842,
354D6059,
453C4654,
4C3D373F,
433C3738,
2E272536,
5A83A3B4,
9F789080,
5A625849,
68758794,
95908E8F,
9393959A,
9F9E9A95,
9C9C9B9A,
9A999898,
96969696,
96969696,
94949494,
94949494,
94949393,
92919190,
92939494,
9392908E,
90908F8E,
8E8D8C8C,
86868482,
838C9AA4,
ACB4BEC4,
C5C3C2C3,
C2C2C4C7,
C9CBCDCE,
D0D0D0D0,
D0CFCFCF,
CECECECE,
CECECECE,
D2D2D2D2,
D2D2D2D2,
D2D2D2D2,
D2D2D2D2,
D2D2D3D3,
D4D5D5D6,
4E50514E,
49464749,
4F4F4F4E,
4C4A4745,
4945403B,
3B3E4347,
5B5F6771,
7C868E92,
97999CA0,
A3A5A6A6,
A8A8A9AA,
AAABACAC,
AEB0B2B3,
B4B4B3B2,
ACA7A09A,
958E847D,
6E63564D,
4B4E5152,
565A5E5E,
5E5E6266,
65738592,
9B95795B,
5D3E3235,
384E5D51,
3C4E5B64,
7B8F7E5C,
3E37373C,
372A2A35,
47384654,
453F4C51,
605E5752,
5C6F7673,
72534B7B,
9D785B73,
908A7A63,
50484644,
56603D55,
655A6A45,
3A3F4240,
3C35281B,
382E457A,
978D8791,
939AA5AF,
B4B4B1AE,
58575B5A,
4F4F6E93,
AFCFC884,
3F272A2B,
2F2B2B33,
3D43403C,
41424448,
4947413C,
393B3131,
372D3860,
72726F68,
625F6265,
6A6C7176,
7A7D7E7F,
80818182,
83838484,
8586898B,
8D8D8D8D,
8D8C8988,
898C8F91,
8D8E9093,
95989A9B,
9C9B9998,
98999B9C,
9E9E9E9E,
9E9E9E9E,
9798999A,
99989695,
93939392,
92929191,
999FA5AD,
BDCBC8BD,
B4AEABB3,
C0C8C6C0,
C5C4C1BB,
B3AAA29D,
9A969291,
92918E8A,
868B8B82,
75624124,
302F2C2C,
3137352E,
2F333331,
3A464943,
364F6158,
423A4451,
4E3D363F,
433C383B,
2F282534,
5680A3B6,
A17A9080,
5B645B4D,
6E788895,
968F8C8F,
9393969B,
9F9E9994,
9C9C9B9A,
9A999898,
96969696,
96969696,
94949494,
94949494,
94949392,
92919090,
92939494,
9392908E,
90908F8E,
8E8D8C8C,
86858381,
838D9BA6,
ADB5BFC4,
C5C3C2C2,
C1C2C4C7,
C9CCCECF,
D1D1D1D0,
D0D0CFCF,
CECECECE,
CECECECE,
D2D2D2D2,
D2D2D2D2,
D2D2D2D2,
D2D2D2D2,
D2D2D3D4,
D4D5D6D6,
4C4B4948,
48494B4C,
4647494A,
4A494746,
44413D3B,
3B3E4346,
52596471,
7D878D8F,
97999CA0,
A3A5A6A6,
AAAAABAC,
ACADAEAE,
B0B1B3B4,
B4B3B1B0,
AAA6A09C,
978E837B,
6E64574F,
4D4E4F4F,
5A51525E,
625D5F68,
64829A96,
83746C67,
56433438,
4A534C3F,
3D607E83,
7D715436,
372E2D34,
332A2D39,
50403F4F,
5143424F,
5F4E4149,
5F6E6C62,
63684C4D,
8089675C,
A07E797C,
5C40495B,
605A5D5B,
5765654C,
47342B35,
392D1F1B,
2B4E87AE,
A5888CA6,
9DADADA0,
A7B6A786,
48696152,
6060668C,
CBC28C3F,
2336361D,
342F2A2B,
3134322F,
3332353A,
40423F3B,
31323432,
26202D42,
78737457,
6F505E6E,
6C6E7174,
77797979,
7E7E7F80,
80818282,
81828587,
88898988,
8C8C8C8C,
8C8C8C8C,
898A8B8D,
8F919293,
96979798,
99999A9A,
96999C9B,
99989B9E,
98979594,
94959798,
93939393,
94949495,
9C9DA5B6,
C9D1CCC3,
B8B0ACB3,
C2CBC9C3,
C3C5C5BC,
AFA5A2A2,
99949090,
93928B84,
86888F8A,
6C432F31,
3433312F,
2E2E2E2F,
362F2A30,
3C44423D,
3D4D5B58,
49414751,
423A3B43,
40332E34,
292B292D,
48759CAF,
A0878091,
64476C61,
6D7F8F93,
94959087,
91969B9C,
9B9B9DA0,
9A9A9998,
98979696,
96969696,
96969696,
94949494,
94949494,
92929292,
92929292,
92929292,
92929292,
8F8F8F8E,
8E8E8D8D,
87878583,
858F9EA8,
B5BAC1C4,
C3C2C3C5,
C3C4C6C9,
CBCED0D1,
D0D0D0D0,
D0D0D0D0,
D0D0D0D0,
D0D0D0D0,
D2D1CFCE,
CECFD1D2,
D4D4D4D4,
D4D4D4D4,
D4D4D4D4,
D4D4D4D4,
4B4A4948,
48494A4B,
46474849,
49484746,
44413D3B,
3C3F4347,
545B6673,
7F898F91,
97999CA0,
A3A5A6A6,
AAAAABAC,
ACADAEAE,
B0B1B3B4,
B4B3B1B0,
AAA6A09C,
978E837B,
6E64574E,
4C4D4F4F,
57525660,
615B5E68,
788A9389,
7A726E69,
52483E3E,
464E4E4B,
5D7C8D7B,
60514234,
4B392D31,
34302F34,
4C41424F,
4D3E4050,
5B4E4449,
5B6A6D6A,
5F5D4B4A,
6A7B7169,
9C8B817E,
653E3953,
6A726A58,
51524F4C,
2E252739,
443D312D,
425C8BAD,
A58D8FA5,
AAAEAEB1,
BFBF9C71,
635F5252,
60667A9F,
CC9B582A,
202B3333,
342F2B2B,
2F32302C,
3132353C,
42433F3A,
35353736,
2C263347,
73707359,
72525D6C,
6B6D7074,
77787979,
7E7E7F80,
80818282,
81828587,
88898988,
8C8C8C8C,
8C8C8C8C,
8B8B8C8D,
8E909091,
96969697,
98999999,
95989B9B,
98989B9E,
97969594,
94959697,
94949495,
96969697,
9E9FA8B9,
CAD2CDC5,
B7AFAAB2,
C3CFD0CC,
C3C5C4BC,
B0A5A1A0,
98949090,
92918B85,
84878B81,
603A2C30,
35343332,
31313232,
342F2C33,
3E44423C,
404F5B58,
4940464F,
453E3E43,
3F312C30,
2728272A,
457198AA,
A1867D8F,
63476E67,
6F808F93,
94959088,
92969B9C,
9B9A9C9F,
9A9A9998,
98979696,
94949494,
94949494,
94949494,
94949494,
92929292,
92929292,
92929292,
92929292,
8F8F8F8E,
8D8D8D8C,
87868483,
86909EA9,
B5BBC1C4,
C3C2C3C5,
C4C5C7C9,
CBCED0D0,
D0D0D0D0,
D0D0D0D0,
D0D0D0D0,
D0D0D0D0,
D2D1CFCE,
CECFD1D2,
D4D4D4D4,
D4D4D4D4,
D4D4D4D4,
D4D4D4D4,
4B4A4948,
48494A4B,
46474849,
49484746,
44413E3B,
3C404548,
555C6774,
80898F92,
97999CA0,
A3A5A6A6,
AAAAABAC,
ACADAEAE,
B0B1B3B4,
B4B3B1B0,
AAA6A09C,
978E837B,
6F64564D,
4A4C4E4F,
53545A5F,
5E5B626F,
8F908778,
7173716B,
48464340,
41475159,
788F8F66,
3B2D3134,
5C463332,
38373331,
4B41424D,
4A3E3F4C,
554E4849,
54626E75,
4B464D57,
5F767F6E,
8F97877C,
7341294E,
71886E4B,
493C334C,
221B1D2C,
3A3F4144,
5D6C8BA5,
A29293A4,
B2AEB2C3,
CEB88457,
6F57555C,
576999BD,
AE61231E,
29262A3B,
36322E2D,
2F2F2E2C,
2F31363E,
44453F3A,
34333535,
2D283548,
6C6A715B,
77555D67,
6A6C6F73,
76787979,
7E7E7F80,
80818282,
81828587,
88898988,
8C8C8C8C,
8C8C8C8C,
8C8D8D8D,
8D8E8E8E,
94959596,
97979898,
94979A9A,
9797999D,
97969594,
94959697,
96969797,
98999A9A,
A0A3ADBD,
CDD3CFC8,
BDB3ABB1,
C1CED1CE,
C3C4C3BC,
B1A69F9D,
95939090,
918F8A86,
84868472,
4F2F2832,
33333434,
35353636,
312E2F37,
4145413B,
44515B57,
4840444D,
47414042,
3D312B2C,
25272428,
416D94A6,
A4857A8D,
62477370,
72829092,
92949189,
92979B9C,
9B9A9C9E,
9A9A9998,
98979696,
92929292,
92929292,
94949494,
94949494,
92929292,
92929292,
92929292,
92929292,
8F8F8E8E,
8D8C8B8B,
86858483,
86909FAA,
B5BBC2C5,
C4C3C4C6,
C5C6C8CA,
CCCECFD0,
D0D0D0D0,
D0D0D0D0,
D0D0D0D0,
D0D0D0D0,
D2D1CFCE,
CECFD1D2,
D4D4D4D4,
D4D4D4D4,
D4D4D4D4,
D4D4D4D4,
4A494847,
4748494A,
45464748,
48474645,
43413E3C,
3D41464A,
52596471,
7E878D8F,
97999CA0,
A3A5A6A6,
AAAAABAC,
ACADAEAE,
B0B1B3B4,
B4B3B1B0,
AAA6A09C,
978E837B,
6F64554B,
494B4E50,
51545859,
595F6F7F,
958B7A6D,
717A7669,
3E3D3C3C,
404B5862,
7D897B4B,
25212F37,
574C413E,
3E3C3735,
4F403B46,
4D474244,
4E4D4B49,
4D5A6E7C,
38304E68,
68818D6B,
79958276,
7E4C2A56,
7F926238,
44322046,
372D2424,
2F405360,
6B718396,
9B9598A3,
AFB0BDCA,
BF95684E,
61556767,
5377B4C1,
6F361425,
382E252D,
3A373431,
30302F2F,
2E303740,
4646413B,
302E2F2F,
29263142,
66656F5D,
7B585B62,
686A6E72,
7678797A,
7E7E7F80,
80818282,
81828587,
88898988,
8C8C8C8C,
8C8C8C8C,
8D8D8D8D,
8C8C8C8B,
93939494,
95969697,
93969998,
9695989B,
96959493,
93949596,
97979899,
9B9C9D9D,
A3A7B2C1,
CED4D1CC,
C3B7ACAF,
BDC9CCCA,
C4C4C2BC,
B2A79E99,
92919190,
908E8A88,
86867D62,
3F282934,
2F303234,
35353535,
2E2F333B,
4345403B,
49535A55,
4840444B,
42414040,
3C342F2D,
27282528,
406C91A3,
A884778D,
63477679,
76859090,
9094928B,
94989C9D,
9B999B9D,
9A9A9998,
98979696,
93939393,
93939393,
94949494,
94949494,
92929292,
92929292,
92929292,
92929292,
908F8E8D,
8C8B8A89,
85858382,
8691A0AB,
B6BCC2C5,
C4C3C5C6,
C7C8C9CB,
CCCECFD0,
D0D0D0D0,
D0D0D0D0,
D0D0D0D0,
D0D0D0D0,
D2D1CFCE,
CECFD1D2,
D4D4D4D4,
D4D4D4D4,
D4D4D4D4,
D4D4D4D4,
49484746,
46474849,
44454647,
47464544,
43413E3D,
3E43484C,
4E55606D,
7982888B,
97999CA0,
A3A5A6A6,
AAAAABAC,
ACADAEAE,
B0B1B3B4,
B4B3B1B0,
AAA6A09C,
978E837B,
6F635349,
464A4E50,
51545553,
596A808E,
887D6F6B,
78837864,
3C39383E,
4B5A666C,
7F7E663D,
272D3635,
414A4F4B,
433E3D3D,
543F333F,
5255493D,
484A4B47,
47536A7C,
3F2F4660,
67869674,
6987766F,
835F416A,
9B98552C,
44341A37,
43423F3C,
4253656F,
696C7889,
93979DA4,
ADBBCBC4,
9C6D595C,
5B556366,
6DA3BA8C,
3A2B2028,
35382F27,
3C3B3936,
33323234,
2F31363F,
4647433E,
332E2D2E,
2A273140,
63626C5C,
7D59595C,
66686D71,
7578797A,
7E7E7F80,
80818282,
81828587,
88898988,
8C8C8C8C,
8C8C8C8C,
8D8C8C8C,
8B8B8B8B,
91929293,
94949595,
91949796,
94939699,
95949392,
92939495,
9697989A,
9C9D9E9F,
A4AAB6C4,
CFD3D1CE,
BEB3A9AD,
BCCACECD,
C4C3C0BB,
B3A89C94,
8E909190,
8E8C8A89,
89847252,
34282D35,
2B2D3032,
33333231,
2D30353D,
4244413D,
4B535853,
4741444B,
3B3E3F3D,
3B3A3631,
2A2B2729,
416B90A2,
AB83768F,
6547777F,
7B88908F,
8F93938E,
95999D9D,
9A999A9C,
9A9A9998,
98979696,
95959595,
95959595,
94949494,
94949494,
92929292,
92929292,
92929292,
92929292,
908F8E8C,
8B898887,
84848382,
8691A1AC,
B7BDC3C6,
C5C4C5C7,
C9CACBCC,
CDCECFD0,
D0D0D0D0,
D0D0D0D0,
D0D0D0D0,
D0D0D0D0,
D2D1CFCE,
CECFD1D2,
D4D4D4D4,
D4D4D4D4,
D4D4D4D4,
D4D4D4D4,
48474645,
45464748,
43444546,
46454443,
43413E3D,
3F444A4E,
4B525D6A,
77808688,
97999CA0,
A3A5A6A6,
AAAAABAC,
ACADAEAE,
B0B1B3B4,
B4B3B1B0,
AAA6A09C,
978E837B,
70635247,
44494E50,
53565555,
62798A90,
7770686C,
7E87765D,
3E3E4149,
56646E74,
837A5D3A,
303B3C30,
30455450,
45424343,
523F333E,
545C5040,
43474946,
444F6374,
56433C3F,
4F748C83,
6E7B6E6D,
8374657E,
B1904929,
3E361E28,
2D41555C,
5F646663,
62697685,
919BA2A8,
B5C7CCAD,
7B5A5A68,
66565268,
9BC49A42,
29302B21,
293D4135,
393A3A37,
33323437,
3132353C,
44474643,
3C353232,
2F2B3340,
65626A5B,
7C595657,
64676B70,
75787A7A,
7E7E7F80,
80818282,
81828587,
88898988,
8C8C8C8C,
8C8C8C8C,
8A8A8A8B,
8B8B8B8C,
90909191,
92939394,
8F939595,
92929598,
94939291,
91929394,
95959799,
9B9D9FA0,
A4ACB8C5,
CED1D0CE,
B8AEA8B0,
C2D0D5D3,
C5C2BFBB,
B4A89A8F,
8B8E9190,
8D8A8A8B,
897F6442,
2D2B3032,
2B2D3033,
33322F2D,
2F32373C,
40424242,
4C515550,
4843474C,
363D3F3B,
3A3D3A32,
2C2C2829,
406A8E9F,
AE837693,
69477681,
7F8A918E,
8D929390,
969A9D9D,
9A98999B,
9A9A9998,
98979696,
96969696,
96969696,
94949494,
94949494,
92929292,
92929292,
92929292,
92929292,
908F8E8C,
8A888685,
83838282,
8692A1AD,
B8BEC4C7,
C6C5C6C8,
CBCBCCCD,
CECECFCF,
D0D0D0D0,
D0D0D0D0,
D0D0D0D0,
D0D0D0D0,
D2D1CFCE,
CECFD1D2,
D4D4D4D4,
D4D4D4D4,
D4D4D4D4,
D4D4D4D4,
48474645,
45464748,
43444546,
46454443,
42403E3E,
40454B4F,
4C535E6B,
77818789,
97999CA0,
A3A5A6A6,
AAAAABAC,
ACADAEAE,
B0B1B3B4,
B4B3B1B0,
AAA6A09C,
978E837B,
70635145,
43484D51,
54595B5F,
72878C83,
6C68656C,
7E857156,
38424D52,
545B6772,
7A715535,
2F3C3C2F,
30424C48,
44474742,
47413D43,
515A564D,
40434544,
444C5C69,
5D5A3C26,
38546B81,
877A6D72,
8085878C,
A26C3221,
2D302824,
294A6A74,
7370675C,
616E7E8B,
96A1A9AD,
C0C7B688,
635C605F,
665D5B85,
BAA95A1E,
282C2925,
30444A43,
32353734,
2F2E3338,
35333439,
41474948,
40373232,
2F2B303C,
68636958,
7A575354,
63656A70,
74787A7B,
7E7E7F80,
80818282,
81828587,
88898988,
8C8C8C8C,
8C8C8C8C,
8788888A,
8B8C8D8D,
8F8F8F90,
91929292,
8E919494,
91919497,
94939291,
91929394,
93949598,
9A9C9E9F,
A3ACB9C5,
CCCECECE,
C0B8B2B9,
C8D3D3CF,
C5C2BEBB,
B5A9988C,
898E9290,
8B888A8D,
85755433,
282E312A,
2E313436,
36332F2C,
3134383B,
3D404446,
4C50514E,
4846494E,
3740423A,
393D392F,
2A2B2626,
3D668A9B,
B1847898,
6D477480,
828C918C,
8B919491,
979A9E9D,
9A98989A,
9A9A9998,
98979696,
94949494,
94949494,
94949494,
94949494,
92929292,
92929292,
92929292,
92929292,
90908E8B,
89878584,
82828282,
8792A2AE,
B8BEC5C7,
C7C6C7C9,
CCCDCDCD,
CECFCFCF,
D0D0D0D0,
D0D0D0D0,
D0D0D0D0,
D0D0D0D0,
D2D1CFCE,
CECFD1D2,
D4D4D4D4,
D4D4D4D4,
D4D4D4D4,
D4D4D4D4,
48474544,
44454748,
42434546,
46454342,
42403E3E,
41464C50,
4E55606D,
7983888B,
97999CA0,
A3A5A6A6,
AAAAABAC,
ACADAEAE,
B0B1B3B4,
B4B3B1B0,
AAA6A09C,
978E837B,
70635144,
42474D51,
555B616A,
7E908874,
6967656B,
7B816D52,
2E415455,
4B49596A,
69644B2D,
26353A31,
3841433E,
414B493E,
3D434849,
4D545858,
3E414242,
444B5761,
53644322,
313D4B71,
9F7E7177,
7D8E9A91,
83441A16,
1B283128,
47688487,
817D756A,
63748894,
9CA6ADB0,
C6C09C6A,
5763614D,
586578A9,
C0732424,
26212432,
434A4945,
2C303330,
2C2B3036,
37343337,
3F474B4B,
3E352E2E,
2A262A34,
6B646856,
78565252,
62656A6F,
74787A7B,
7E7E7F80,
80818282,
81828587,
88898988,
8C8C8C8C,
8C8C8C8C,
85868789,
8B8D8E8F,
8E8E8F8F,
90919192,
8E919493,
91909396,
94939190,
90919394,
91929496,
999C9D9E,
A2ACBAC5,
CBCDCDCD,
D1C7BFC2,
CCD0CBC3,
C5C2BDBB,
B5A9988A,
878D9290,
8B888A8D,
826E4A29,
24303024,
32353839,
3834302C,
33353839,
3B3F4549,
4B4E504D,
48474B50,
3A44443A,
373B362A,
28282323,
39628697,
B284799B,
7047727E,
848E918C,
8B919492,
979B9E9D,
9A97989A,
9A9A9998,
98979696,
92929292,
92929292,
94949494,
94949494,
92929292,
92929292,
92929292,
92929292,
91908E8B,
89868483,
81828182,
8793A3AE,
B9BEC5C8,
C7C6C7C9,
CDCDCECE,
CECFCFCF,
D0D0D0D0,
D0D0D0D0,
D0D0D0D0,
D0D0D0D0,
D2D1CFCE,
CECFD1D2,
D4D4D4D4,
D4D4D4D4,
D4D4D4D4,
D4D4D4D4,
4D49423D,
3B3D4144,
40414345,
46464545,
3F404042,
43444445,
4E535C68,
75818A8F,
96989B9E,
A2A5A8A9,
AAAAABAC,
ACADAEAE,
B0B1B3B4,
B4B3B1B0,
AEAAA49E,
988F847C,
7762504A,
4845464C,
574E5D83,
97887269,
64686A6D,
75786956,
3B48544B,
322D5381,
66544138,
35343639,
4E514A3C,
38414A4C,
4030526C,
4F455753,
4D433C40,
4C54524D,
5763644C,
2C243C57,
848E8A7A,
798A9591,
512A1A2B,
2C1E325C,
747A838F,
9CA09688,
8D7F88A9,
B7ADAFC2,
D1986761,
68625D60,
6D5E99C8,
88372832,
252C2A28,
3E5C5C48,
363F3C2C,
26303837,
36323036,
424D5151,
48302630,
32282B3C,
5C645F55,
7F526657,
585F686E,
7173767A,
7E7E7F80,
80818282,
82838485,
8788898A,
89898A8A,
8A8A8B8B,
88888989,
8A8B8B8C,
8F90918F,
8D8D8F92,
9191908E,
8D8B8A89,
8C90928F,
8A888D93,
9496999D,
A0A2A2A3,
A9A8A8AD,
B4B9B9B8,
CDD0D1CB,
C1B6AFAC,
AAAFB6BA,
B5A59183,
838A8B88,
8A918F87,
7E58362D,
2E2A282B,
31363A39,
332F3134,
2D3A3F39,
3A464B46,
45604661,
41434749,
4E474345,
453D342F,
28292421,
2E537F9C,
A8A07783,
845F6F8B,
8E8F9192,
92918F8E,
979CA1A0,
9B989A9E,
9A9A9998,
98979696,
96969594,
94939292,
96979898,
97969493,
94949392,
92919090,
90909090,
90909090,
8B8B8B8A,
8A898989,
827F7D80,
8896A5AE,
BBBDC0C4,
C7C9CACA,
CBCDCFD1,
D2D2D2D1,
D0D0D0D0,
D0D0D0D0,
D0D0D0D0,
D0D0D0D0,
D4D4D4D4,
D4D4D4D4,
D6D6D6D6,
D6D6D6D6,
D4D4D4D4,
D4D4D4D4,
4C48423C,
3B3D4043,
42434545,
45444342,
41403F40,
41434647,
4F545D69,
76828B90,
97989B9E,
A2A6A8AA,
AAABABAC,
ADADAEAE,
B0B1B3B4,
B4B3B1B0,
AEA9A39E,
988F847B,
7360504C,
4A47494F,
525E778C,
8A75635C,
6265696F,
7A7D6A52,
3C454739,
2E3B6182,
745B3F35,
383C3A35,
474B463A,
36404A4C,
453D536B,
6154575B,
544D4748,
4E52514D,
4458675A,
3D2E384A,
636C6C68,
748C9288,
733E161A,
2930425C,
727A8796,
A6B1B5B3,
A69FA6BB,
C3BCBDC8,
A9816263,
67605E65,
758FB4A7,
612C262E,
282E2D2D,
44626654,
323A392D,
28303736,
3634343A,
454D4F4E,
49322830,
31282C3B,
5B655B53,
79516151,
575E676D,
70727679,
7E7E7F80,
81818181,
82838485,
8788898A,
87888989,
8B8B8C8D,
8989898A,
8B8C8C8C,
8F90908D,
89858383,
8C8C8E90,
93959697,
8B8E9190,
8C8C9095,
97999B9C,
9D9D9C9C,
9896979B,
A1A6A6A4,
B4B7B9B5,
ACA49E9C,
9BA0A7AB,
A79C8C82,
7E858887,
8A908D84,
6C4D312C,
302E2D30,
31363937,
322F3134,
30393C38,
3D484A43,
435E4460,
4144494C,
4D474242,
433D332D,
27272422,
2E517D9C,
A79F757F,
8361738D,
8F909192,
9291908F,
979CA1A0,
9B999B9E,
9A9A9998,
98979696,
96969594,
94939292,
96979898,
97959392,
94949392,
92919090,
90909090,
90909090,
8B8B8B8A,
8A898989,
827F7E80,
8997A5AE,
BBBDC1C5,
C8C9CACA,
CCCED0D1,
D2D2D2D1,
D0D0D0D0,
D0D0D0D0,
D0D0D0D0,
D0D0D0D0,
D4D4D4D4,
D4D4D4D4,
D6D6D6D6,
D6D6D6D6,
D4D4D4D4,
D4D4D4D4,
4945403C,
3B3C3F42,
43434445,
45434241,
43403E3C,
3E42474B,
50555E6A,
77838C91,
97999B9F,
A3A6A9AA,
ABABACAC,
ADAEAEAF,
B0B1B3B4,
B4B3B1B0,
ADA9A39D,
978E837B,
705E504C,
4A474B53,
4B70908F,
78645A56,
5F636873,
83846A4B,
3B3F3523,
2B4E6D78,
81634133,
3A433F35,
3F444137,
343E4647,
45484D62,
7361525D,
5E5B5753,
504F4D4D,
38506869,
563F3535,
4550575C,
718A8C7D,
875F321C,
1F33536C,
666B778A,
A0B4C4CE,
C1C1C5CA,
CDC9C0B9,
79675F64,
635B616F,
81BCBA6E,
3221242C,
272C2B2D,
4361675B,
2C33342D,
2B303433,
37373940,
474C4C4A,
4B362A2E,
2F282C39,
5A675651,
70515B4B,
555C666C,
6F727679,
7D7E8081,
82828180,
81828384,
86878889,
85868789,
8B8D8E8F,
8A8A8B8B,
8C8D8D8E,
908F8D8B,
88858381,
81838589,
8C909293,
8A8D908F,
8E8E9194,
90909191,
908E8C8A,
87868589,
8F929290,
999DA09F,
9A959393,
91949898,
93897F78,
78808587,
8C918A7E,
543F2D2C,
31323234,
33353735,
31303133,
35373738,
424B493F,
425C405D,
42474D4F,
4B453F3D,
3F3D342A,
26252423,
2E4D7A9C,
A49D717A,
81657891,
8F909192,
9291908F,
989C9F9F,
9C9A9B9D,
9A9A9998,
98979696,
96969594,
94939292,
95969797,
96959392,
94949392,
92919090,
90909090,
90909090,
8C8C8B8A,
8A898888,
817F7E80,
8A98A6B0,
BCBFC2C6,
C9CBCBCC,
CECFD1D2,
D3D2D2D1,
D0D0D0D0,
D0D0D0D0,
D0D0D0D0,
D0D0D0D0,
D4D4D4D4,
D4D4D4D4,
D6D6D6D6,
D6D6D6D6,
D4D4D4D4,
D4D4D4D4,
45433F3B,
3A3C3E40,
3E404244,
45454443,
44403C3A,
3C42494E,
4E535C68,
75818A8F,
989A9CA0,
A3A7AAAB,
ACACADAD,
AEAFAFB0,
B0B1B3B4,
B4B3B1B0,
ACA8A29D,
978E827A,
6E5E4F4A,
46434A54,
537D9786,
695F5F5B,
5F646D7B,
8B896945,
37392919,
2F5B6A5C,
7E694A36,
3842423A,
3D434136,
32393E3D,
3D474157,
7D694A5A,
6565625B,
524B4A4A,
3E4B5E6B,
6A583E2C,
3A4E5D60,
6D818479,
7979643D,
2538678D,
6B63667C,
9AB2C2CD,
CECFCECC,
CFC9AD8E,
605E6163,
5C58687F,
98C19236,
1B21222E,
26282526,
39525B54,
292D2E2D,
2D303131,
37393E44,
484A4948,
4D3B2D2D,
2D292E38,
5B6D5152,
68575948,
535A646A,
6E717578,
7B7D8082,
8382817F,
81818284,
85878888,
83848689,
8B8E9091,
8B8C8C8D,
8E8E8F8F,
8E89827F,
81848889,
82838486,
87898A8B,
8A8B8D8D,
8B8A8A8A,
87888888,
87858281,
7F7D7D80,
86898987,
8D919492,
8E8A898A,
8B8C8C87,
7E746D69,
7780878B,
91928573,
3F352D2D,
31333333,
35353432,
30303132,
39353339,
464D463C,
42593D5B,
424A5051,
48443C38,
3D40372A,
26242426,
2E477399,
A29C7077,
816B7F93,
90919293,
93929190,
9A9C9E9E,
9D9C9B9B,
9A9A9998,
98979696,
96969594,
94939292,
95959696,
96949291,
94949392,
92919090,
90909090,
90909090,
8D8D8C8B,
89888787,
817F7E81,
8B99A8B2,
BEC0C4C7,
CACCCDCD,
CFD0D2D3,
D3D3D1D1,
D0D0D0D0,
D0D0D0D0,
D0D0D0D0,
D0D0D0D0,
D4D4D4D4,
D4D4D4D4,
D6D6D6D6,
D6D6D6D6,
D4D4D4D4,
D4D4D4D4,
413F3D3B,
3A3B3D3E,
393B3E42,
45464747,
423F3C3A,
3D434A4F,
4C515A66,
737F888D,
999A9DA1,
A4A8AAAC,
ACADADAE,
AFAFB0B0,
B0B1B3B4,
B4B3B1B0,
ACA7A19C,
968D8179,
6F5F4F47,
41404C5A,
71898D74,
5E5E625F,
646C7785,
918A6641,
33342720,
3A5E5939,
6964523B,
343E4441,
41474539,
33353633,
39423C57,
8473505C,
6868665F,
554D4949,
4643485C,
71705941,
38566A64,
616F7C7D,
6576765F,
52678CA4,
88726B84,
A6BAC1C5,
D3D0CAC9,
CBBC8F62,
62656762,
595C7692,
BAA85A1D,
2529202E,
2D2A2423,
30434C4C,
2C2A2A2D,
2F2F2F30,
363A4044,
46474747,
5040312B,
2A2A2F36,
5C734E54,
62605A48,
50576168,
6C707478,
7A7D8183,
8483807E,
80808183,
84868787,
83848689,
8B8E9091,
8D8D8E8E,
8F909091,
897C6C64,
676F767A,
83848587,
898B8D8E,
86868685,
84827E7A,
7F7F8181,
81807E7D,
77757579,
7F838381,
8D8D8B83,
79706C6B,
76797A75,
6C656364,
7C858C90,
94917B63,
3333312E,
2F31312F,
3734312F,
2F303131,
3B34333D,
494B433B,
44593A58,
424C5252,
45423933,
3C463E2C,
2824252A,
2E406B95,
A19E7178,
85738594,
91929394,
94939291,
9B9B9C9D,
9E9E9C9A,
9A9A9998,
98979696,
96969594,
94939292,
94959596,
95939190,
94949392,
92919090,
90909090,
90909090,
8E8E8C8B,
89888686,
817F7E82,
8C9BAAB4,
C0C2C5C9,
CCCECFCF,
D1D2D3D4,
D4D3D1D0,
D0D0D0D0,
D0D0D0D0,
D0D0D0D0,
D0D0D0D0,
D4D4D4D4,
D4D4D4D4,
D6D6D6D6,
D6D6D6D6,
D4D4D4D4,
D4D4D4D4,
3D3C3B3A,
3A3B3C3D,
383A3D41,
44464646,
3F3E3C3C,
3F444A4E,
4D525B67,
7480898E,
9A9B9EA1,
A5A9ABAD,
ADAEAEAF,
B0B0B1B1,
B0B1B3B4,
B4B3B1B0,
ABA6A09B,
958C8178,
705F4E45,
4044576C,
918E7E65,
56575C5D,
6C798790,
93866240,
33332F33,
4A594522,
4C55503C,
343E4541,
444B4A3E,
3636342F,
3D3C4367,
8A7F6565,
6A686561,
5C56504C,
4B3D3748,
65767164,
42606E5D,
4F5B707C,
5F5C5B68,
84A0A7A1,
927B7793,
B2BBBBBE,
D7CFCAC9,
C0A17451,
6D6C6860,
5E6E8EA9,
C77F3121,
352F222D,
39312826,
2E3B464B,
332B272D,
302E2E31,
34383E41,
41434649,
52453429,
272B3034,
5A754754,
5B675B48,
4D555F67,
6B6F7478,
797C8185,
8583807D,
7F808182,
84858687,
85868789,
8B8D8E8F,
8E8F8F90,
91919292,
84725B4E,
4D535859,
6B6D7075,
7A7E8283,
7B7A797A,
7B78726C,
6A6B6C6D,
6C6B6968,
6A696A6F,
767B7B7A,
89878072,
62554E4C,
5D646B6B,
6664696E,
848B9093,
94896B4C,
2C33352F,
2C2F312E,
38332E2C,
2E313130,
3A333542,
4A463F3D,
47593856,
424D5251,
4140362F,
3C4E4732,
2B26282D,
2D386290,
A0A1767C,
8B7C8A91,
92939495,
95949392,
9D9B9A9C,
9F9F9C98,
9A9A9998,
98979696,
96969594,
94939292,
93949595,
9492918F,
94949392,
92919090,
90909090,
90909090,
8F8F8D8B,
89878585,
817F7E82,
8D9CACB5,
C1C3C7CA,
CDCFD0D0,
D3D4D5D5,
D4D3D1D0,
D0D0D0D0,
D0D0D0D0,
D0D0D0D0,
D0D0D0D0,
D4D4D4D4,
D4D4D4D4,
D6D6D6D6,
D6D6D6D6,
D4D4D4D4,
D4D4D4D4,
3B3A3A3A,
3A3B3B3C,
3D3E4042,
42424140,
3C3C3D3F,
42464A4C,
5257606C,
79858E93,
9A9C9EA2,
A6A9ACAD,
AEAEAFAF,
B0B1B1B2,
B0B1B3B4,
B4B3B1B0,
AAA6A09A,
958B8078,
705F4E45,
444F6B87,
98836C5D,
534F5763,
7587969A,
93805E41,
39353848,
57533920,
33424337,
39474638,
444C4D43,
3B3B3832,
40324B79,
8A867B6C,
6D676364,
66635A52,
52473B3D,
4D617077,
61737153,
3F4A606A,
5745415F,
889C978B,
7F7682A4,
B8B8BAC5,
D7D0CFCA,
AB7C5F5B,
6F6B6360,
6A86A8BD,
A24C1C2B,
352D2D30,
3D332927,
2D37434D,
3C2E262C,
302D2D33,
31363B3C,
3C3F464C,
54483628,
262B3132,
55743F52,
546B5947,
4B535D65,
6A6E7377,
787C8186,
86847F7C,
7E7F8081,
83848586,
87888989,
8B8B8C8D,
90909091,
92939393,
84735E52,
5152504D,
5254575B,
5F636668,
6A69696E,
72716B64,
5F5F5E5D,
5B585553,
605F6167,
6F757776,
7D7B766B,
5F555251,
5A657073,
7171787F,
898E9292,
8F7E5733,
2633382F,
292F3431,
3A332C2A,
2E31312F,
37333946,
49403C41,
4A5B3755,
414D514F,
3E3E342D,
3E554F38,
2F282A30,
2C325A8A,
A1A57C81,
91838D8E,
92939495,
95949392,
9E9B999B,
A0A19C97,
9A9A9998,
98979696,
96969594,
94939292,
93939494,
9492908F,
94949392,
92919090,
90909090,
90909090,
908F8E8B,
89868584,
807F7E83,
8D9DADB7,
C2C4C8CC,
CFD1D1D2,
D5D5D6D6,
D5D3D1D0,
D0D0D0D0,
D0D0D0D0,
D0D0D0D0,
D0D0D0D0,
D4D4D4D4,
D4D4D4D4,
D6D6D6D6,
D6D6D6D6,
D4D4D4D4,
D4D4D4D4,
3939393A,
3A3A3B3B,
43434342,
413E3B3A,
393B3D40,
4447494A,
565B6470,
7D899297,
9B9C9FA2,
A6A9ACAE,
AEAEAFB0,
B0B1B2B2,
B0B1B3B4,
B4B3B1B0,
AAA59F9A,
948B8077,
6F5E4D46,
48597B9B,
8D735F5A,
534B576E,
7B8FA0A0,
927B5C42,
3E383F55,
5F4F3626,
27343732,
3E50482F,
424C4E46,
3F3F3D37,
3F284D81,
8586866D,
6F676266,
6D6D6358,
5D56493B,
38476277,
8589754E,
38425257,
4B3D3E56,
6C717379,
707591B6,
C2BBC3D9,
D5D0D2C8,
975E5269,
6A655E60,
7599B9CA,
7023122F,
2A283836,
3A2F2524,
2933414D,
4230262C,
302C2D35,
30343838,
383C464E,
554A3727,
252C3132,
5071394E,
4E6B5845,
4A525D65,
6A6E7377,
787C8286,
87847F7B,
7E7F8081,
83848586,
89898A8A,
8A8A8B8B,
90919192,
93939494,
86796A64,
65655F57,
52525353,
54555556,
5D5C5E65,
6D6F6962,
69686663,
5E595552,
5D5C5E65,
6E757777,
7173726F,
6A686B6E,
69748083,
7F7D838B,
8B909291,
8B754A23,
2232382E,
28303736,
3A332A29,
2D31312F,
35333C4A,
483C3A43,
4D5C3754,
414C514E,
3C3E342C,
3F59553C,
322A2C31,
2B2E5687,
A2A88085,
96878E8C,
92939596,
96959392,
9E9A989B,
A0A19C97,
9A9A9998,
98979696,
96969594,
94939292,
92939494,
9392908E,
94949392,
92919090,
90909090,
90909090,
91908E8B,
89868483,
807F7E83,
8E9EAEB8,
C3C5C9CC,
CFD1D2D2,
D5D6D6D6,
D5D3D1D0,
D0D0D0D0,
D0D0D0D0,
D0D0D0D0,
D0D0D0D0,
D4D4D4D4,
D4D4D4D4,
D6D6D6D6,
D6D6D6D6,
D4D4D4D4,
D4D4D4D4,
36363738,
38393A3A,
3A3C3E3F,
40403F3E,
3B3F4343,
42464F58,
5459626D,
7A868E93,
989DA1A4,
A4A7ACB0,
AEAEAFB0,
B0B1B2B2,
B4B5B6B6,
B5B4B2B0,
AEA49A96,
96908377,
6B624E44,
5E87978D,
76625453,
54556375,
868D9696,
886D513E,
2A3D564F,
39414328,
1F2E393B,
424C493D,
47553835,
414D572F,
383F3F70,
8B7E816D,
65605E61,
5E5B6472,
70605452,
4F4E5C71,
909F783C,
32414546,
2D3C4C5B,
6E838A87,
8386868E,
AFD6E1D4,
D5CEC7B4,
8557556E,
53536A79,
8EC5C47C,
2E2E2F30,
2F2D2C2A,
312D2928,
2C343E44,
403C3631,
2E2E3031,
303A4140,
38373E48,
53493B30,
2C2C2F30,
55713D5B,
5769564F,
4B51585E,
62687076,
77787B7D,
7F7F7F7E,
7E7F7F80,
81818282,
89898A8A,
8A8B8B8B,
97979695,
94929291,
807F7E7C,
7A797777,
66635F5D,
5E616669,
6A6B6E70,
72727271,
6D707473,
6F6D6D6F,
696F6F6C,
707C8280,
7E818589,
8A857C75,
7D828787,
8484898E,
918D9397,
7D4D2E29,
31302F2E,
30333739,
3735322F,
2E303233,
2D3B4746,
3B353941,
5A464A51,
44475555,
4537302B,
34555935,
2B2B2D2B,
28315376,
9AA48D79,
8B988F8A,
98949091,
94969593,
9E9E9D9C,
9C9B9A9A,
94959798,
98979594,
96969696,
96969696,
92929292,
92929292,
94949392,
92919090,
92929292,
92929292,
908F8D8B,
89878584,
847C7D8B,
9AA4AFBB,
C0C3C8CD,
D1D2D2D1,
D6D6D5D4,
D4D3D2D2,
D0D0D0D0,
D0D0D0D0,
D2D2D2D2,
D2D2D2D2,
D6D6D6D6,
D6D6D6D6,
D6D6D6D6,
D6D6D6D6,
D4D4D4D4,
D4D4D4D4,
36363738,
38393A3A,
3A3C3E3F,
40403F3E,
3B3F4243,
43475057,
565B636F,
7B878F94,
989CA1A3,
A4A6ABB0,
AEAEAFB0,
B0B1B2B2,
B4B5B6B6,
B5B4B2B0,
ABA29995,
938D7F74,
6B5B4E5A,
7D988F78,
65595356,
585B6A7C,
908E8C87,
7C695241,
32415249,
39403F27,
22323C3A,
3940423C,
42593E34,
3C4C5B34,
373D3E77,
9788856D,
605D5F65,
635C5E66,
706A6867,
5D545C6D,
82846F59,
503F3D56,
38495D6E,
808F9088,
80817E86,
ACD9E7DC,
D3D2C09A,
73606064,
5D647891,
AFC39C53,
2B2C2E30,
31323130,
312E2A28,
2C343C42,
3D39332E,
2D303437,
353A3F3E,
3A393E43,
52493C32,
2C2D2F31,
546E3B54,
5362544D,
4C525A60,
646A7177,
76787A7C,
7E7E7E7E,
7E7E7E7F,
80818181,
87878889,
8A8B8C8C,
96969594,
93929291,
87868482,
7F7D7B7A,
7775726F,
6E6E7072,
71737578,
7A7B7B7B,
7A7E807F,
7B787879,
797F7F7C,
818D9391,
999A9B9B,
9890857E,
82878C8C,
89898D91,
8F8F9087,
6A452D26,
31302F2F,
30333639,
3533302E,
2F303335,
343F4947,
3C363B42,
5C464950,
45485554,
4B3D3834,
3B5A603E,
2C2B2D2C,
28325274,
99A48F7A,
8B988F8B,
98949191,
94969594,
9E9E9D9C,
9C9B9A9A,
95969798,
98979695,
96969696,
96969696,
92929292,
92929292,
94949392,
92919090,
92929292,
92929292,
8F8F8D8B,
89878584,
847C7D8B,
9AA4B0BB,
C1C4C9CE,
D1D2D2D1,
D6D6D5D4,
D4D3D2D2,
D0D0D0D0,
D0D0D0D0,
D2D2D2D2,
D2D2D2D2,
D6D6D6D6,
D6D6D6D6,
D6D6D6D6,
D6D6D6D6,
D4D4D4D4,
D4D4D4D4,
36363738,
38393A3A,
3A3C3E3F,
40403F3E,
3B3E4142,
44495157,
595D6671,
7D889195,
979CA1A3,
A4A6ABAF,
AEAEAFB0,
B0B1B2B2,
B4B5B6B6,
B5B4B2B0,
ACA59C98,
948C7E73,
6C5A5B7C,
9E9D7D5E,
514F5157,
5B627588,
988C7E76,
71675547,
3A464A41,
3D433C29,
2C363B35,
30343837,
3C5F4834,
3549613E,
33373D80,
A7958A6C,
56545A66,
685F5B5D,
696B7071,
655A5C67,
5D545368,
683C325D,
4B5D7182,
939D9688,
85837A7B,
9ECDE3DF,
D1CDAB77,
5F676A5D,
61788EAD,
CBB0642B,
2A2C2F32,
35363636,
312E2A29,
2C323A3F,
3C37302C,
2C31383C,
3B3C3C3C,
3C3C3C3D,
50493E34,
2D2D3032,
536A3B4A,
4F58534B,
4D525A60,
646A7277,
7576797B,
7D7D7D7D,
7C7D7D7E,
7F7F8080,
83848587,
898B8D8D,
95959494,
93929292,
8F8E8C88,
85827F7E,
8382817E,
7C7A7877,
787A7D81,
83858585,
83888D8F,
8E8F9194,
969C9C99,
9DAAB0AD,
B7B6B4AD,
A3978B84,
888C9091,
908F9193,
8D938B6F,
4F3A2D24,
30302F2F,
31333638,
31302E2D,
2F323538,
39424845,
3B373D45,
5F47474F,
474B5651,
4C3E3B39,
3E596145,
2E2C2D2C,
2A325171,
99A5917D,
8D98908C,
99959192,
95979694,
9E9E9D9C,
9C9B9A9A,
95969798,
98979695,
97979797,
97979797,
93939393,
93939393,
94949392,
92919090,
92929292,
92929292,
8F8E8C8A,
88868483,
847C7D8C,
9BA5B1BD,
C3C6CBCF,
D2D3D3D2,
D6D6D5D4,
D4D3D2D2,
D1D1D1D1,
D1D1D1D1,
D3D3D3D3,
D3D3D3D3,
D6D6D6D6,
D6D6D6D6,
D5D5D5D5,
D5D5D5D5,
D3D3D3D3,
D3D3D3D3,
36363738,
38393A3A,
3A3C3E3F,
40403F3E,
3C3D3E41,
454B5257,
5B606872,
7E899195,
979BA0A2,
A3A5AAAE,
AEAEAFB0,
B0B1B2B2,
B4B5B6B6,
B5B4B2B0,
AEA9A29E,
988E8177,
726A799A,
A285614F,
4A4D5155,
5A687F93,
9484736E,
706B5C4D,
3E473F3A,
494E3E32,
3A37312C,
2C2F302E,
3B645036,
2F456449,
2F303A86,
B29C8A69,
4B464C5C,
66646062,
65636261,
5E5B5C5F,
3F363D63,
75514162,
616E7C8A,
98A19889,
8C8B7D71,
86B5D6DE,
CAB48960,
57656C65,
6892A8BA,
C2843726,
2E303235,
36373736,
312F2B2A,
2C31373B,
3E39312B,
2B2F363B,
3F3C3A3B,
3D3E3C39,
4D494036,
2F2D3034,
53673F43,
5051554D,
494F575C,
61676E74,
7375777A,
7B7C7B7B,
7B7B7C7C,
7D7E7E7F,
80818385,
888B8D8E,
93939393,
92929292,
9593908C,
8884817F,
80818180,
7F7C7978,
7A7C7F83,
86878888,
848B949C,
A1A6ADB2,
B0B6B6B2,
B6C2C7C5,
C7C5BFB3,
A3948984,
8B8E9194,
93929291,
8D948257,
38322F26,
2F2F3031,
32343536,
2D2D2C2C,
2E33373A,
373D413E,
3838414A,
6448464F,
4A4E564E,
45383838,
39505B46,
302D2D2D,
2B334F6C,
98A79581,
8F99908E,
9A969292,
96989795,
9E9E9D9C,
9C9B9A9A,
96979899,
99989796,
98989898,
98989898,
94949494,
94949494,
94949392,
92919090,
92929292,
92929292,
8E8D8C8A,
87858483,
847C7D8C,
9CA7B3BF,
C6C9CDD1,
D4D4D3D2,
D6D6D5D4,
D4D3D2D2,
D2D2D2D2,
D2D2D2D2,
D4D4D4D4,
D4D4D4D4,
D6D6D6D6,
D6D6D6D6,
D4D4D4D4,
D4D4D4D4,
D2D2D2D2,
D2D2D2D2,
36363738,
38393A3A,
3A3C3E3F,
40403F3E,
3C3B3C3F,
464D5356,
5C616873,
7E889094,
969A9FA1,
A2A4A9AD,
AEAEAFB0,
B0B1B2B2,
B4B5B6B6,
B5B4B2B0,
A9A7A39F,
978C8077,
7C8396A0,
875C484D,
4E515252,
5A6F8899,
84786D6E,
73705F4F,
3E47373A,
5D60443C,
43332525,
2D312D28,
4366513B,
2F3E6355,
2E2D398A,
B69B8768,
443A3A4C,
5E66696C,
72675750,
535A5954,
383A3B55,
7975646C,
757A7E84,
929D9789,
878A7D6C,
79A5CDDD,
B78F695D,
5F636E7D,
83B3C3B7,
984F2137,
33343636,
36353433,
312F2C2B,
2C2F3437,
423C342E,
2B2D3236,
3F3C3A3B,
3D3E3C39,
4A484339,
302D3137,
5163443F,
554C5A50,
444A5157,
5C61696F,
72737678,
7A7A7A79,
797A7A7B,
7C7C7D7D,
7E7F8184,
87898B8C,
91919191,
92929292,
9594918D,
88858280,
797A7C7D,
7D7C7B7A,
77797C7F,
82838383,
888F9AA2,
A8AEB6BB,
B7BCBBB6,
B8C3C7C4,
C8C7C0B1,
9E8F8886,
8B8D9093,
94938F8C,
8E8D7245,
2C2E312A,
2E2F3032,
33343535,
2C2B2A2B,
2E32373A,
33363734,
3338444F,
6949434D,
4C52574B,
4034373A,
3749574A,
332E2D2E,
2D344D67,
96A89985,
90999190,
9A979393,
96999896,
9E9E9D9C,
9C9B9A9A,
9798999A,
9A999897,
98989898,
98989898,
94949494,
94949494,
94949392,
92919090,
92929292,
92929292,
8D8C8B89,
86848382,
837C7D8D,
9DA8B5C1,
C8CBCFD3,
D5D5D4D3,
D6D6D5D4,
D4D3D2D2,
D2D2D2D2,
D2D2D2D2,
D4D4D4D4,
D4D4D4D4,
D6D6D6D6,
D6D6D6D6,
D4D4D4D4,
D4D4D4D4,
D2D2D2D2,
D2D2D2D2,
36363738,
38393A3A,
3A3C3E3F,
40403F3E,
3C3A3A3E,
47505556,
5C606872,
7C868E92,
95999EA0,
A1A3A8AD,
AEAEAFB0,
B0B1B2B2,
B4B5B6B6,
B5B4B2B0,
A1A1A19D,
958A7F77,
86919989,
63413E4D,
51545353,
627B8F96,
736E6B6F,
736C5B4C,
3F4A3641,
77734841,
402D2025,
2E312E2D,
53654D41,
35365D5F,
33313D8E,
B595846C,
47362F40,
5663676A,
7D746355,
555B574D,
37423B43,
68796E69,
83827D7E,
8C99968A,
7C807971,
86B0CCD1,
92705D66,
6D6D7E99,
A8C4C59E,
642C2341,
35353636,
35343230,
31302D2C,
2C2E3132,
403D3731,
2E2E2F31,
3B3C3C3C,
3C3C3C3D,
4748453C,
312D3239,
495B473B,
5A485D51,
41464E54,
585E666B,
70727477,
78787878,
78787979,
7A7B7B7C,
7F7F8183,
85878889,
8F8F9090,
91929292,
9493908D,
89868482,
7B7B7C7C,
7D7E7F7F,
76787A7C,
7E7E7E7D,
8F959CA1,
A3A5AAAD,
ABB0ADA6,
A7B0B3AF,
BDBDB8AA,
988C8A8D,
8C8C8E92,
95948E88,
8D7B5A38,
292C2F2D,
2C2E3133,
35353434,
2B2B2A2A,
2D313639,
3534312E,
2F374550,
6E4A414D,
4F565748,
42363C41,
3B495A54,
352F2D2E,
2F354B62,
95A99D88,
92999292,
9B979494,
97999896,
9E9E9D9C,
9C9B9A9A,
98999A9B,
9B9A9998,
99999999,
99999999,
95959595,
95959595,
94949392,
92919090,
92929292,
92929292,
8D8C8A88,
86848281,
837B7D8D,
9EAAB6C2,
CBCED1D5,
D6D6D4D3,
D6D6D5D4,
D4D3D2D2,
D3D3D3D3,
D3D3D3D3,
D5D5D5D5,
D5D5D5D5,
D6D6D6D6,
D6D6D6D6,
D3D3D3D3,
D3D3D3D3,
D1D1D1D1,
D1D1D1D1,
36363738,
38393A3A,
3A3C3E3F,
40403F3E,
3D39383D,
48515556,
5B5F6670,
7A848B8F,
94999EA0,
A1A3A8AC,
AEAEAFB0,
B0B1B2B2,
B4B5B6B6,
B5B4B2B0,
A1A3A6A3,
9B908680,
8E8E8062,
4A444647,
4D52545B,
718C958F,
6A6A6A6B,
695F5145,
44523A4B,
8D824840,
3128262B,
2C2A303D,
64624548,
3C2E5667,
3D3A4593,
B38E8374,
523C303D,
525B5A58,
6774786D,
63615B52,
3D494140,
575F5C65,
8B888181,
8F9C9789,
7B7A7680,
A5CAC8B1,
6564676F,
78869BAD,
B4AD9F73,
38263338,
30313334,
35343332,
32302E2C,
2C2D2E2F,
39383634,
32313030,
353A3F3E,
3A393E43,
4548473E,
322D333A,
3E514736,
5D435E4F,
41474E54,
585E666C,
6F717375,
77777777,
77777778,
797A7A7A,
80808182,
83848585,
8E8E8F90,
91929293,
9493918F,
8C8A8887,
82807D7B,
7A7C7E7F,
7B7C7D7E,
7E7D7C7B,
8D919799,
99999C9F,
9FA39F97,
959C9E9A,
A8AAA89C,
8E878A91,
8E8D8F94,
98968E86,
8865402F,
2C2A2A2C,
2B2E3134,
35353433,
2C2B2A2A,
2C303437,
3F3B332D,
2D36444E,
714B404C,
51585845,
43374046,
3D485C5B,
37302D2F,
3036495F,
95AAA08B,
939A9293,
9C989495,
989A9997,
9E9E9D9C,
9C9B9A9A,
98999A9B,
9B9A9998,
9A9A9A9A,
9A9A9A9A,
96969696,
96969696,
94949392,
92919090,
92929292,
92929292,
8C8B8987,
85838181,
837B7E8E,
9FABB8C4,
CDCFD3D6,
D7D7D5D4,
D6D6D5D4,
D4D3D2D2,
D4D4D4D4,
D4D4D4D4,
D6D6D6D6,
D6D6D6D6,
D6D6D6D6,
D6D6D6D6,
D2D2D2D2,
D2D2D2D2,
D0D0D0D0,
D0D0D0D0,
36363738,
38393A3A,
3A3C3E3F,
40403F3E,
3D39373D,
49525656,
5A5E656F,
79828A8D,
94989DA0,
A0A3A7AC,
AEAEAFB0,
B0B1B2B2,
B4B5B6B6,
B5B4B2B0,
A6ABAEAD,
A59A908B,
93866544,
41515141,
474E5562,
7E989989,
67696967,
5F534740,
48583F53,
9B8A463C,
24252D32,
2922314A,
6F60404C,
412A516B,
45424B96,
B18B837A,
5C443540,
51544C46,
44688380,
6F67615C,
4D555050,
574D506D,
8F8C8687,
95A19989,
847C778E,
C0DEC190,
46647774,
7D9CB3B6,
AB89734D,
202D432B,
2B2D2F32,
34363636,
32302E2D,
2C2C2D2E,
33343536,
36343332,
303A4140,
38373E48,
4448483F,
332D333B,
36494533,
5E405D4C,
42485056,
5A60676D,
6E707275,
76777676,
76767777,
7879797A,
81818182,
82828383,
8D8D8E8F,
90929293,
95949391,
8F8D8C8B,
86827C77,
7576797B,
80818282,
817F7D7C,
82888E92,
9394989C,
9C9F9A90,
8E949590,
9699998F,
83808790,
908F9196,
9B998F87,
84562F2A,
2E28252B,
2B2D3134,
36353433,
2D2C2A2A,
2B2F3235,
4942372E,
2D35424C,
734B3F4C,
525A5844,
40353F46,
3C45595B,
38302D2F,
3136495D,
94ABA18D,
949A9394,
9C989595,
989A9997,
9E9E9D9C,
9C9B9A9A,
98999B9C,
9C9B9998,
9A9A9A9A,
9A9A9A9A,
96969696,
96969696,
94949392,
92919090,
92929292,
92929292,
8C8B8987,
85838180,
837B7E8E,
9FABB8C5,
CED0D4D7,
D8D7D5D4,
D6D6D5D4,
D4D3D2D2,
D4D4D4D4,
D4D4D4D4,
D6D6D6D6,
D6D6D6D6,
D6D6D6D6,
D6D6D6D6,
D2D2D2D2,
D2D2D2D2,
D0D0D0D0,
D0D0D0D0,
413F3B38,
3637393A,
3637393A,
3A393736,
3635363D,
48505455,
5F5D5E66,
74828B8F,
95999EA0,
A0A2A7AB,
B0B0B1B2,
B2B3B4B4,
B7B4B3B4,
B7B6B2AE,
B0AAA8AF,
B6AF9A87,
75665142,
3C3E4245,
544E5777,
969A836B,
63636C74,
684C3B3B,
4C384C83,
92683E35,
38302E32,
2E293548,
5E733D35,
6F492570,
5A3E72A8,
B18D6580,
88522C38,
5056565B,
3C3D5981,
876D5E66,
7A56624D,
665E7C65,
94989F92,
8598A188,
736588B7,
CDDEB65A,
5973868A,
94ACBCBE,
A569352C,
33312E34,
32323435,
3638393A,
36312B29,
2C313333,
34363738,
36332F2C,
2E33414A,
40323749,
4549493F,
322C3139,
4C565449,
4B585749,
3840494E,
535B6670,
6F707375,
75747271,
72737577,
797B7D7E,
7D7E8183,
84858584,
8A8A8B8C,
8C8D8E8E,
9191908F,
8C898684,
89888683,
817E7C7B,
7A7B7D7F,
81848586,
7E81868B,
8E8F8E8D,
9C9A9692,
8E8B8A89,
95918D89,
898B8F91,
8D939794,
908D8985,
6247302C,
31312E2F,
2C2C333B,
39302E34,
392A2530,
35302E33,
3F3A342F,
313A4750,
754A3C49,
4D535649,
44454746,
3D3B4D65,
3420322E,
2C373D68,
92A1A498,
979F9D90,
A19B9694,
96989796,
9C9C9C9C,
9C9C9C9C,
9A9A9A9A,
9A9A9A9A,
9B9A9A98,
97969595,
96969594,
94939292,
96969594,
94939292,
90908F8E,
8E8D8C8C,
928E8A88,
8887827E,
7C7B7E8A,
9DB0BEC5,
D1D3D6D9,
DAD8D6D5,
D4D4D4D4,
D4D4D4D4,
D2D2D3D4,
D4D5D6D6,
D5D5D5D6,
D6D7D7D7,
D8D8D7D7,
D6D5D5D4,
CECECECE,
CECECECE,
CACACACA,
CACACACA,
3B393735,
36383B3D,
3738393A,
3A393837,
3735363C,
47515658,
5E5D5E66,
74828B8F,
94999DA0,
A0A2A7AB,
B0B0B1B2,
B2B3B4B4,
B7B4B3B4,
B7B6B2AE,
AEA6A1A4,
A79F8B79,
6D604F43,
40434749,
4E556A86,
98917964,
62667176,
65483A3B,
41375389,
9162372F,
332E2E31,
2D2D3E55,
61613337,
6D553668,
64437EAC,
9E7F616D,
8F67423D,
4C585E62,
3C404C5F,
7076716B,
7B5E7167,
7E707B59,
8794AAA4,
8D949C8A,
756B8CB4,
C2CAA456,
6A758DA8,
B4B2B3B9,
8B5E3A39,
403A363B,
33343536,
38393A3B,
3E38312E,
30323333,
35363737,
36353332,
31323C45,
40353744,
46494940,
342E3239,
47525146,
48555447,
3A41484E,
5259636C,
6F6E6D6C,
6D6F7172,
72737476,
797B7C7D,
7C7E8083,
84858484,
8A8A8B8B,
8C8D8D8E,
9191908F,
8C898684,
88888683,
817F7D7C,
7D7D7E7F,
80818182,
7C7F8387,
8A8B8B8A,
9493918F,
8E8E8F8F,
89898889,
8B8E9194,
8E929594,
908A8179,
59402C2B,
31313032,
2F2E333B,
38303038,
3B2F2A33,
37333136,
3E3A3430,
313A4852,
68423948,
4F585B4D,
47454543,
3C3B4E66,
3A263733,
313B416C,
90A0A398,
959E9C8F,
A09B9594,
96989896,
9C9C9C9C,
9C9C9C9C,
9A9A9A9A,
9A9A9A9A,
9B9A9A99,
98979696,
96969595,
94939392,
96969594,
94939292,
90908F8E,
8E8D8C8C,
928E8988,
8886827E,
7B7B7E8A,
9DB0BFC6,
D1D3D7D9,
DAD9D7D5,
D4D4D4D4,
D4D4D4D4,
D2D3D3D4,
D5D5D6D6,
D5D6D6D6,
D6D6D6D7,
D7D6D6D5,
D4D4D3D3,
CDCDCDCD,
CDCDCDCD,
CACACACA,
CACACACA,
35343332,
34373B3E,
38393A3B,
3B3A3938,
3A37363B,
4651595B,
5E5C5D65,
73818A8E,
93979C9F,
A0A2A7AB,
B0B0B1B2,
B2B3B4B4,
B7B4B3B4,
B7B6B2AE,
AFA69D9B,
9A917F70,
645A4D44,
44474A4C,
49648597,
94816C5E,
626B7775,
5E42373B,
32376092,
905A2F28,
2D2E2F2F,
2B314A66,
6C4F2B39,
6159485A,
64438DB3,
89736258,
8F7F624A,
4B5D6B6C,
46463F3F,
57788177,
74637B80,
8E7F7C57,
7689ADB3,
978F968E,
716D8AAE,
BBBB9960,
7D8B9DAF,
BFC2AF97,
5B42333A,
3F373236,
35363738,
3A3B3C3D,
443E3632,
33353534,
37363635,
3637393A,
36343840,
413B393E,
47494942,
37323439,
414E4F44,
44515247,
3E42484C,
50565E65,
6D6B6765,
66696E72,
71717375,
777A7B7C,
7C7D8082,
84848483,
898A8A8B,
8C8C8D8D,
9090908F,
8D8A8785,
88878684,
82807E7D,
80807F7E,
7D7C7C7B,
7D7F8285,
87888888,
8F8D8B89,
8989898A,
7E81858A,
8F929596,
8F909394,
8F817167,
4E392829,
30313033,
322F3238,
352F313B,
3D343036,
38353438,
3D3A3530,
303A4A56,
60403B4A,
4F585A49,
4B464340,
393B5068,
3C283934,
313B416B,
8E9FA397,
939B9A8F,
9F9A9593,
96989997,
9C9C9C9C,
9C9C9C9C,
9A9A9A9A,
9A9A9A9A,
9A9A9A99,
98989797,
97969695,
94949393,
96969594,
94939292,
90908F8E,
8E8D8C8C,
918D8987,
8786817D,
7B7A7E8A,
9DB1BFC6,
D2D4D7DA,
DAD9D7D5,
D4D4D4D4,
D4D4D4D4,
D3D3D4D4,
D5D6D6D7,
D6D6D6D6,
D6D6D6D6,
D4D4D3D3,
D2D1D1D0,
CCCCCCCC,
CCCCCCCC,
CCCCCCCC,
CCCCCCCC,
35343130,
3134373A,
37383A3B,
3B3A3837,
3B38363C,
47535B5F,
5D5B5C65,
72808A8E,
91969B9E,
9FA2A7AC,
B0B0B1B2,
B2B3B4B4,
B7B4B3B4,
B7B6B2AE,
B3A99E99,
968E8074,
62594E46,
4648494A,
4D759B9E,
876F635F,
62707A71,
553C363C,
2A3D6F9C,
8F542B25,
2D31322D,
2934536F,
72442D3A,
484E5354,
58409CBA,
7D736947,
7B887D5C,
51667673,
57493B3A,
49617782,
726A7F86,
807B7F6C,
6A749CB1,
9A8B9293,
6D6A81AA,
C4C09F79,
90A7ABA4,
B7C9A15E,
3B312F38,
39312F34,
3637383A,
3B3C3E3E,
423C3432,
34373837,
37363434,
36393D40,
3D38373D,
43433E3A,
46484842,
3A353638,
3D4C4F44,
4350534A,
41434649,
4E53595D,
67666666,
67696C6D,
6F707274,
76787A7B,
7B7C7F81,
83838383,
8889898A,
8B8B8C8C,
8F8F8F8F,
8D8A8886,
88878684,
8381807F,
8382817E,
7C7A7877,
7E7F8082,
83848484,
8B898581,
7E7B7A7A,
7E828990,
94969695,
908E8F92,
89746056,
47352829,
2E2D2D2F,
322E2F33,
312C303A,
3B373536,
36353537,
3C3A3530,
2F3A4D5C,
5F45434D,
4E55543E,
4E47403D,
383C5169,
3A263631,
2D363B65,
8C9EA498,
92999990,
9E999493,
96999998,
9C9C9C9C,
9C9C9C9C,
9A9A9A9A,
9A9A9A9A,
9A9A9A9A,
99999999,
98979796,
95959494,
96969594,
94939292,
90908F8E,
8E8D8C8C,
908C8886,
8685807C,
79797D8A,
9DB2C0C8,
D2D5D8DA,
DBDAD8D6,
D4D4D4D4,
D4D4D4D4,
D4D4D5D5,
D6D7D7D8,
D7D7D7D6,
D6D5D5D5,
D2D2D1D1,
D0CFCFCE,
CBCBCBCB,
CBCBCBCB,
CDCDCDCD,
CDCDCDCD,
39373331,
30313334,
36373839,
39383736,
3A38383F,
4A565D60,
5C5A5C64,
727F898D,
8F949A9D,
9EA2A7AC,
B0B0B1B2,
B2B3B4B4,
B7B4B3B4,
B7B6B2AE,
AFA79E98,
958E847B,
675D5047,
45454545,
5884A497,
74606166,
65727765,
4937363C,
2C477BA0,
8B502B28,
3136342B,
2838566D,
643A3037,
313E595F,
534EAEBE,
7B7A6A37,
5A7F8B70,
5F6E7B77,
63453A46,
453C5581,
83818785,
656C7D83,
655C7D9F,
93838C96,
747180AD,
D3C8A38E,
AAA9ACBB,
C6AF6F33,
3735363A,
3833353B,
3637383A,
3B3C3E3E,
39342E2E,
32373A3A,
36353434,
363A3E41,
423E3A3C,
4448433A,
45464541,
3C373636,
3B4B5045,
4451564F,
42424346,
4C515557,
5E62676C,
6E6C6967,
6D6E7072,
74767879,
7A7C7E80,
82828282,
88888989,
8A8B8B8C,
8E8E8F8E,
8D8B8987,
88878685,
84838281,
8483817F,
7D7B7978,
7A797979,
797A7B7B,
807E7B78,
76757575,
888C9297,
99979491,
918C8C8C,
7C604F4D,
44352A2C,
2D29282A,
2F2B2C31,
2E292D37,
38393834,
32333534,
3A3A3630,
2E3A5062,
5A47474E,
4E57573F,
50463E3C,
393E5167,
3D293832,
2D363A64,
8BA0A799,
91989A92,
9D989493,
969A9A99,
9C9C9C9C,
9C9C9C9C,
9A9A9A9A,
9A9A9A9A,
9A9A9A9A,
9B9B9B9B,
98989797,
96959594,
96969594,
94939292,
90908F8E,
8E8D8C8C,
908C8786,
8684807C,
78787C89,
9DB2C1C9,
D3D5D9DB,
DCDBD9D7,
D4D4D4D4,
D4D4D4D4,
D4D5D5D6,
D7D7D8D8,
D8D8D7D6,
D6D5D4D4,
D1D1D0D0,
CFCECECD,
CCCCCCCC,
CCCCCCCC,
CFCFCFCF,
CFCFCFCF,
3B393531,
30303233,
33343536,
36353433,
37373A43,
4F595F60,
5B5A5B63,
717F888C,
8D92989C,
9EA1A7AC,
B0B0B1B2,
B2B3B4B4,
B7B4B3B4,
B7B6B2AE,
A7A29C97,
928B827B,
6C615146,
42424344,
628AA28A,
665A636C,
68716D56,
3D35383B,
35517F9A,
814C2C2C,
33363228,
2A3F5866,
49333032,
28355565,
5C6CBDB6,
7E836831,
40708E81,
6E727B7B,
67433C51,
46294077,
96958E8C,
59667584,
624B6691,
87728097,
7C808CB6,
DAC09999,
BC9CABDD,
CF78342A,
34343433,
31303336,
35363738,
3A3B3C3D,
342F2A2B,
30373A3B,
34333435,
36393C3D,
41413D3A,
3F474339,
4242413F,
3C383432,
374A5045,
43505752,
42403F43,
4A505353,
585E666D,
6F6C6763,
6C6D6E71,
73757777,
797B7D80,
81828181,
87878888,
898A8A8B,
8D8D8E8E,
8D8B8988,
87878686,
85848383,
83828281,
807F7E7E,
77757372,
71727374,
74747577,
7A7D8183,
9395989A,
9995908D,
928C8A85,
6B4B424E,
40332C2F,
2F29262A,
2D2A2D33,
312A2D36,
363D3C34,
30333634,
383A3730,
2D3A5267,
5144474D,
4E5E624A,
4F453E3D,
3C405164,
45303F38,
323A3D67,
8CA2AB9C,
92989C96,
9C979393,
979A9B9B,
9C9C9C9C,
9C9C9C9C,
9A9A9A9A,
9A9A9A9A,
9A9A9A9B,
9C9C9D9D,
99999898,
97969695,
96969594,
94939292,
90908F8E,
8E8D8C8C,
8F8B8685,
85837F7B,
77777C89,
9EB3C2CA,
D4D6D9DC,
DDDCD9D8,
D4D4D4D4,
D4D4D4D4,
D5D6D6D7,
D8D8D9D9,
DAD9D8D7,
D5D4D3D2,
D2D1D1D0,
CFCFCECE,
CECECECE,
CECECECE,
D0D0D0D0,
D0D0D0D0,
39373432,
32333638,
30313233,
33323130,
34363D48,
545D5F5E,
5B595A62,
707E878B,
8C91979B,
9DA1A7AC,
B0B0B1B2,
B2B3B4B4,
B7B4B3B4,
B7B6B2AE,
A6A39F9A,
938A8078,
6F615043,
3F424547,
668A9A7F,
605C676C,
6C6F6246,
33343A3B,
3F577C8D,
74462D2E,
31322B24,
2E485C61,
3A373431,
2E303F52,
6586C0A4,
82916E40,
37658C8B,
79727A80,
6A504754,
4E3D4E73,
8B8D8594,
63736D70,
5F45638F,
7C5B6F95,
74899BC0,
D7AC8AA4,
B1AAB9C4,
94442232,
2D2F2F2E,
2F30302E,
33343536,
38393A3B,
37312C2B,
30353838,
31323436,
37373737,
3B403E36,
37404037,
3F3E3D3D,
3B37322F,
31454E43,
3F4C5551,
403D3C41,
4A505251,
565A6066,
68676562,
6B6C6D6F,
72747576,
797A7D7F,
81818180,
86878788,
89898A8A,
8C8C8D8E,
8D8C8A89,
87878786,
85858584,
80818182,
83848585,
7F7D7A77,
76777879,
797A7C7F,
848A8F92,
97989998,
96928E8B,
928C897E,
5A373A53,
39302C31,
322C2A2F,
2E2D323A,
372F2F37,
38424237,
31363936,
37393830,
2D39556B,
53484B4D,
4D60674F,
4E443E3F,
40435060,
47324039,
32393D66,
8DA5AFA0,
949A9E9A,
9B979293,
979B9C9B,
9C9C9C9C,
9C9C9C9C,
9A9A9A9A,
9A9A9A9A,
999A9A9B,
9C9D9E9E,
9A999998,
97979696,
96969594,
94939292,
90908F8E,
8E8D8C8C,
8E8A8684,
84837E7A,
76777B89,
9EB3C3CB,
D5D7DADD,
DDDCDAD8,
D4D4D4D4,
D4D4D4D4,
D6D6D7D7,
D8D9D9DA,
DADAD8D7,
D5D4D2D2,
D3D3D2D2,
D1D0D0CF,
D1D1D1D1,
D1D1D1D1,
D2D2D2D2,
D2D2D2D2,
36353332,
34373B3D,
2E2F3031,
31302F2E,
32353E4B,
575F5F5D,
5A595A62,
707E878B,
8B90979B,
9DA1A8AD,
B0B0B1B2,
B2B3B4B4,
B7B4B3B4,
B7B6B2AE,
ABA9A5A0,
978C8078,
6E604D40,
3E42484C,
6587947A,
6060696A,
6F6D5A3C,
2E343C3B,
45597784,
6B412D2F,
2D2E2621,
314F5F5E,
3B423A33,
362C2736,
6692BC94,
849D7A56,
39618990,
7D717885,
6F605454,
575C6876,
71757397,
7083695D,
5B466995,
764B6293,
6488A4C5,
D29C82AF,
9ACACF88,
3F293237,
31343637,
3A3D3932,
32323435,
3638393A,
3C362F2D,
30343636,
2E313437,
38363432,
353E3D32,
313A3C34,
3D3C3B3B,
3A37312C,
2C414B40,
3C49524F,
3F3B393F,
49515250,
56585A5D,
60626364,
6A6B6D6F,
71737576,
787A7C7F,
80818080,
86868788,
88898A8A,
8B8C8D8E,
8D8C8B89,
87878786,
86868585,
7E7F8183,
8688898A,
8C898682,
81818384,
8787888A,
8D919496,
97979695,
928F8C8A,
928C8879,
502C3658,
332C2B32,
342F2F34,
30303740,
3D343239,
3A46473A,
33393C38,
36393830,
2C39566E,
5C51524E,
4A5D634B,
4C433E40,
42444F5D,
442E3D35,
2E353861,
8EA7B1A2,
969B9F9C,
9B969293,
979B9C9C,
9C9C9C9C,
9C9C9C9C,
9A9A9A9A,
9A9A9A9A,
999A9A9C,
9D9E9F9F,
9A9A9998,
98979696,
96969594,
94939292,
90908F8E,
8E8D8C8C,
8E8A8584,
84827E7A,
76767B89,
9EB3C3CB,
D5D7DADD,
DEDDDAD9,
D4D4D4D4,
D4D4D4D4,
D6D6D7D8,
D8D9DADA,
DBDAD9D7,
D5D3D2D1,
D4D4D3D3,
D2D1D1D0,
D2D2D2D2,
D2D2D2D2,
D2D2D2D2,
D2D2D2D2,
34343434,
34343434,
34343434,
34343434,
2E384756,
61656462,
6362646B,
767F8384,
8C909597,
999EA5AB,
AEAEAFB0,
B0B1B2B2,
B0B1B3B4,
B4B3B1B0,
ACA8A39E,
9990867D,
685F5145,
4041474B,
6187987E,
605D6363,
59554E47,
413B3734,
45538570,
413C3339,
2A2E2722,
33515A51,
3B3C3F3F,
33272A37,
6FADBF83,
82957F94,
523260A1,
977B7B79,
70605B6B,
7C7C7068,
585A7B86,
75837F48,
4E56728D,
8367677F,
61729DC7,
C5AAA6BA,
CBD79D52,
3B2E283E,
34343434,
34343434,
3633353B,
3A343842,
3E37302E,
31373A3B,
3537393B,
3B393735,
3C3C3B3B,
3A393838,
423F3D3D,
3E3D3833,
363B4041,
40434B53,
433C373D,
49504E48,
5555565A,
5E626464,
6A6B6E71,
73737373,
7A7E8281,
7E7C7D7F,
84848586,
86878888,
8B8B8A8A,
8A898989,
8A8A8988,
888A8B8C,
8183868A,
8C8E8F8F,
8D8F9192,
93939291,
95959595,
96969797,
95989994,
8D898D92,
8F908658,
29314A46,
36322E2A,
292A2E30,
31323435,
36353433,
353F4138,
3132312D,
27323730,
27335471,
6241514C,
4B615550,
4445443F,
3C414D57,
463E2D2F,
372C335A,
869BA9A1,
96959A9D,
95918F92,
9A9D9B97,
9C9C9C9C,
9C9C9C9C,
98999B9C,
9C9B9998,
98989898,
98989898,
9A9A9998,
98979696,
94949392,
92919090,
92929190,
908F8E8E,
8A888684,
807E7C7A,
7A757684,
9DB6C7CE,
D8D9DBDC,
DCDBD9D8,
D6D6D6D6,
D6D6D6D6,
D8D8D8D8,
D8D8D8D8,
D4D4D3D2,
D2D1D0D0,
CDCDCECF,
D0D1D2D3,
D4D4D4D4,
D4D4D4D4,
D2D2D2D2,
D2D2D2D2,
34343434,
34343434,
33333333,
33333333,
2B354656,
62676867,
6362646B,
767F8485,
8C909597,
999EA5AB,
AEAEAFB0,
B0B1B2B2,
B0B1B3B4,
B4B3B1B0,
ACA8A29E,
9890857D,
6A615346,
4040454A,
5E82957F,
65606564,
5C595249,
403C3C3D,
434A7863,
3C3C3337,
2A2D2723,
35525A50,
37383E42,
392E313D,
6BA8BB84,
86967581,
73505882,
90878280,
70666675,
7D746359,
5B5D7882,
76827B48,
38446789,
846B6F8A,
747B9CC8,
D5C2B4B9,
CCB67C45,
332E2B32,
33333333,
33333333,
2E2D333B,
3932323A,
3B352D2B,
2F343839,
32343739,
39373432,
3939393A,
3A3A3A3A,
3F3D3D3F,
403E3732,
30363C3E,
3E40464B,
423A3336,
41484845,
4F53585B,
5D606366,
67696B6E,
70717171,
797D8181,
7E7C7D7F,
84848586,
86878888,
8B8B8B8A,
8A8A8A8A,
8B8A8989,
898B8D8E,
86888B8D,
90929393,
93949799,
9A9A9A99,
99999999,
99999A9A,
96999994,
8D8A8D91,
8E87774D,
27344D47,
35322E2A,
292B2E30,
30313335,
36363635,
323E4238,
30323433,
28323730,
28355572,
6140504B,
4A60544F,
46464541,
3F444F58,
473E2C2E,
392F3456,
889DAAA3,
97969C9F,
94918F93,
999D9B98,
9C9C9C9C,
9C9C9C9C,
98999B9C,
9C9B9998,
98989898,
98989898,
9A9A9998,
98979696,
94949392,
92919090,
92919190,
8F8F8E8E,
8A888684,
807E7C7A,
78747584,
9DB6C6CD,
D8D9DBDC,
DCDBD9D8,
D6D6D6D6,
D6D6D6D6,
D8D8D8D8,
D8D8D8D8,
D4D4D3D3,
D2D1D1D0,
CFCFD0D1,
D2D2D3D3,
D4D4D4D4,
D4D4D4D4,
D2D2D2D2,
D2D2D2D2,
33333333,
33333333,
31313131,
31313131,
29344557,
646A6B6A,
6463656C,
77808485,
8C909597,
999EA5AB,
AEAEAFB0,
B0B1B2B2,
B0B1B3B4,
B4B3B1B0,
ABA7A29D,
988F857D,
6D635447,
40404448,
597B8F81,
6B666866,
5D5C564B,
413F464D,
46436653,
343C3232,
2A2D2724,
38555A4D,
31343D45,
40363740,
61A0B784,
8590686E,
87705766,
919A867D,
6E6C737E,
7B675349,
5D5E717A,
7882764B,
2F3E6384,
7E666F8E,
7B8BB1D7,
E0D0C6C9,
BD825038,
2B2E3127,
33333333,
33333333,
2C2D343D,
3C333239,
38322B29,
2D333738,
2F313436,
3634312F,
35353638,
393A3B3C,
3B3B3D41,
423F362F,
2A30383C,
3C3D3F41,
473D3433,
3B444747,
474F585B,
5B5C6268,
6466696C,
6E6F7070,
777B7F80,
7E7C7E80,
84848586,
86878888,
8B8B8B8B,
8B8B8B8B,
8C8B8B8A,
8B8D8F90,
8D8E9092,
94969798,
9A9C9EA1,
A3A4A4A4,
9D9D9D9D,
9D9D9D9D,
98999894,
8F8C8E91,
9079603C,
23384F45,
33312E2B,
2A2C2E30,
2E303335,
37383838,
303D4339,
2F313637,
29323630,
2B375773,
603F4F4A,
485F534E,
49484643,
43485158,
483F2C2D,
3C353550,
8B9FADA6,
9A999EA1,
92909093,
999C9C9A,
9C9C9C9C,
9C9C9C9C,
98999B9C,
9C9B9998,
98989898,
98989898,
9A9A9998,
98979696,
94949392,
92919090,
91919090,
8F8E8E8D,
8A888684,
807E7C7A,
76727584,
9DB6C6CC,
D8D9DBDC,
DCDBD9D8,
D6D6D6D6,
D6D6D6D6,
D7D7D7D7,
D7D7D7D7,
D5D4D4D3,
D2D2D1D1,
D1D2D2D3,
D3D4D4D5,
D3D3D3D3,
D3D3D3D3,
D1D1D1D1,
D1D1D1D1,
32323232,
32323232,
30303030,
30303030,
2E384859,
656A6A69,
6564656D,
77808586,
8C909597,
999EA5AB,
AEAEAFB0,
B0B1B2B2,
B0B1B3B4,
B4B3B1B0,
AAA6A19C,
978F847C,
6F655648,
403F4347,
55728780,
716B6A68,
5A5A554B,
4345535F,
51445D48,
303C312D,
2A2C2726,
3C585B4A,
2E313A44,
4238373D,
5197B37E,
79825F6C,
7D81615D,
94A48477,
6E6F777D,
725B4A46,
5A5B646F,
7C867656,
45506D81,
70566387,
6D91C2E0,
DDCFCBD2,
97503438,
292E3826,
35353535,
35353535,
35333840,
3E373941,
38322B2A,
2E35393A,
30323436,
36343230,
31323336,
383A3C3D,
37383C42,
443F352D,
292E363B,
3D3D3C3B,
4E443935,
3A434A4D,
404A5457,
56586068,
6264676B,
6E6F7070,
74787D7F,
7D7D7F82,
84848586,
86878888,
8A8A8B8B,
8C8C8D8D,
8D8D8C8C,
8E909294,
92929293,
9597999B,
9FA1A3A6,
A9AAAAAA,
9F9F9F9E,
9E9D9D9D,
9A999794,
908F8F90,
916C4A2D,
213A4C3D,
312F2D2C,
2C2D2E30,
2D2F3236,
393A3B3B,
35414439,
2E303537,
2B323630,
2D3B5A74,
5F3E4E49,
485E534D,
4B494746,
474C5358,
47412F2E,
3E39364A,
8DA1AFA8,
9C9BA0A3,
90909194,
989B9C9C,
9C9C9C9C,
9C9C9C9C,
98999B9C,
9C9B9998,
98989898,
98989898,
9A9A9998,
98979696,
94949392,
92919090,
90908F8F,
8E8D8D8C,
8A888684,
807E7C7A,
74717585,
9FB7C6CC,
D8D9DBDC,
DCDBD9D8,
D6D6D6D6,
D6D6D6D6,
D6D6D6D6,
D6D6D6D6,
D6D5D5D4,
D3D3D2D2,
D4D4D4D4,
D4D5D5D5,
D2D2D2D2,
D2D2D2D2,
D0D0D0D0,
D0D0D0D0,
32323232,
32323232,
30303030,
30303030,
353F4D5C,
65686765,
6564666D,
78818687,
8C909597,
999EA5AB,
AEAEAFB0,
B0B1B2B2,
B0B1B3B4,
B4B3B1B0,
AAA5A09B,
968E837B,
70665749,
41404448,
53697C7D,
746D6B69,
55544F48,
464E5D6A,
604B5D45,
2F3D302A,
2A2C2829,
405C5B47,
2E2F3641,
40363338,
438FAE73,
67725C75,
6E846A59,
84998781,
706F7376,
6A574D4F,
53555463,
828C7865,
62687A81,
64465883,
6380A7C7,
D7D3BDA7,
63322F3E,
2D2E3B2F,
38383838,
38383838,
3A36373C,
3B363B46,
3A342D2C,
31383C3E,
32343638,
38363432,
2E2F3134,
37393B3D,
35373B41,
433F362E,
2D30353B,
3F3F3C39,
4D443934,
37404A4F,
3E454B4E,
4F535B63,
6062666A,
6D6F7071,
71767B7D,
7D7D8083,
84848586,
86878888,
8A8A8B8C,
8D8E8F8F,
8F8E8E8F,
90939697,
96959494,
95989A9C,
A1A3A6A8,
AAAAAAAA,
A0A09F9E,
9D9C9C9B,
9D9A9693,
92919090,
8E5F3925,
223B4834,
2E2E2D2D,
2D2E2F30,
2E303337,
393B3B3C,
3D444337,
2F323432,
2D323531,
303F5D75,
603F4F4A,
495F534E,
4C494747,
4A4F5356,
44443531,
3E3A3647,
8DA2B0A8,
9D9CA1A4,
8D8F9295,
979A9D9F,
9C9C9C9C,
9C9C9C9C,
98999B9C,
9C9B9998,
98989898,
98989898,
9A9A9998,
98979696,
94949392,
92919090,
908F8F8E,
8D8D8C8C,
8A888684,
807E7C7A,
73717687,
A2BAC9CE,
D8D9DBDC,
DCDBD9D8,
D6D6D6D6,
D6D6D6D6,
D6D6D6D6,
D6D6D6D6,
D6D6D5D5,
D4D3D3D2,
D5D5D5D4,
D4D4D4D4,
D2D2D2D2,
D2D2D2D2,
D0D0D0D0,
D0D0D0D0,
31313131,
31313131,
31313131,
31313131,
3A42515E,
66686664,
6665676E,
79828788,
8C909597,
999EA5AB,
AEAEAFB0,
B0B1B2B2,
B0B1B3B4,
B4B3B1B0,
A9A59F9B,
958D827A,
6F665749,
4242464A,
53617176,
726C6969,
554F4845,
49535F67,
67516147,
303E322B,
2A2B282B,
445F5B44,
2F2D323C,
3E373539,
3F89A568,
5D6B5875,
6C7E6F5A,
69848D8F,
76717173,
6B5D585D,
50524758,
868F786F,
6E748483,
5F3E5482,
6769779E,
D0D9A05A,
3A2F363D,
312F3737,
37373737,
37373737,
35323439,
38333741,
3A342E2D,
333A3E40,
32343739,
39373432,
2D2E3032,
3537393A,
3536393E,
413E3730,
3232343A,
3F403D3A,
443D3530,
323B454C,
42403F41,
464E565A,
5C5E6266,
6A6D6E6E,
6E73797C,
7D7E8185,
84848586,
86878888,
8A8A8B8C,
8E8F9091,
90909091,
9396999B,
9B999796,
96999D9F,
A4A5A7A9,
A9A9A8A7,
A3A2A1A0,
9E9D9C9C,
9F9A9593,
9494928F,
814F2C23,
283E4630,
2C2D2D2E,
2E2F2F2F,
31323538,
3A3B3B3B,
44433C33,
33393830,
2F333431,
33435F76,
6241514C,
4B615550,
4C484546,
4C515353,
3D483E35,
3D383647,
8DA2AFA8,
9C9BA1A4,
8B8F9396,
96999DA1,
9C9C9C9C,
9C9C9C9C,
98999B9C,
9C9B9998,
98989898,
98989898,
9A9A9998,
98979696,
94949392,
92919090,
8F8E8E8D,
8C8C8B8B,
8A888684,
807E7C7A,
7473798B,
A6BECCD1,
D8D9DBDC,
DCDBD9D8,
D6D6D6D6,
D6D6D6D6,
D5D5D5D5,
D5D5D5D5,
D7D7D6D6,
D5D4D4D3,
D5D4D4D3,
D3D2D2D1,
D1D1D1D1,
D1D1D1D1,
CFCFCFCF,
CFCFCFCF,
30303030,
30303030,
33333333,
33333333,
3842505F,
686B6967,
6766676F,
79838788,
8C909597,
999EA5AB,
AEAEAFB0,
B0B1B2B2,
B0B1B3B4,
B4B3B1B0,
A8A49F9A,
958C827A,
6D645649,
4344494D,
555C686F,
6E696668,
5A4F4342,
4B545858,
64516249,
303F3531,
2A2B282C,
47625B42,
2F2B2E3A,
3F3C3D42,
46859960,
5F705364,
6B6F776E,
63788D87,
7F77767A,
766B6465,
52534050,
88907473,
6D788B8A,
603A4D7B,
65677193,
C4CA822B,
293E3D31,
32302E37,
34343434,
34343434,
2E2F3842,
4037353A,
37312B2B,
31383D3F,
2F313436,
3634312F,
2D2E3031,
33353737,
3736373A,
3D3D3833,
36333135,
3B3F3D3A,
3E3A3532,
333B464D,
483D3333,
3E4A5152,
55575B60,
64676869,
6C71787B,
7C7E8286,
84848586,
86878888,
898A8B8D,
8F909192,
91919192,
95989B9D,
A19F9C9A,
9A9DA1A4,
A9A9AAAA,
AAA8A6A5,
A7A6A5A4,
A2A09F9E,
A09B9493,
9596928E,
6E3F2426,
30444933,
2B2C2D2F,
3030302F,
34353739,
3A3A3939,
453D312D,
38444032,
31333432,
35466277,
6544544F,
4D645852,
4B464345,
4C51514F,
374A463A,
3B353549,
8CA0AEA7,
9B9A9FA2,
898E9496,
96989EA3,
9C9C9C9C,
9C9C9C9C,
98999B9C,
9C9B9998,
98989898,
98989898,
9A9A9998,
98979696,
94949392,
92919090,
8E8E8D8D,
8C8B8B8A,
8A888684,
807E7C7A,
75757C8F,
AAC2CFD4,
D8D9DBDC,
DCDBD9D8,
D6D6D6D6,
D6D6D6D6,
D4D4D4D4,
D4D4D4D4,
D8D7D7D6,
D5D5D4D4,
D3D3D2D2,
D1D0CFCF,
D0D0D0D0,
D0D0D0D0,
CECECECE,
CECECECE,
30303030,
30303030,
34343434,
34343434,
353F4F5F,
696E6D6C,
6766686F,
7A838788,
8C909597,
999EA5AB,
AEAEAFB0,
B0B1B2B2,
B0B1B3B4,
B4B3B1B0,
A8A49E9A,
958C8179,
6C635549,
44454B4F,
565A636B,
6C666567,
60504140,
4B53514B,
5E4E624A,
313F3735,
2A2B282D,
49635B41,
2F292C39,
4142454C,
4E84915D,
66774F51,
64617F88,
6F788871,
857D7C82,
82756A67,
55563D4D,
898E7072,
6B7A9190,
6336436F,
5A748EA2,
B6AF7027,
264D4024,
30302634,
30303030,
30303030,
2B31404E,
4D3F3637,
342E2928,
2E363B3D,
2D2F3133,
33312F2D,
2E2F3031,
33343536,
38363538,
3B3C3935,
37322E31,
383D3C39,
3E3C3A38,
39404A52,
4C3B2B2B,
39494E4C,
4F52565B,
5F626464,
6A70777B,
7C7E8286,
84848586,
86878888,
898A8B8D,
8F919293,
91919293,
96999D9F,
A6A4A09D,
9EA1A5A8,
ACADADAC,
ABA8A6A4,
ABAAA9A7,
A5A4A2A2,
A19B9493,
9697938E,
60331F28,
35494D38,
2A2B2D2F,
3030302F,
3637383A,
3A393837,
43382929,
3C4D4735,
31333332,
36486378,
66455550,
4F655A54,
4A454144,
4C51504D,
334C4C3D,
3932344A,
8B9FADA6,
9A999EA1,
888E9596,
96979EA4,
9C9C9C9C,
9C9C9C9C,
98999B9C,
9C9B9998,
98989898,
98989898,
9A9A9998,
98979696,
94949392,
92919090,
8E8E8D8C,
8C8B8A8A,
8A888684,
807E7C7A,
76767E92,
ADC4D1D6,
D8D9DBDC,
DCDBD9D8,
D6D6D6D6,
D6D6D6D6,
D4D4D4D4,
D4D4D4D4,
D8D8D7D6,
D6D5D4D4,
D3D2D1D0,
CFCECDCD,
D0D0D0D0,
D0D0D0D0,
CECECECE,
CECECECE,
2F2F2E2E,
2E303233,
32313130,
302F2F2E,
3242555F,
62656D75,
6967676C,
757E8385,
8D8F9399,
9FA5A9AB,
B2B2B2B2,
B2B2B2B2,
B0B1B3B4,
B4B3B1B0,
AAA6A09C,
978E837B,
6E5F514B,
4540454F,
525F6C6D,
6561676F,
4E45363F,
52443544,
607E5E33,
3B3B2D3A,
392B202B,
4B62563D,
2C2B3038,
38374251,
4E778F65,
66764732,
47454757,
768B826D,
86817D7D,
7F7E7A74,
6659464B,
769B8A5F,
71738D9D,
72353562,
4E9E7B71,
D4BC4734,
46474237,
2B282F37,
35343332,
33343637,
35333D4E,
4F40383A,
342F2A2A,
2F353839,
35302C30,
383C3833,
33302D2E,
33363634,
37383A3B,
3C3C3B3A,
3134383B,
3B3A3938,
45403934,
353C454B,
4B453B34,
31353B40,
494D5258,
5C5E5E5E,
66696E73,
787C7E7F,
7A7B7D80,
83868889,
8A8B8D8F,
91939596,
92939598,
9C9FA1A3,
AAA9A8A7,
A5A4A3A2,
A4A5A5A6,
A5A3A1A0,
A8A9AAAA,
A8A4A09D,
A48D8D98,
979C9477,
38332826,
374B4532,
30313333,
33333130,
3834353C,
413E3A39,
3937302E,
3D4B412B,
33363634,
37486379,
66564E58,
4E724B55,
483F4B51,
45484D41,
36485737,
30362746,
89AEB29F,
9E9E9AA1,
8D91969B,
9FA1A1A0,
9F9E9D9B,
99979695,
96969696,
96969696,
96969696,
96969696,
9A9A9998,
98979696,
96959493,
91908F8E,
8C8C8B8A,
8A898888,
88858282,
827F7A74,
76707996,
B5C7D3DA,
DCDDDDDC,
DBD9D6D5,
D4D4D4D4,
D4D4D4D4,
D4D4D5D6,
D6D7D8D8,
D8D8D7D6,
D6D5D4D4,
D2D2D1D0,
D0CFCECE,
CCCCCDCD,
CECECFCF,
C7C7CACF,
D3D1CBC5,
302F2F2F,
30323436,
2D2E2E2F,
31323233,
3846565F,
6061676E,
6766666C,
77808586,
8D8F9399,
9FA5A9AB,
B2B2B2B2,
B2B2B2B2,
B0B1B3B4,
B4B3B1B0,
AAA6A09C,
978E837B,
6D5E514A,
443F454F,
535A6164,
62606062,
4A453940,
4F3F3447,
667A5930,
383B323C,
362F282E,
45595544,
2C2E353C,
39364253,
507A9061,
5C6C4334,
363B4049,
5E757E7B,
898C8C84,
7A74777D,
75685454,
779A906F,
657B989F,
7E534753,
47896C5C,
A396473E,
5D534336,
30303336,
36353433,
32333435,
2F2D3543,
44393235,
37322D2D,
32383C3C,
32303032,
36383836,
332F2C2E,
32353433,
37383A3B,
3C3B3A39,
3435363A,
3C3C3A37,
403F3D38,
3539424A,
49433A32,
2F31363A,
43464C53,
585B5D5D,
62656B71,
767B7D7E,
7E7F8183,
86888A8B,
88898B8D,
8F919394,
91939598,
9B9EA0A2,
AAA9A8A7,
A6A5A4A4,
A5A6A7A7,
A6A5A3A2,
A9AAABAB,
A9A5A09E,
A18D8E98,
96988D70,
35302828,
3949422F,
31323334,
34333231,
3735363C,
403F3C39,
3836302E,
3B473E2B,
31333432,
36476176,
67544A56,
4E734A51,
4C434E54,
484B5144,
33455738,
31352543,
88ADB2A0,
9FA09CA4,
8C8F9499,
9C9E9E9E,
9F9E9D9B,
9A989796,
96969696,
96969696,
96969696,
96969696,
9A999998,
97979696,
96959493,
91908F8E,
8C8C8B8A,
8A898888,
88858281,
817F7974,
76717B98,
B6C8D3DA,
DCDDDDDC,
DBD9D6D5,
D4D4D4D4,
D4D4D4D4,
D4D4D5D6,
D6D7D8D8,
D8D7D7D6,
D5D5D4D4,
D2D1D1D0,
CFCFCECE,
D0D0CFCF,
CFCECECE,
D2CFCDCE,
CFCDC8C3,
30303030,
32353839,
2A2B2D2F,
31333536,
3D48555C,
5C5C6166,
6564666D,
79828789,
8D8F9399,
9FA5A9AB,
B1B1B1B1,
B1B1B1B1,
B0B1B3B4,
B4B3B1B0,
AAA6A09C,
978E837B,
6D5E504A,
443F444E,
57575B63,
68655A51,
43433B40,
4837314B,
72785530,
343C393F,
36353030,
3E50534B,
2B313B3F,
37323F52,
5A839662,
5B6A4438,
2C383E3C,
4259717E,
848F9486,
71697686,
867A655E,
7592927F,
6B889D94,
7B685C55,
47736044,
5C5B3E3F,
63513C31,
32373836,
39373533,
32323233,
34323842,
433D393C,
39342F30,
353B3F40,
2E313435,
3334373A,
322F2B2C,
30333231,
39393A3B,
3B393837,
39363438,
3E3F3A35,
393F433E,
35353F49,
48423A32,
2D2D3032,
383C434A,
51565A5B,
5E61676E,
757A7D7F,
7F808183,
85868888,
8687898B,
8D8F9192,
91929497,
9A9D9FA0,
A9A8A8A8,
A7A7A6A6,
A7A8A9A9,
A8A7A5A3,
AAABACAC,
A9A5A19E,
9D8B909A,
94918364,
2F2C282C,
3B463D2C,
32333435,
35343332,
3737373A,
3F413F3A,
36342F2F,
39413A2C,
30313131,
36476072,
67524552,
4E75494D,
4F465157,
4B4E5447,
33475B3E,
373A2743,
87ADB2A1,
A1A2A0A8,
8D8F9396,
999B9B9B,
9F9E9D9C,
9B999898,
96969696,
96969696,
96969696,
96969696,
99999898,
97969695,
95949392,
908F8E8D,
8C8C8B8A,
8A898888,
88848181,
817E7974,
76737F9D,
B9C9D3DB,
DCDDDDDC,
DBD9D6D5,
D4D4D4D4,
D4D4D4D4,
D4D4D5D6,
D6D7D8D8,
D7D7D6D6,
D5D4D4D3,
D1D1D0D0,
CFCECECD,
CFCFCECD,
CCCBCACA,
D2CECAC8,
C9C7C3BF,
30303132,
34373A3B,
2C2C2E2F,
31323434,
3D455056,
595A5F63,
6363666F,
7B85898A,
8D8F9399,
9FA5A9AB,
B0B0B0B0,
B0B0B0B0,
B0B1B3B4,
B4B3B1B0,
AAA6A09C,
978E837B,
6C5D4F49,
433E434E,
58595F6C,
756C543F,
393E3A3D,
402E2E4E,
81775635,
323B3E3F,
3D39302F,
3D4F524A,
29303B3E,
342C384C,
668A9A6C,
6B7B4C37,
323E4139,
394B626F,
7A84887E,
6E6C7B8C,
8D836F63,
6D838A84,
85919584,
6B5E636B,
58726C49,
36373C42,
4A40332E,
30353838,
3A393633,
31313131,
36373A3F,
41403F41,
37322E2F,
353C4041,
2C323736,
3231363C,
332F2C2C,
2F32312F,
38393A3A,
3A383635,
3E383337,
3E403B34,
333E4742,
36323B47,
4A453D36,
302E2E2E,
2F323840,
484F5457,
5A5E646C,
73797D7F,
7B7C7D7E,
80818383,
8687898B,
8D8F9192,
91919396,
989A9C9D,
A6A6A7A7,
A7A8A8A8,
A9A9AAAA,
AAA8A6A5,
AAABACAC,
A9A5A19E,
998A919A,
918A7959,
2B282830,
3E43382B,
34353637,
37363534,
36393838,
3D44423C,
35333032,
373A352E,
32323233,
3A4B6172,
67504250,
4E75484A,
4F465158,
4C4F5447,
364C6145,
3E3F2B46,
86ACB2A1,
A2A4A2AA,
91929496,
98999A9A,
9E9D9D9C,
9B9A9999,
96969696,
96969696,
96969696,
96969696,
98989797,
96959594,
94949391,
908E8D8D,
8C8C8B8A,
8A898888,
87848180,
807E7873,
757685A3,
BCCAD3DB,
DCDDDDDC,
DBD9D6D5,
D4D4D4D4,
D4D4D4D4,
D4D4D5D6,
D6D7D8D8,
D6D6D5D5,
D4D3D3D2,
D0D0CFCF,
CECDCDCC,
CBCACAC9,
C8C8C7C7,
C7C4C2C2,
C1BDB6B0,
32313132,
3436393A,
30303030,
30303030,
383E4850,
565B6064,
62636771,
7D868989,
8D8F9399,
9FA5A9AB,
B0B0B0B0,
B0B0B0B0,
B0B1B3B4,
B4B3B1B0,
AAA6A09C,
978E837B,
6B5C4F48,
423D424D,
4F576574,
7867482E,
31383538,
3B2B2F52,
87745B41,
3037413E,
463B2D2D,
41545142,
272D363A,
30273040,
66879872,
7C8D5333,
38404340,
45535F61,
74757675,
767D8891,
8B837467,
69757D7D,
938D8D89,
6D505671,
5E73795C,
39354449,
33363835,
302E3136,
3A393633,
31313131,
2F323435,
383B3C3B,
34302C2D,
333A3F40,
2C323736,
3231363C,
35312D2D,
3032312F,
36373939,
39383735,
3F3A3637,
3C3E3B37,
323E4743,
36313944,
4D49443D,
3733302F,
2A2C3138,
3F464C4F,
575B6169,
70767A7C,
78797B7D,
7F818283,
8788898B,
8E909192,
90919294,
96989A9A,
A2A3A4A5,
A6A7A8A9,
A9A9AAAA,
AAA8A6A5,
A8A9AAAA,
A8A49F9C,
9789929A,
8D837253,
2A262834,
4040362D,
35363738,
38373635,
353B3A35,
3B46463D,
34323336,
37343232,
36353437,
40516572,
66514451,
4D73484C,
4E455057,
4B4D5346,
354A6044,
3D3E2A45,
85ABB1A0,
A1A3A1A9,
94949595,
9698999A,
9B9B9A9A,
99999898,
96969696,
96969696,
96969696,
96969696,
98979796,
95959494,
93939290,
8F8D8C8C,
8C8C8B8A,
8A898888,
8683807F,
7F7D7772,
75798BA9,
C0CBD3DB,
DCDDDDDC,
DBD9D6D5,
D4D4D4D4,
D4D4D4D4,
D4D4D5D6,
D6D7D8D8,
D6D5D5D4,
D3D3D2D2,
D0CFCFCE,
CDCDCCCC,
CACAC9C9,
C8C7C7C7,
BFBEBBB9,
B3A89A90,
33323131,
32333536,
32323130,
302F2E2E,
3438414A,
535B6164,
63656A73,
7F868887,
8D8F9399,
9FA5A9AB,
AFAFAFAF,
AFAFAFAF,
B0B1B3B4,
B4B3B1B0,
AAA6A09C,
978E837B,
6B5B4E47,
413C424C,
45546974,
6D553926,
2E343036,
3D303659,
7C665D4B,
2F31423D,
493E2F2F,
44554F3C,
2A2B3136,
30272A34,
597E9474,
81935A39,
343C4347,
5260625C,
736E6B71,
7D898E8F,
88837B74,
71737474,
8A848F9D,
895E4D59,
475F6A5A,
453C3E41,
323B423E,
342C2D31,
39373533,
32323233,
30373A39,
3C43443F,
332E2B2C,
333B3F41,
2E313435,
3334373A,
3834302F,
32333230,
33343638,
39393838,
3E3D3C3A,
39393A3C,
363E4440,
36323840,
4E4C4843,
3D383431,
2A2B2E32,
373E4346,
52555B62,
696E7173,
7576787B,
7E818485,
84858789,
8B8D8F90,
90909193,
94969798,
9D9EA0A2,
A4A6A7A8,
A7A8A9A9,
A8A7A5A3,
A5A6A7A7,
A5A19C9A,
968A9299,
897E6F52,
2C262937,
413D3532,
3738393A,
3A393837,
343D3B33,
39494A3E,
3634363B,
38303036,
38363539,
44556672,
63534A55,
4B6F4851,
4F465157,
4B4E5447,
33475B3E,
37392743,
84AAB09E,
9FA09DA5,
95949392,
92939596,
97979797,
97969696,
96969696,
96969696,
96969696,
96969696,
97969695,
94949393,
93929190,
8E8D8C8B,
8C8C8B8A,
8A898888,
85827F7E,
7E7C7671,
747B91AF,
C3CCD3DC,
DCDDDDDC,
DBD9D6D5,
D4D4D4D4,
D4D4D4D4,
D4D4D5D6,
D6D7D8D8,
D5D4D4D3,
D2D2D1D1,
CFCECECD,
CCCCCBCB,
CDCCCAC7,
C4C1BFBE,
B5B0A89F,
93827064,
34333130,
2F2F3031,
2F2F2F30,
30313131,
34373D46,
51595E60,
66676C75,
80868685,
8D8F9399,
9FA5A9AB,
AEAEAEAE,
AEAEAEAE,
B0B1B3B4,
B4B3B1B0,
AAA6A09C,
978E837B,
6A5B4D47,
413C414B,
455A7072,
5D443430,
31342F37,
443C4162,
64515952,
2B2C433D,
44403937,
434F4B3D,
312B2D34,
342C292C,
4D7C9A78,
7E926653,
323E474B,
525C5E58,
6E69676D,
777F807E,
8A888788,
867E7570,
818795A4,
A2855B3C,
3C595E58,
5B4B3536,
38393B39,
36333232,
36353433,
32333435,
333E4441,
444D4C44,
34302D2F,
363E4244,
32303032,
36383836,
3B373332,
34353432,
2F313437,
393A3A3A,
3C40423D,
35333A41,
3C3E3E3B,
3635383D,
4C4B4946,
413B3532,
2D2D2D2F,
32373B3E,
4B4E5359,
5F636567,
696A6E72,
767A7E7F,
7F7F8183,
8587898A,
8F909192,
93949596,
999A9C9E,
A1A3A5A6,
A5A6A7A7,
A6A5A3A2,
A2A3A4A4,
A29E9997,
968A9297,
867C6F54,
30282A39,
413C3738,
38393A3B,
3B3A3938,
343E3C31,
374B4D3F,
37353A40,
392D2F3B,
37343338,
4455656E,
6056525A,
4A6B4958,
5249545A,
4E51574A,
394C5D3E,
373B2B49,
84AAAF9C,
9C9C99A0,
92908E8C,
8B8D8E90,
93939393,
94949494,
96969696,
96969696,
96969696,
96969696,
96969595,
94939392,
9291908F,
8D8C8B8A,
8C8C8B8A,
8A898888,
85817E7E,
7E7B7671,
747D95B3,
C6CCD3DC,
DCDDDDDC,
DBD9D6D5,
D4D4D4D4,
D4D4D4D4,
D4D4D5D6,
D6D7D8D8,
D4D4D3D3,
D2D1D1D0,
CECECDCD,
CCCBCBCA,
CBC8C3BC,
B4ADA8A5,
968C7D6E,
6154483F,
3534312F,
2D2D2D2D,
2B2B2D2F,
31333535,
37383C45,
4F575B5D,
67696E77,
80858583,
8D8F9399,
9FA5A9AB,
AEAEAEAE,
AEAEAEAE,
B0B1B3B4,
B4B3B1B0,
AAA6A09C,
978E837B,
6A5B4D47,
403C414B,
4C647971,
543B373F,
35352F39,
4B454969,
50405453,
2928433F,
3D43433E,
40474741,
362D2B34,
38312A29,
4880A57E,
7B8F726E,
36454F4C,
4B4F5351,
66656668,
6A6C6C6B,
8F8E9299,
978A7A72,
8390969A,
A9A77130,
506E6A67,
79623B3A,
37302A2D,
353B3A36,
35343332,
33343637,
2C39403D,
404A483D,
37332F32,
39414647,
35302C30,
383C3833,
3D393534,
36373533,
2D2F3236,
393B3C3C,
3A42463F,
332F3945,
403E3A37,
3637393B,
49494846,
413B3532,
302F2E2D,
2F333739,
45484D52,
575A5D5D,
5B5D6166,
6B707476,
7A7B7C7E,
81838485,
8F8F9091,
92939495,
9697999C,
9FA2A4A5,
A4A5A5A6,
A5A3A1A0,
A0A1A2A2,
A09C9795,
978B9296,
847B7057,
33292B3A,
413B383C,
39393B3C,
3C3B3939,
343F3D30,
374C4F40,
39373C43,
3A2C2F3E,
35323035,
4354636B,
5E58575E,
4969495D,
554C575D,
52545A4D,
43546444,
3D423453,
84AAAE9B,
9A99969D,
8F8C8987,
8687898B,
91919191,
92929293,
96969696,
96969696,
96969696,
96969696,
96969594,
94939292,
9291908F,
8D8C8B8A,
8C8C8B8A,
8A898888,
84817E7D,
7E7B7570,
747E97B5,
C8CDD3DC,
DCDDDDDC,
DBD9D6D5,
D4D4D4D4,
D4D4D4D4,
D4D4D5D6,
D6D7D8D8,
D4D4D3D2,
D2D1D0D0,
CECECDCC,
CCCBCACA,
C5C0B8AE,
A398908C,
72655242,
3833302D,
2E2F2F30,
31313232,
34322E2B,
2C2F3336,
2F31343C,
47546067,
6866676E,
77808484,
8D939A9F,
A1A4A8AC,
AEAEAEAE,
AEAEAEAE,
B0B1B3B4,
B4B3B1B0,
AFA99F97,
91898079,
6260533C,
32384144,
6D748256,
623E5C73,
332B262F,
42566266,
46474C4D,
41343641,
443A3C48,
4B403A3E,
2D2D2E32,
34322B25,
35769986,
7F908055,
48393B51,
56463D44,
58676E6B,
71786A53,
61889C87,
70737E80,
7C8B9AA1,
A39B846D,
877B7378,
7C6C4A2E,
2D303230,
2D2E3339,
33333332,
32313131,
3C394143,
4253512E,
31292F2F,
2A3E4E42,
34343434,
34343434,
39373431,
30323435,
2D2E2F31,
33353637,
3D3F3F3A,
35353D45,
42424241,
3F3C3937,
404C5049,
46473E2F,
36363535,
3637393A,
40404142,
43444545,
42454B52,
595E6263,
6C6F7479,
7D7E7E7D,
88858487,
8D929393,
96959597,
9BA0A5A9,
A7A7A7A5,
A29E9B99,
9B9D9E9E,
9B958E8A,
8E878384,
84755841,
24272C31,
34343432,
37363534,
34353637,
3C383130,
3D494232,
2F363833,
3338362F,
323A4142,
424C6172,
6B535C55,
58604E5D,
4C475357,
515B5F49,
40495C48,
3F392E5C,
8AB1AF96,
9BA69C94,
8C8A857D,
797B8289,
87898B8D,
8F8F8F8F,
8E919494,
91919497,
95959594,
94949393,
95969696,
9593918F,
92929190,
908F8E8E,
918F8B88,
86878889,
8684807C,
79777575,
738EABBB,
C8D6DDDC,
E0DEDCD9,
D8D7D8D8,
D4D4D4D4,
D4D4D4D4,
D2D2D2D2,
D2D2D2D2,
D3D2D0CF,
CECFD0D1,
D2CECAC8,
C8C6C2BE,
B8B3ACA2,
937E6758,
38363330,
2E2D2C2C,
2D2E2E2F,
30303131,
31302D2C,
2C2E3032,
2F30343C,
47535E65,
6462646B,
76808687,
8C929A9E,
A0A3A8AC,
AEAEAEAE,
AEAEAEAE,
B0B1B2B3,
B3B2B1B0,
ADA7A099,
92897E77,
70523B38,
3B3E4E62,
83969D56,
5B668464,
332C262C,
3C4D595E,
49454547,
40373841,
3F3A3E48,
463A363B,
2E2D2E31,
34312B25,
31749B8B,
82928967,
463E465A,
5B483F46,
49607172,
75776850,
557A8B75,
5D637884,
7E919F9E,
9893897E,
96938D89,
8C83623F,
2B2C2D2D,
2D2E3133,
35353534,
34343434,
3A3B4646,
42525132,
31292F2F,
2B3E4E41,
34343434,
34343434,
39373431,
30323435,
2E2E3031,
33343636,
3D40413E,
3A393E44,
42424140,
3E3B3836,
3D494F4B,
4B4E473B,
44423F3C,
3B3C3D3F,
38393A3C,
3E3F4041,
484B4F54,
585B5D5D,
6A6C7176,
797A7A7A,
85868789,
8B8F9396,
90909092,
959A9FA2,
A4A4A3A1,
9D999593,
91939597,
96928E8B,
8E898688,
87775A43,
3D393531,
3134383B,
39383635,
35363839,
3C393232,
3E494334,
31383832,
3237362F,
323A4141,
424C6072,
6B525C55,
58604E5C,
4D495458,
505A5D47,
40465847,
433E305B,
8CB1AE96,
9BA59A92,
8786817A,
76777E84,
83848789,
8A8B8B8A,
8C8F9292,
8F8F9195,
94949494,
94939393,
93939494,
93918F8E,
92919190,
8F8F8E8E,
908E8B88,
86868889,
8683807C,
78767675,
7691ADBD,
C9D6DCDC,
DFDDDBD9,
D7D7D7D7,
D4D4D4D4,
D4D4D4D4,
D2D2D2D2,
D2D2D2D2,
D3D2D1CF,
CECECECF,
CCC8C5C3,
C2BEB7B1,
A0968776,
65524035,
2E2D2B29,
28282828,
2D2D2E2E,
2F303031,
2D2D2C2C,
2C2C2C2C,
2D2F343C,
46525C62,
605E6068,
747F8688,
8C92999E,
A0A3A7AB,
AEAEAEAE,
AEAEAEAE,
B0B1B2B3,
B3B2B1B0,
A9A5A09A,
94897C73,
714C373F,
4244689A,
C0AEA262,
5B84A66E,
322C2728,
33424F56,
4E423B3E,
3F3B3B41,
383B4246,
3E323037,
2F2E2E30,
33312C26,
2C6F9C91,
86949480,
59525764,
614C3F42,
3D5A747D,
82826C4F,
5070806E,
5B647B8B,
8598A39A,
8D888988,
9BA8A79B,
9D9E7F54,
332F2C2B,
2E313131,
35353536,
36363636,
373D4D4C,
42505236,
31282E2F,
2C404E3F,
33333333,
33333333,
39373431,
30323435,
2E2F3031,
33343536,
3C404342,
3F3E3F41,
4041403F,
3D3A3735,
39434B4D,
5055514A,
413F3B39,
3A3E4245,
40414345,
484A4C4D,
5B5C5F61,
63636362,
6B6D7174,
77797A7A,
7C818686,
83858C94,
91919293,
969A9D9F,
A5A5A4A2,
9E9B9795,
92939494,
928E8A87,
8A878587,
8371543D,
3836322F,
2F313436,
3B3A3837,
37383A3B,
3C3A3534,
3E494436,
34393932,
3135352E,
32394041,
414C6071,
6C525A54,
59624E5B,
504B5558,
50595B45,
3F425347,
49463359,
8FB0AC96,
9CA2968E,
807F7C76,
7172777D,
7D7F8184,
85858585,
888B8E8D,
8B8B8D91,
92929292,
92929292,
91929293,
92918F8E,
91919090,
8F8E8E8D,
8F8D8B88,
87868787,
84827F7B,
78767675,
7C96B1C0,
CBD6DCDB,
DEDCDAD7,
D6D6D6D6,
D3D3D3D3,
D3D3D3D3,
D1D1D1D1,
D1D1D1D1,
D4D3D1D0,
CECCCBCA,
C4C1BDB9,
B5ACA097,
8275614E,
40352B25,
25252626,
27282929,
2D2D2E2E,
2F303031,
2A2B2C2C,
2C2A2827,
2C2E343C,
4650595E,
5F5D5D64,
6F7B8285,
8B91989D,
9FA2A6AA,
AEAEAEAE,
AEAEAEAE,
AFB0B1B2,
B2B1B0AF,
A5A39F9B,
94887A6F,
60534B4C,
506396CA,
DD8F7261,
577EA379,
302D2828,
2E3C4C57,
53403337,
3E3F3F41,
343C4442,
362C2E35,
302E2D2F,
31312C27,
26689892,
848F9893,
7D6A5E63,
62534139,
3C556F81,
9193744D,
47617471,
6A6F7779,
8D9BA298,
8A837E79,
7D9AA499,
A0B0986C,
493F322C,
2D303233,
32333334,
34353535,
353F5250,
434E5239,
31272D30,
2F424E3C,
32323232,
32323232,
39373431,
30323435,
30303132,
32333434,
393C4143,
423F3C3A,
3F3F3F3E,
3B383533,
373E464C,
51545350,
3D3C3C3E,
434C555A,
595A5C60,
6366696A,
72747678,
79797978,
7475777A,
7D7F8080,
7E868E8C,
8686909B,
99999A9C,
9EA0A2A3,
A7A7A8A8,
A7A5A3A2,
A3A2A09C,
97918B88,
8C8A8888,
826F533D,
282B2F34,
36363432,
3C3B3A39,
393A3B3C,
3B3B3735,
3E484438,
363A3931,
2F35342F,
31383F40,
404B5F70,
6E525953,
5A634E5A,
514C5658,
4F585A43,
3F405046,
4D4C3759,
94AFA995,
9C9F908A,
77787773,
6E6D7175,
7A7B7E80,
81828281,
83868988,
8685888B,
8D8E8E8F,
8F909090,
91929393,
93929190,
90908F8F,
8E8D8D8C,
8D8C8A89,
87868585,
82807D7A,
78767676,
839CB6C4,
CDD7DBDA,
DCDBD8D6,
D4D4D4D5,
D2D2D2D2,
D2D2D2D2,
D0D0D0D0,
D0D0D0D0,
D3D3D1CF,
CCC8C5C4,
BEBAB4AC,
A1928074,
5C514337,
322F2C2A,
2325282B,
2E303131,
2F2F2F30,
31323232,
2A2B2B2C,
2B292625,
2A2D333B,
454E565A,
5F5C5B60,
6A757D80,
8A90979C,
9EA1A6AA,
AEAEAEAE,
AEAEAEAE,
AEAFB0B1,
B1B0AFAE,
A4A19D99,
9387786D,
56575257,
7BADC8C8,
9C58404A,
4B85975F,
2E2E2C29,
2C394E5E,
57413236,
3F414042,
3640443C,
302C3137,
312F2D2E,
30302D29,
27618F8E,
7F849299,
91705351,
5A574636,
3B4A5B71,
8F987445,
3B506978,
7D776453,
8C969C97,
9086725F,
476A7E7C,
8FB0AC8C,
65574332,
29292D30,
2E2E2F30,
31323233,
343E5251,
444F5238,
32272B30,
31454E3A,
32323232,
32323232,
39373431,
30323435,
31313132,
32333333,
35383C3F,
403D3834,
3D3D3D3C,
3A373432,
37394049,
4E4E4E50,
4C4C4E52,
59626B70,
6C6D7073,
777A7C7E,
80828588,
8B8C8D8D,
81818284,
86888A8B,
89929997,
91919BA6,
9D9D9FA0,
A1A2A2A2,
A2A3A6A9,
AAABABAB,
ADADABA8,
A49F9C9A,
A19F9E9C,
95836B5A,
3E3D3B39,
38383839,
3C3B3A39,
393A3B3C,
393B3835,
3C464339,
363A372F,
2E353631,
30383E3F,
404A5E70,
6F515752,
5B654F58,
514C5658,
4F585A43,
40404F45,
4D4D395C,
99AEA595,
9D9B8A85,
72747572,
6D6B6C6F,
77797B7E,
7F807F7F,
7D808382,
807F8285,
87888889,
8A8B8C8C,
91929394,
95949392,
908F8F8E,
8D8D8C8C,
8B8B8A89,
87868483,
807F7C79,
77767676,
8BA4BCC8,
CFD8DBD8,
DBD9D7D4,
D3D2D3D3,
D2D2D2D2,
D2D2D2D2,
D0D0D0D0,
D0D0D0D0,
D1D1D0CD,
C8C3BEBB,
B9B3A89B,
8A766051,
37312B28,
292A2826,
23262B30,
34363738,
31323233,
34343535,
2E2D2C2A,
29282727,
282C333B,
444D5357,
5B58565B,
66737C80,
898F979B,
9EA0A5A9,
AEAEAEAE,
AEAEAEAE,
ADAEAFB0,
B0AFAEAD,
A4A09B96,
8F84776E,
5F5C576F,
B3EAD193,
4C4D3D3E,
4DAB9D43,
2F31312B,
29354D61,
5845373A,
41414042,
3E444236,
2E323A3C,
322F2C2D,
2F302D2A,
2F5E8789,
79788793,
906E4B43,
50564A3A,
343C4456,
76866B40,
4659768D,
917E5E44,
7A889499,
998E7359,
2B435155,
6F9AAFA9,
83786248,
31252528,
2B2B2C2E,
2F303132,
343C4E4F,
46515033,
32262A30,
33474D37,
31313131,
31313131,
39373431,
30323435,
32323232,
32323232,
3636383C,
3F3D3731,
3C3C3C3A,
38353230,
36343B46,
4C4A4B50,
57585A5E,
62686C6F,
71727477,
7A7C7E7F,
8083878B,
8E919292,
8A898989,
8B8E9092,
878D9191,
8E90989F,
999A9C9D,
9D9C9B9A,
999B9EA1,
A4A5A6A6,
A8A9AAAB,
ADAFB0B1,
BBBABAB9,
B4A9998D,
74685441,
3633373B,
3B3A3837,
37383A3B,
35393834,
39424138,
3438352D,
2E363935,
2F373E3E,
3F495E6F,
71515551,
5C674F57,
504B5558,
50595B45,
41435245,
49493A62,
9EADA295,
9D988581,
6F727574,
6F6B6B6C,
7475787A,
7C7C7C7C,
777B7D7D,
7B7A7D80,
80818283,
85868787,
8E8F9192,
93939291,
8F8E8E8D,
8C8C8B8B,
89898A89,
88858381,
7F7D7A78,
76767676,
92AAC2CC,
D2D8DAD7,
D9D8D5D3,
D1D1D1D1,
D1D1D1D1,
D1D1D1D1,
CFCFCFCF,
CFCFCFCF,
CECECDC9,
C4BCB5B1,
B1A89988,
755E4839,
2E2B2828,
2A2A2723,
24272E34,
393B3B3B,
35353536,
37383838,
33302C29,
2727292A,
272B323B,
444C5154,
53504F56,
65758186,
898F969B,
9DA0A4A8,
AEAEAEAE,
AEAEAEAE,
ADAEAFB0,
B0AFAEAD,
A6A09992,
8B82776F,
6A7183A7,
D3D89C57,
4A644440,
53AF8D44,
3236352C,
252E475D,
59493F40,
43403F43,
47493F30,
2E3B4443,
33302C2C,
2E2F2D2B,
3D618286,
766F7B8A,
937C5F4E,
4E514A3F,
2D363B41,
586C634A,
5B718E9E,
957A5E4E,
5D758F9C,
9D96826F,
49483E37,
48729AAF,
A39F9071,
4B2F2525,
2B2C2D2F,
31323334,
3539484C,
47544F2C,
32252930,
35484D35,
30303030,
30303030,
39373431,
30323435,
33323232,
32323231,
3A38373A,
3F3F3934,
3B3B3A39,
3734312F,
332F3645,
4C4A4D56,
53565C62,
66696B6B,
7677787A,
7B7D7E7F,
7F818488,
8B8C8D8D,
8B8A8988,
8A8C8F92,
85868789,
8B8F9395,
9697999A,
9A989594,
96989A9C,
9D9D9C9B,
9FA1A3A7,
ABB0B4B7,
BFC0C2C5,
C6C3BDB8,
A99C876F,
5A4B423E,
39383635,
35363839,
32373633,
363E3E37,
3236332C,
2D373C39,
2F363D3E,
3E495D6E,
72515450,
5C684F56,
4D495458,
505A5D47,
44485745,
43433A68,
A1ADA095,
9E95817D,
6F737777,
726D6C6C,
6E707275,
76777676,
73777979,
7676797C,
7A7B7C7E,
7F818283,
88898B8D,
8E8E8D8D,
8E8E8D8D,
8C8B8B8A,
87888A8A,
88858280,
7D7C7977,
76767677,
98AFC6CF,
D3D9DAD6,
D8D6D4D2,
D0D0D0D0,
D0D0D0D0,
D0D0D0D0,
CECECECE,
CECECECE,
CBCBCAC6,
BFB6AEA9,
A59A8A77,
644F3B2F,
322E2A2A,
2C2E2E2C,
2B30363D,
42444443,
37373738,
393A3A3A,
36322D28,
26272A2C,
262B323B,
444B5052,
4B494A53,
6477858C,
898E969A,
9D9FA4A8,
AEAEAEAE,
AEAEAEAE,
ACADAFB0,
B0AFADAC,
A7A0978F,
88817771,
6E8BBCE0,
D59D5C35,
7471353D,
4E876250,
3539372B,
20274057,
584C4445,
443E3E44,
4E4B3D2C,
2F414B48,
34302C2B,
2E2F2E2B,
48648185,
756C7583,
9E937C63,
534C4640,
2A383D3A,
465B6157,
637A969C,
86675654,
46698E9D,
9E9A928A,
7961402A,
2E5081A6,
BABEB695,
663E2B28,
2D2E2F31,
33353637,
36374449,
48564E28,
32252930,
35494D34,
30303030,
30303030,
39373431,
30323435,
33333332,
32313131,
3E3A383B,
40413C37,
3A3A3A39,
3633302E,
312C3446,
4E4C515C,
5157616A,
72767777,
7E7F8081,
82838484,
80828487,
89898989,
89878585,
86898C8E,
918E8D90,
969B9C9C,
97989A9B,
9B989593,
9A9B9C9C,
9B999795,
9D9D9FA1,
A5A9ACAF,
B4B6BAC0,
C5C9CACA,
CBC8C0B0,
97785D4C,
37363534,
34353637,
30353531,
343C3C36,
3034322B,
2D383E3C,
2E363D3E,
3E485D6E,
72515350,
5D694F55,
4C475357,
515B5F49,
454B5A45,
3E3E3A6D,
A3AC9F95,
9E947E7B,
6F747979,
756F6D6C,
6A6C6E70,
72727272,
71747777,
7474777A,
7677787A,
7C7E7F80,
83848789,
8A8A8989,
8E8E8D8C,
8C8B8A8A,
8788898A,
8885817F,
7C7B7977,
76767677,
9BB2C8D1,
D4D9DAD6,
D7D6D3D1,
CFCFCFD0,
D0D0D0D0,
D0D0D0D0,
CECECECE,
CECECECE,
C9C9C8C4,
BDB3AAA4,
9B907F6D,
5B49382D,
2B262020,
262C3031,
353A4148,
4D4E4D4C,
3636383D,
413F3934,
38342F2E,
2E2C2824,
252C3438,
393E4952,
4F4A4952,
63768286,
868C949A,
9DA1A7AB,
ACACACAC,
ACACACAC,
ABADB0B3,
B4B3B1AF,
A99D9696,
8D7F7E88,
93C2E6CE,
89504553,
43503D33,
5A725736,
29282929,
2529435E,
57575042,
35343E4A,
4C3B343D,
42425065,
3C2E2935,
3B343033,
456C8988,
82817561,
79939B7E,
59464343,
25323231,
4D777F6A,
698DA292,
7A6D5C48,
61728187,
8C8D7C65,
797A6145,
3D3F629A,
AEA7AFBA,
A1693F34,
31333232,
363B372F,
40414750,
56504032,
352E3333,
3651583B,
352E2D35,
38322F31,
35373937,
34313030,
30303030,
30303030,
39363435,
37383633,
373A3C3A,
35313132,
3131343C,
474F5353,
565C656C,
70747A7F,
81828282,
817F7D7C,
7E7F8081,
83848586,
83848587,
898B8C8D,
898A8C8F,
91949697,
96969696,
96969696,
95949392,
93949697,
9A9EA1A3,
A5A9B0B5,
B6B8BCC0,
C3C6C7C7,
C9CACAC6,
BCAFA198,
5E534439,
37383B3C,
2F2E2E32,
393C3C3A,
332F2C2D,
30333230,
32333C47,
4B4D5867,
6A5A4F51,
55575C64,
4C51514E,
535B584F,
4F4A4147,
4D393E67,
ADA89F97,
95928679,
6E6D6E73,
7979726A,
6E727471,
6B6A6F74,
73747474,
75757575,
6D6E6F71,
74767778,
7D7D7E7E,
7F808081,
81858888,
8686898C,
87878685,
84838282,
80797474,
706C737F,
9CB2C5CB,
CED5D8D6,
D5D3D1CF,
CECECECF,
D0D0D0D0,
D0D0D0D0,
D2D1CECB,
CAC9C9C9,
CAC5C1BF,
BEB8ADA3,
9F8C7056,
4439322F,
23242528,
2B303436,
42454B4F,
51504E4C,
39393A3D,
41423E39,
39363130,
31302C28,
282D3237,
3B41484E,
4D494850,
61727F84,
858B9499,
9DA1A6AB,
ACACACAC,
ACACACAC,
ACADB0B1,
B2B0AEAD,
A7A19F9E,
93868894,
BEC0B288,
573E4658,
453F2C3D,
70794D2A,
29282929,
2529415B,
5C554B42,
3D3D4043,
4839343B,
3C3C4E68,
4E3E363C,
3F383436,
31546F74,
78817C6C,
788D9889,
70594230,
2635414C,
65808476,
7F9DA481,
5D565E62,
5B636B74,
838B7C64,
687F7959,
39264481,
9B9B999B,
A0936538,
2E2F3135,
35313032,
42434952,
58524234,
332D3132,
3550573A,
372F2E36,
39333032,
33353737,
35333232,
31313131,
31313131,
34323235,
3B3F3F3D,
373A3C3A,
35323133,
3332353D,
48505454,
565D666D,
70747A7E,
81818282,
817F7D7C,
7E7F8081,
83848586,
84848687,
898A8C8C,
8A8A8C8F,
91939596,
94949494,
94949494,
93929191,
92939596,
989DA3A6,
A7AAAFB4,
B6B8BCC0,
C3C5C6C7,
C1C4C8CA,
C8C4BEBA,
9F8C6F55,
453D3A39,
3938383A,
3C3B3530,
36322F30,
33353433,
35363F4B,
4F515B69,
6C5C4F51,
55565A61,
4A4F504E,
535B5950,
4D4D484E,
503B426F,
AFA89E97,
95908479,
74737478,
7E7D7771,
71747572,
6D6C7075,
72727272,
72737373,
6C6C6E6F,
71737575,
78797A7B,
7C7D7E7E,
7D808383,
81808386,
85848483,
82818080,
7F797677,
736E747F,
9FB4C7CC,
CFD5D7D5,
D4D2D0CF,
CECECECF,
D0D0D0D0,
D0D0D0D0,
D2D1CECC,
CAC8C8C8,
C6C1BCBA,
B8B4ABA3,
907E634B,
3B332F2D,
292A2B2E,
31363A3C,
46494E51,
52514E4C,
43403E3F,
4243413E,
3B373433,
3434302C,
2E2D3036,
3E444747,
4845454D,
5C6D7A80,
83899298,
9CA0A6AA,
ACACACAC,
ACACACAC,
ACADAEAF,
AFADACAA,
A8A19D9B,
9797A5B5,
CDA87347,
353B4C59,
45302A5D,
947D3F24,
2A282829,
26293D54,
61564840,
3F40403E,
43383539,
35344C6C,
58473937,
37322F2F,
30485B65,
74878B80,
6A748085,
83714C2B,
2E364353,
64737D82,
94A69E71,
49465C6C,
5D5A5862,
77878070,
5368685A,
4C3A466F,
92978A7F,
9BBA9A5C,
332A2B35,
342B2F3E,
42444A53,
59534335,
302A2F30,
334E5539,
38302F37,
3A353133,
31323435,
36363534,
33333333,
33333333,
35333337,
3E424240,
363A3C3B,
36333334,
3534363D,
48515556,
565E676E,
7275797D,
7F808181,
807F7D7C,
7D7E7F80,
82838485,
84858687,
898A8B8C,
8A8B8C8E,
90929495,
91919191,
91919191,
91908F8F,
90929495,
969CA4A9,
ABACAFB2,
B7B9BDC0,
C3C5C6C6,
BFC2C6CA,
CED0D1D1,
D2C1A78B,
725D4C41,
3D3A3738,
3A3A3632,
39353232,
35373634,
3838404D,
54555E6A,
705E4F50,
5555575C,
484D4E4D,
535B5A51,
48505156,
523B4679,
B2A89D97,
948D8279,
7A7A7B7F,
83837E7A,
76777774,
71707276,
70707070,
7070706F,
6A6B6C6D,
6E6F7071,
71717374,
7678797A,
777A7D7C,
7A797C7F,
80807F7F,
7E7D7D7D,
7D787779,
7670747F,
A3B7CACE,
D0D5D7D4,
D2D1CFCE,
CDCECECF,
D0D0D0D0,
D0D0D0D0,
D1D0CFCC,
CAC8C6C5,
C0BCB8B5,
B1ABA19B,
78674E39,
2E2B2B2B,
31323336,
393E4244,
4C4F5254,
5452504E,
514C4643,
4343403D,
3C383534,
3635322F,
322F2F36,
40464440,
43414248,
5565737B,
80879096,
9B9FA5AA,
ACACACAC,
ACACACAC,
ADADADAD,
ACABAAAA,
AA9E9394,
9FB0C1CD,
A37C4E37,
3C4B5251,
3B31468A,
AC73312A,
2A27282A,
2728384C,
62594B3D,
35353B40,
40373639,
32314C70,
5F4F3E36,
35343230,
39434A51,
65808C89,
68626375,
8B8B6F51,
544F4F57,
5E688098,
9E9B8561,
4A4C5659,
6861595B,
6A7C8587,
63553D47,
696E6065,
9597846F,
7FA5AB95,
4F34252E,
332D3547,
40414750,
56504033,
2E282D2E,
324D5539,
38303038,
3B353234,
302F3034,
38393735,
34343434,
34343434,
3A383638,
3B3D3B38,
363A3C3B,
37343436,
3735363D,
47515758,
575F6970,
7376797B,
7D7E7F80,
807F7D7C,
7D7D7E80,
81838484,
86868788,
88898A8A,
8A8B8C8E,
8F919293,
8F8F8F8F,
8F8F8F8F,
8E8E8D8D,
8F919395,
959CA6AC,
ADADAFB0,
B8BABDC0,
C3C4C5C5,
C6C6C6C7,
C8CACCCE,
D1CFCAC1,
AF947763,
473E322C,
2D33383B,
38343030,
33343331,
37363E4C,
55565C66,
745F4F4F,
54545457,
474C4D4C,
525B5951,
424E5458,
50384981,
B5A69A97,
948A7F7A,
7E7F8183,
85858280,
7C7C7A77,
75757677,
70706F6F,
6E6E6D6D,
696A6A6A,
6B6B6B6C,
696A6C6E,
70727374,
73767877,
74737679,
79797979,
79797878,
7A767679,
7570747E,
A5B9CBCF,
D0D4D6D3,
D1D0CECD,
CDCDCFCF,
D0D0D0D0,
D0D0D0D0,
D0D0CFCD,
CAC7C4C2,
BABAB8B3,
AA9B8C83,
5D4E3A2A,
2426292C,
3737393B,
3F43484A,
52535556,
56545250,
625C534D,
4A46403C,
3E3A3736,
3736332F,
35313138,
4145413B,
3C3D3F44,
4E5D6C76,
7E848E94,
999EA5AA,
ACACACAC,
ACACACAC,
ADACACAB,
ABABACAC,
A99F979F,
B4C3BEB2,
6F59433D,
48514F48,
30436EA5,
A4562131,
2B27282A,
28273343,
5B5B513D,
2A273647,
3D353539,
33314C6F,
6A5E4B3F,
3F43423E,
38363235,
49687F89,
7E675865,
8291897B,
817B787A,
7A7F96AF,
A6865D47,
4E5B574A,
6D69645E,
5D687F94,
82603640,
74857673,
A296836C,
596290BE,
81563029,
2E303540,
3B3D434C,
524C3C2E,
2D272C2E,
324E563A,
38302F37,
3A343133,
302E2E32,
393B3935,
34343434,
34343434,
37343235,
393B3937,
36393D3C,
38363638,
3735353B,
45505658,
58606B73,
7576787A,
7B7C7E7F,
7F7F7D7D,
7C7C7D7F,
80828383,
87878788,
88898989,
8A8B8C8D,
8E8F9091,
8D8D8D8D,
8D8D8D8D,
8D8D8D8D,
8F929496,
969DA7AD,
AEAEAFB1,
B9BBBEC1,
C3C4C4C4,
CDCCC9C6,
C5C5C6C7,
C4C9D0D4,
D0C0AA9A,
7460452F,
26282E33,
34302C2B,
2D2E2D2A,
33313848,
5254585F,
755F4D4D,
54555353,
474C4D4B,
515A584F,
3D4A5053,
4A344986,
B6A39697,
94877E7E,
7F818384,
84848485,
83807D7B,
7A7A7979,
73727271,
706F6E6E,
6A6A6A69,
69686868,
65656668,
6A6B6C6D,
70737574,
706F7174,
73737373,
73737474,
76717073,
706B717C,
A4B9CACE,
CFD4D5D2,
CFCECDCC,
CCCDCFD0,
D0D0D0D0,
D0D0D0D0,
D0D0CFCD,
CAC6C2BF,
B6B8B6AD,
9B846E61,
473C2D24,
23282C2F,
3A3A3C3E,
42474B4D,
55565656,
56555453,
726C635D,
58514842,
45413C3B,
3A393430,
3434373B,
40403D39,
37393C40,
47556571,
7B828B93,
989DA4A9,
ACACACAC,
ACACACAC,
ADACABAB,
ACAEB0B1,
AAAAACB6,
C2BE9F7D,
5D51443E,
42484B4B,
3A62899A,
7E3A182E,
2C27272B,
29262E3A,
4D555443,
2D283A4E,
382F3037,
35334967,
6A615041,
4047463E,
41372A27,
36567A92,
8A6F5858,
656D7071,
81878E90,
9196A0A8,
9E703F33,
4B636052,
64676A67,
5C5B7089,
75674C4E,
70818DA7,
BC9D8776,
513C70BE,
A8804D2D,
272E3232,
393A404A,
4F49392C,
2D272D2F,
3450583D,
352E2D35,
38322F31,
322E2D32,
3A3D3833,
33333333,
33333333,
2D2C2C32,
393F403E,
35393D3C,
3937383A,
36333237,
424D5558,
59616D75,
77777778,
7A7B7D7E,
7F7E7E7D,
7B7C7D7E,
80818283,
88888888,
88888888,
8B8B8C8C,
8D8E8F8F,
8D8D8D8D,
8D8D8D8D,
8D8D8D8E,
91939698,
989FA7AC,
ADAEB1B4,
BABCBEC1,
C2C3C3C2,
CCCBCAC9,
C8C9CACB,
CBC9C8CB,
CECFCBC7,
B19B7958,
3F312824,
312C2826,
28292725,
2F2C3345,
51525458,
755D4A4C,
54565352,
494E4E4B,
5057554B,
3D47494B,
45334C8A,
B59F9296,
94867E83,
80838685,
83838689,
8985807E,
7F7F7C7A,
78777675,
74727171,
6C6B6B69,
68676665,
63646465,
65666666,
6C6F716F,
6B696B6E,
6C6C6D6D,
6E6F6F6F,
726B6869,
67646D7A,
A1B5C7CC,
CDD2D4D1,
CDCCCBCB,
CCCDCFD0,
D0D0D0D0,
D0D0D0D0,
CFCFCFCE,
CAC5C0BC,
B1B1AA9A,
80644E43,
3A322A27,
2A303435,
3D3D3F41,
454A4E50,
55555555,
55565656,
7B77726F,
6A635951,
4F4A4542,
413E3834,
32373D3F,
3D3B3A3A,
3236393C,
434F606D,
79808A91,
979DA3A9,
ACACACAC,
ACACACAC,
ACABABAB,
ADB1B5B7,
B6BDBDB6,
B0A3876A,
6358493F,
3F48545D,
60889176,
57321E28,
2D27272B,
2A262A34,
3C48514D,
413C4550,
31262632,
3533435A,
69645342,
40474337,
56463022,
26436F90,
86766860,
5446444C,
5B6C7573,
7C909994,
765A4040,
53636560,
585E6D76,
6E616473,
64695F5F,
727E95BE,
C7987873,
5C3F5486,
A5956936,
222E3732,
3A3B414A,
504A3A2C,
2E282E31,
36525B3F,
332B2A32,
35302C2E,
352F2C31,
3A3D3730,
31313131,
31313131,
2E2D2E34,
3B414241,
35393D3D,
3A38393B,
35312F34,
3F4A5256,
59626E76,
78777777,
787A7C7D,
7E7E7E7D,
7A7B7C7D,
7F808182,
89888888,
88888887,
8B8B8B8C,
8D8D8D8E,
8D8D8D8D,
8D8D8D8D,
8E8E8F90,
9396999B,
9CA1A6A9,
ABAEB3B7,
BBBDBFC1,
C2C3C2C2,
C6C7C8C9,
CACBCCCC,
D0CBC6C5,
CACFD2D3,
D2C5B198,
7C5D412F,
302B2625,
26272522,
2E2A3144,
51535255,
745B474A,
55575452,
4C504F4B,
4E555147,
42464244,
4336508E,
B39B8E95,
94858087,
83878A88,
8584898E,
8E888280,
82827F7B,
7E7D7C7A,
79777675,
6E6E6C6A,
68676565,
64646463,
62626161,
66696B68,
64626466,
67686869,
6A6B6C6C,
6E655F5F,
5D5C6878,
9CB1C3C9,
CBD1D4D1,
CBCBCACA,
CBCDCFD0,
D0D0D0D0,
D0D0D0D0,
CECFD0CF,
CBC4BEBA,
ACA6967B,
5D453732,
33302D2F,
343A3C3C,
41414345,
494E5254,
53525253,
54565859,
807E7C7A,
7871665E,
57524C48,
46423C37,
30384142,
3C37383B,
3034383B,
404C5E6B,
787F8991,
969CA3A9,
ACACACAC,
ACACACAC,
ACABABAC,
AFB3B8BB,
C4CAC0A6,
918A8379,
695E4F46,
4854646E,
87A5905B,
42392B25,
2D27272B,
2B262830,
303D4D55,
55514F4E,
2C1F1E2D,
34333D50,
74705F4C,
484F483A,
614D3119,
1229567D,
8582827B,
5F3D333A,
4153554A,
5B83968F,
4A4A515B,
62626264,
50586E85,
846F6162,
77786B69,
797B83A0,
BA825A5C,
5D46383F,
8F96783D,
2031413D,
3B3D434C,
524C3C2E,
2F292F32,
37545D41,
31292931,
342E2B2D,
37302C31,
3A3D362E,
30303030,
30303030,
38353538,
3D403F3D,
35393D3D,
3A393A3C,
33302D32,
3D495155,
59636F77,
79787777,
77797B7D,
7E7E7E7D,
7A7B7C7D,
7F808182,
89898988,
88878787,
8B8B8B8C,
8C8C8D8D,
8E8E8E8E,
8E8E8E8E,
8F8F9091,
94979B9D,
9EA2A6A8,
A9ADB4BA,
BCBDBFC1,
C2C2C2C1,
C2C4C6C7,
C7C7C6C5,
CAC8C9CC,
D0D1CDCA,
D1D2D1C8,
B28D654A,
302C2725,
27272522,
2F2A3144,
53545355,
73594549,
55595552,
4E51504B,
4E534F45,
47473F41,
43395591,
B2988B94,
9585818A,
868A8D8B,
86868C92,
918A8382,
8484807B,
82817F7E,
7C7A7978,
706F6D6B,
69676564,
66656463,
615F5E5E,
62646663,
5F5D5E61,
65656667,
68696A6A,
6C625A58,
56576576,
98ADC1C7,
CAD1D4D1,
CBCACACA,
CBCDCFD0,
D0D0D0D0,
D0D0D0D0,
CECFD0CF,
CBC4BDB9,
A99D8564,
44302A2B,
31303035,
3C414240,
44454649,
4D515558,
51505051,
5356595A,
82807E7F,
7F7B746E,
5E5C5A55,
504A4441,
40424546,
433E3935,
362E2D36,
40495868,
727C8994,
9A9FA4A8,
A8A8A9AA,
AAABACAC,
AEADADAE,
B1B5BABD,
B4ADA49B,
948C837C,
6B5C5C38,
5279617D,
B9A16636,
2A242330,
25252627,
28292A2B,
2C2F4350,
53676D57,
22282D2E,
3037444F,
7F67595B,
5546444F,
64412016,
1C273A4C,
808B8D80,
746B5945,
3F65684A,
55858E6D,
2B4D6E75,
695F5E60,
6A665E5E,
70827B66,
776F6C6F,
6B667388,
AF825548,
51554F47,
574B9872,
2334383B,
3136404B,
514A392B,
26292626,
3A524E3A,
352D2C33,
362F2B2D,
34312E30,
35383837,
32343634,
2F2D2F31,
34393D3C,
38373C41,
3B3E474C,
4334323A,
3B332C2F,
39454C4E,
6063696E,
71727271,
7C7C7B7A,
7A797878,
787B7F82,
84848382,
87878788,
88888989,
898A8C8D,
8E8D8C8B,
8D8C8B8A,
8B8C8D8F,
8C8D9092,
95989A9B,
A1A3A7AB,
B0B5B8BA,
BBBCBEBF,
C0C0BFBE,
C2C3C6C9,
CBCCCCCB,
CDCDCDCC,
CCCCCBCB,
CDCFD3D6,
D2C1A996,
68422424,
2F2D2520,
242D3D4A,
4B48494F,
68654D41,
50524C57,
514E4D4F,
52545350,
46524B3F,
542D6688,
AB989095,
8D7E8499,
8E8D8D8C,
8B8B8A8A,
8F8E8C89,
87848281,
81818180,
7F7E7E7E,
75747370,
6E6C6A6A,
6B6A6967,
64626160,
5E5F6060,
5F5E5C5B,
5E5D5F65,
6D71706E,
6B60554F,
49485769,
92ABC4CE,
D1D4D2CB,
CECECFD0,
D0D1D2D2,
CFCFCFCE,
CECDCDCD,
C8C6C6C8,
C8C1B2A6,
A389623F,
2C282B2F,
33363C41,
44454545,
48494A4D,
4F515353,
4F515355,
56565655,
87848283,
83807A74,
6664615C,
564F4946,
43454748,
45403A36,
362E2D36,
40495867,
727C8994,
9A9FA4A8,
A8A8A9AA,
AAABACAC,
AEADACAD,
AFB3B7B9,
B2ACA49D,
968D827A,
695C5846,
68795F92,
CF935333,
29292A29,
26272728,
292A2B2B,
24283C4D,
5C787248,
1A1C2126,
2D343A3D,
77726B5D,
4A414F65,
74492623,
26242C3B,
5A738A8F,
8C857564,
5D645440,
58858766,
43384A73,
7D665D6C,
676D695F,
63738081,
756C6C75,
7A767982,
AF977D6B,
56424351,
5A5F8496,
5B2C3731,
3237404B,
4F47372A,
272A2726,
3B524F3A,
362E2C34,
36302C2E,
34312E30,
35383837,
36383936,
312E2F31,
32373B3A,
37373B40,
3C3E464C,
4436343A,
3A342D2F,
39444C4E,
6063686D,
71727272,
7A7A7A7A,
7A7A7A7A,
7A7C7F82,
83838280,
87878788,
8989898A,
8A8B8C8E,
8E8D8C8B,
8C8C8B8A,
8B8C8E8F,
8D8E9093,
96999B9C,
A1A2A6AA,
AFB3B7B9,
BABBBDBF,
C0C0BFBE,
BFC1C3C6,
C8C8C8C8,
CCCCCCCC,
CCCBCBCB,
CECFD1D5,
D7D1C4BA,
906E4A37,
2C232229,
27303F4B,
4C4B5562,
66634B3F,
4E504A55,
49474548,
4C4D4B48,
4651493D,
532E688B,
A9989194,
8D7F8599,
8E8E8E8D,
8C8B8B8B,
8F8E8C8A,
87858382,
83838382,
81808080,
7A797876,
7371706F,
6D6C6A68,
66646261,
60606160,
5F5C5A58,
5F5F6268,
70747370,
6E645A54,
4C495567,
93ABC3CD,
D0D3D1CB,
CECFCFD0,
D1D1D2D2,
CFCFCFCE,
CECDCDCD,
CAC3BEBF,
C0BAAB9E,
8E775539,
2B2A2F33,
4042464A,
4C4D4D4C,
494A4C4E,
50525455,
53545657,
58585858,
8C898787,
8886817D,
716F6B66,
5E57504C,
484A4C4B,
48423C38,
352D2C35,
3F485767,
727C8994,
9A9FA4A8,
A8A8A9AA,
AAABACAC,
AEADACAC,
ADAFB1B2,
ADA9A49F,
998E8178,
675E555D,
88775EAF,
DE783A31,
272C3320,
2829292A,
2A2B2C2C,
292B3740,
577F763E,
21202025,
2D343839,
76817B5B,
3F435F77,
76472A32,
33222133,
3E5A7885,
888B8B89,
75675659,
7A938360,
4C38385A,
787A716C,
66747662,
5461829C,
7A6E6C7B,
89887E77,
8F909588,
592A2B49,
63736CAB,
8F303930,
34394149,
4B43352A,
282B2828,
3C54503B,
372F2E35,
37312D2F,
34312E30,
35383837,
3B3D3D3A,
34303032,
31343738,
36373A3D,
3D3D444B,
473B373B,
3A342F31,
39444C50,
5F62686D,
71737373,
77777879,
7B7C7D7D,
7E7F8082,
8281807F,
87878888,
898A8B8B,
8B8C8D8E,
8E8D8B8A,
8B8B8A8A,
8B8D8F90,
8E8F9194,
979A9C9D,
A1A3A6AA,
AFB3B6B8,
BABBBDBE,
BFBFBEBD,
BDBEC1C3,
C4C5C4C4,
CBCBCBCB,
CBCBCBCB,
D2D0CFD2,
D6D8D7D4,
C2A8835D,
3A23222C,
232A3842,
3F3D4C62,
6461493D,
4C4E4853,
45444346,
4A4B4845,
4650473A,
512F6D92,
A6989193,
8C818899,
908F8F8E,
8D8D8C8C,
8F8E8D8B,
89878584,
87868685,
84848383,
80807E7C,
7A777675,
706F6D6B,
69676564,
63636261,
5E5A5755,
6262666D,
75797774,
71696159,
4E485364,
93ABC3CB,
CED1D0CA,
CFCFD0D0,
D1D2D2D3,
D0D0CFCE,
CECDCCCC,
CCC0B4B2,
B4AC9887,
6B5A4231,
2B2F363B,
4A4C4E4F,
50504F4E,
4C4C4E50,
52555657,
57575858,
59595A5A,
8D8A8888,
8A8A8682,
7B79746E,
665E5753,
4F505150,
4C463F3A,
342C2B35,
3F475666,
727C8994,
9A9FA4A8,
A8A8A9AA,
AAABACAC,
ADADACAC,
ABACACAC,
AAA7A4A0,
9A8F8076,
69665B78,
A07160C1,
CC562836,
252A381D,
2A2A2A2B,
2B2B2B2B,
3E41443E,
4C77743E,
2825201C,
202D3F4C,
83897750,
3F506872,
5D38293A,
371F223F,
49555F5E,
5C687F92,
6D666C85,
988F6D51,
40524B39,
52848968,
6A787B66,
51587EA1,
8B7A707A,
8B8D7B68,
67779299,
6F352434,
626D6597,
9B533B36,
353A4146,
453E322A,
2A2D2929,
3D55523D,
39312F37,
39332E30,
34312E30,
35383837,
4041413D,
36323233,
30323435,
36383A3C,
403C414A,
4B413B3C,
39353232,
39434C52,
5E61676D,
71747474,
74757679,
7B7E7F80,
80818181,
80807F7E,
86878889,
8A8B8C8D,
8C8C8D8E,
8D8C8A89,
8A8A898A,
8B8D8F91,
90919396,
999C9E9F,
A5A6A9AD,
B1B5B7B9,
B9BABCBE,
BEBEBDBD,
BDBFC1C3,
C4C4C3C2,
C9C9CACA,
CBCBCCCC,
D3D1CFCF,
D0D2D3D3,
DBCEB490,
66412C25,
2327333D,
362D3D57,
6461493D,
4C4E4953,
4948494C,
50504C48,
464F4437,
4F31739A,
A3989191,
8B848B9A,
91919090,
8F8E8E8D,
908F8E8C,
8A898787,
89898988,
87868686,
8483817F,
7D7B7978,
7473716F,
6D6B6968,
67666562,
5E595553,
64656A73,
7B7E7C79,
716B645B,
4D455062,
96ADC3CA,
CDD0CFCA,
D0D0D1D1,
D2D3D3D4,
D1D1D0CF,
CDCCCBCB,
CABCADA7,
A4957A63,
493F322B,
2E374044,
4D4D4D4D,
4C4B4A4A,
4F4F5153,
5558595A,
58575756,
56575859,
8C898686,
898A8886,
82807C75,
6D655E5A,
56575856,
5149423D,
342C2A34,
3E475665,
727C8994,
9A9FA4A8,
A8A8A9AA,
AAABACAC,
ACACACAC,
ACABAAA9,
A8A5A29F,
998E8076,
73776D91,
A36767BC,
9D3B243A,
26263621,
2A2A2A2A,
2A2A2929,
4957665D,
5A747144,
25231C13,
152B506C,
91826143,
465F655A,
452F2C3A,
311C2B51,
625E5444,
38405D79,
666A7C91,
8865473E,
405E5B38,
3A678076,
7077786C,
5B5D7894,
9D8A7877,
83867661,
5D69859E,
93653A25,
464A6D77,
918A4233,
353A4043,
4039312D,
2B2E2B2B,
3F57533E,
3A323138,
3B343032,
34312E30,
35383837,
4143433E,
38333335,
30303134,
373A3B3B,
423B3D4A,
4F483F3D,
38373434,
38424D55,
5D60676D,
72747575,
73747679,
7B7E8081,
82818080,
7F7F7F80,
8687888A,
8B8D8E8F,
8D8D8E8E,
8D8B8988,
89898989,
8B8E9092,
91929497,
9A9D9FA0,
A9AAADB0,
B3B7B9BB,
B8B9BBBD,
BEBDBDBC,
C0C1C2C4,
C4C4C3C2,
C7C7C8C9,
CACBCCCC,
CECFD1D1,
D0CFCECE,
D9D7CFBD,
A0774828,
2B293441,
3B2F3C57,
6461493D,
4C4E4953,
4A494B4F,
53534E49,
464D4133,
4D3379A3,
9F98928E,
89878F9A,
93929291,
90908F8F,
90908F8D,
8C8B8A8A,
8B8B8A8A,
89888887,
84838280,
7D7B7A79,
78777573,
716F6D6C,
6A6A6865,
605B5754,
65676E77,
8083807C,
706A645A,
4B435165,
9AB0C5CB,
CDD1D1CC,
D0D1D1D2,
D3D3D4D4,
D2D2D0CF,
CDCCCACA,
C4B6A59A,
8E78583F,
312D292D,
3641494C,
51504E4C,
4A494948,
52535457,
595B5D5D,
57565452,
52535556,
8B878484,
888B8A89,
8887837D,
766E6764,
5D5D5D5B,
554D453F,
332B2A33,
3D465564,
727C8994,
9A9FA4A8,
A8A8A9AA,
AAABACAC,
ABACADAE,
ADACAAA9,
A8A4A09C,
978D8179,
828E8AA5,
925B73A0,
6E332838,
29263129,
29292928,
27272626,
40577B84,
777B7453,
3B38322D,
344D718D,
896E4B3E,
4C5E5846,
43383333,
2B273E5F,
6C615243,
36354A62,
7D7C7F7C,
6443373E,
4F4F5454,
453F5C84,
76757573,
6B69798D,
A0958378,
7C817868,
595C687E,
92875625,
26286966,
84AD5C31,
32383F40,
3C363231,
2D302C2C,
40585540,
3C34323A,
3C363233,
34312E30,
35383837,
4042423E,
38353537,
32303034,
3A3E3E3C,
443A3A49,
534E433D,
38383736,
38414D57,
5C60666D,
72757676,
73747679,
7B7E8081,
81807F7E,
7E808182,
8687888A,
8C8E9091,
8E8E8F8E,
8D8B8887,
88888889,
8B8E9193,
93949699,
9C9FA1A2,
A9ABADB0,
B3B6B8B9,
B7B9BABC,
BDBDBCBB,
C0C1C3C4,
C4C3C2C1,
C5C6C7C8,
CACBCCCC,
C6CCD2D5,
D4D3D3D5,
CED4D7D6,
CBAC784B,
35272A3A,
382C3854,
625F473B,
4A4C4651,
4445474C,
504F4943,
464C3D2F,
4C357FAC,
9B98928C,
888A929A,
94949393,
92919190,
9190908F,
8E8D8D8C,
8B8B8A8A,
89888887,
85848280,
7E7C7A7A,
7C7B7977,
75737170,
6D6D6B68,
645F5B58,
64686F7A,
8386827E,
6F6B655A,
4A455871,
9FB4C8CD,
CED2D3CF,
D1D2D2D3,
D4D4D5D5,
D3D3D1CF,
CDCBC9C9,
BBAE9A86,
72593F2D,
27272B35,
414C5152,
5755524F,
4E4D4D4E,
5556575A,
5C5E6060,
59565350,
50515455,
8C888485,
898D8E8D,
8F8E8A85,
7F78726F,
6262625F,
584F4741,
322A2933,
3C455464,
727C8994,
9A9FA4A8,
A8A8A9AA,
AAABACAC,
AAABAEB0,
B0AFADAB,
A9A49E99,
948C837C,
92A3A8B1,
774F7F7C,
553D2D2D,
2D2C2E2F,
28272726,
25242323,
303C6682,
7D7C8074,
6D655E60,
6C7B8488,
6A534243,
4B4B4744,
5044342A,
30455F70,
65544640,
3D41576F,
8A7A675A,
4E433F41,
4F454E61,
563D496E,
78747579,
76748296,
92948D80,
7D84837B,
484A4246,
6C8E7643,
2623475B,
72A28D45,
2F363D3D,
39343335,
2E312E2D,
42595641,
3D35343B,
3D373335,
34312E30,
35383837,
3D3F403D,
38353638,
34313035,
3D41413E,
463A3848,
5653463E,
37393937,
38404E59,
5B5F656D,
72757677,
75767779,
7B7D7E7F,
807E7D7D,
7E818486,
8686888B,
8D8F9192,
8F8F8F8E,
8D8A8886,
87878889,
8C8F9294,
9495979A,
9DA0A2A3,
A6A8AAAC,
AFB2B4B5,
B7B8BABC,
BCBCBBBB,
BEBFC0C1,
C0BFBEBD,
C4C5C6C7,
C9CBCCCD,
C6CBD0D1,
CFCFD4D9,
CCD3D7D7,
D7CDAC8A,
54362730,
2F232F4B,
5C594135,
4446414B,
4142454A,
4E4D4640,
464B3B2D,
4A3683B2,
9897938B,
878C959B,
95959594,
93929292,
91919090,
8F8F8E8E,
8B8A8A89,
88888787,
87868583,
807E7D7C,
7F7E7C7A,
78767473,
6F6F6E6C,
6864605E,
6367707B,
8487837E,
726D675B,
4D4B6481,
A4B9CBCF,
D0D5D6D2,
D2D2D3D3,
D4D5D5D6,
D4D3D2CF,
CDCAC9C8,
B3A58B6E,
533F332F,
272B323F,
4D555756,
59565350,
4F4F5051,
57585A5C,
5E606263,
5C595552,
51525557,
8E898686,
8B909191,
9492908B,
86807A77,
65656461,
5A514842,
322A2932,
3C455463,
727C8994,
9A9FA4A8,
A8A8A9AA,
AAABACAC,
A9ABAEB1,
B2B1AFAD,
AAA49C96,
918B847E,
9BB1BAB7,
63488663,
4F493023,
31332C32,
27262524,
23222121,
28224166,
6C768B93,
93847981,
8F8F7B66,
4D41424C,
47393B4B,
584A3022,
38627D7F,
5D463333,
3C4D6D8C,
785F433A,
444C4436,
404B5557,
58565047,
7774777E,
7B7A8CA5,
82909488,
82898F8C,
3B3F2D20,
4D90976E,
3B2F2251,
6086B862,
2D343B3C,
37333437,
2E322E2E,
425A5742,
3E36343C,
3E383335,
34312E30,
35383837,
3A3D3E3C,
38363739,
36323136,
3F44423F,
47393748,
5855483E,
37393A38,
38404E59,
5A5E656C,
72757777,
76777879,
7B7C7D7E,
7E7D7C7C,
7E818588,
8586888B,
8D909293,
8F8F8F8F,
8D8A8786,
87878889,
8C8F9294,
9596989B,
9EA0A3A4,
A3A4A6A8,
ABADAFB0,
B6B8BABB,
BCBCBBBA,
BBBCBDBE,
BDBCBAB9,
C3C4C5C7,
C9CBCCCD,
CBCDCECA,
C5C5CCD4,
CFD6D5D0,
D4DACFBD,
80543534,
30232D49,
57543C30,
3F413C46,
4243474D,
514F4841,
464A3A2B,
493786B6,
9697938A,
878D969B,
96969595,
94939392,
91919190,
90908F8F,
8A898988,
87878686,
8A898785,
83817F7E,
807F7E7C,
79777675,
7070706E,
6B676361,
62666F7B,
8587837E,
7570695D,
4F516D8D,
A7BBCDD1,
D2D6D8D4,
D2D2D3D4,
D4D5D6D6,
D5D4D2CF,
CDCAC8C7,
AE9E805C,
3E303137,
2B2F3947,
545A5A57,
5653504D,
4C4D4F50,
59595B5D,
5F626364,
605D5854,
5354585A,
8183878A,
8D8F8F8F,
97949190,
8E898079,
706D6961,
594F4843,
382F2627,
34485A65,
727C8994,
9A9FA4A8,
ACACACAC,
ACACACAC,
ADABAAAC,
AFAFACA8,
ACAA9B96,
95817F9F,
BBD4D186,
59656465,
534B3F33,
2A272729,
26282927,
2424272B,
27334248,
4645494E,
5768777B,
78705D4A,
44515A54,
43373940,
47413B45,
66837E68,
38303534,
2F4F7D8E,
61453D3F,
3C44442E,
3E3E4F67,
68554C54,
666E787F,
81848A8E,
8C85878D,
8A858EA0,
792C2430,
317FBF98,
67202650,
4D68A1AF,
46264239,
353B1D38,
30253023,
375D4C45,
3A3A3938,
38373636,
33312F2E,
2E313437,
3A3E4140,
3C39393A,
3434302E,
37434238,
4C44404A,
585B4F41,
3E3C352F,
34445359,
50627172,
71777A78,
7C7A797B,
7F807E7C,
7C7B7A7C,
80868C90,
8888898A,
8A8B8C8C,
8B8C8E90,
8F8C8987,
88898B8D,
8F919394,
999A9D9F,
A0A1A1A0,
A5A5A6A7,
AAADB0B2,
B6B7B7B8,
B9B9BABA,
BCBDBDBE,
BFBFC0C0,
C2C3C4C5,
C7C8C9CA,
CCCDCECF,
D1D2D3D4,
D2D2D3D4,
D4D5D6D6,
B7865035,
2C2A323E,
544E3F32,
35424742,
383B4958,
56494A56,
423C2B37,
324891A1,
98999287,
87919896,
96969594,
94939292,
90909090,
90909090,
9392918F,
8D8B8A89,
86858584,
83838282,
807F7F7E,
7D7D7C7C,
79787775,
716D6A67,
70747A7F,
84868685,
75736959,
515E7C96,
B6C0CCD5,
D7D6D5D6,
D4D4D4D4,
D4D4D4D4,
D4D0CDCC,
CCC9C3BE,
A9917255,
3A27252E,
35404E58,
5A595757,
57565453,
52525353,
60616263,
63626160,
57595752,
4D4F5861,
7E808286,
8A8E9193,
9A989594,
938E867F,
77746E66,
5B504641,
3A312828,
34475963,
727C8994,
9A9FA4A8,
ACACACAC,
ACACACAC,
ADABAAAC,
AFB0ACA8,
A9AA9D97,
958387AC,
CDDAB76C,
5057535A,
4845403A,
342E2A28,
292B2B29,
2626292D,
27344040,
352B2B2E,
3C4C5856,
514D443A,
3A424744,
3D3D4650,
5A626A71,
7C7F6B51,
35292B30,
3D678881,
41323941,
3B424738,
3C394359,
67635750,
5F646B73,
7A80868A,
8B84858E,
918D929D,
8C442626,
2A6CAEAA,
9E4F263B,
4B5885B8,
5F293B3A,
32382434,
30263123,
375C4942,
36363636,
36353535,
3B393736,
36393C3E,
3C3F413E,
39343334,
3434312F,
38444339,
4340414B,
595D564D,
3E39312C,
313E4D55,
4E606F70,
70757876,
76797E80,
807C7875,
74777B81,
868A8D8F,
8888898A,
8A8B8C8C,
8B8D8E8F,
8E8C8987,
89898B8D,
8F919394,
999A9D9F,
A0A1A1A0,
A5A5A6A7,
A9ADB0B2,
B6B6B6B7,
B8B9B9B9,
BCBCBCBD,
BEBFBFBF,
C2C3C4C5,
C7C8C9CA,
CCCDCECF,
D1D2D3D4,
D2D2D3D4,
D4D5D6D6,
D4AF8058,
3A2A3446,
56514437,
3841433D,
363A4652,
4E41414B,
453E2B36,
334C95A4,
97989287,
87919796,
96969594,
94939292,
90909090,
90909090,
9292908F,
8D8C8A8A,
87878686,
85848483,
8080807F,
7E7D7D7D,
7A7A7977,
74706C6A,
7073797E,
82848484,
74726A5D,
586786A0,
B8C1CDD5,
D7D6D5D6,
D4D4D4D4,
D4D4D4D4,
D1CECAC9,
C8C4BDB7,
9D85664C,
35262833,
3A445159,
5B5A5958,
59575452,
51535557,
60616263,
6361605F,
5A5B5A55,
51535C64,
7D7E7F82,
878D9497,
9D9B9998,
98948D87,
7F7C766D,
60534841,
3E342A29,
34465760,
727C8994,
9A9FA4A8,
ADADADAD,
ADADADAD,
AEACABAD,
B0B0ADA9,
A4A9A09A,
968693BF,
DBDFA063,
635D4B4F,
393B3E3F,
3C352E29,
2E30312F,
2C2B2F33,
32404C48,
36262124,
36464E46,
3C3B3E3D,
37373735,
363E4B56,
5A677172,
6B5F4934,
2F23232F,
4F869572,
2E293A44,
3C434C43,
3C393946,
60716752,
56565A63,
6F7B8386,
8B82828D,
96969394,
A267311D,
244983AF,
C28A3931,
5A5162B6,
8533333C,
2E332D2E,
32283325,
385B473F,
33343434,
35353535,
37363432,
3336393B,
3E41413E,
37312F2F,
36363331,
3A47463C,
3A3C434E,
5A605E5B,
40382E2A,
2D384651,
4B5E6E70,
6F747673,
6F798384,
7D757170,
70757D86,
8C8E8E8E,
8888898A,
8A8B8C8C,
8C8D8E8E,
8D8C8A88,
898A8C8E,
90929495,
999A9D9F,
A0A1A1A0,
A5A5A5A6,
A9ACAEB0,
B4B5B5B6,
B7B7B8B8,
BABBBBBC,
BDBDBEBE,
C1C2C3C4,
C6C7C8C9,
CBCCCDCE,
D0D1D2D3,
D2D2D3D4,
D4D5D6D6,
E4D3B486,
53333648,
5251473B,
393F3E37,
40454F56,
5146454C,
49422B34,
34539CA7,
95979187,
88929795,
96969594,
94939292,
90909090,
90909090,
9291908F,
8D8C8B8A,
8A898988,
87878686,
82818180,
7F7F7E7E,
7C7C7B7A,
7773706E,
6F73787D,
81828282,
75736C63,
617392AB,
BBC3CED5,
D6D5D5D5,
D4D4D4D4,
D4D4D4D4,
CFCBC7C5,
C2BCB3AD,
8F755740,
2F262D3A,
424A555C,
5D5B5B5C,
5D595451,
51555A5E,
63646464,
63615F5E,
5D5D5B58,
56595F65,
81807F80,
858C9398,
9B9A999A,
9B98918C,
84827D75,
695B4F48,
42382D2A,
3445555E,
727C8994,
9A9FA4A8,
AEAEAEAE,
AEAEAEAE,
AEACABAE,
B1B1ADAA,
A1A9A39C,
97899CCD,
DCDF9372,
8C7F6355,
2D313639,
3935302D,
36373836,
3333363A,
38475450,
3F302B2D,
40525A4E,
3F3D4346,
3C393533,
353B4247,
4A4B4945,
403C3630,
29222734,
5A949B6D,
3D313A43,
3D475248,
42443D3A,
506E715F,
54504F57,
66768185,
8D84808A,
96978C81,
A6844729,
2D2E55A0,
B4B86640,
6F584AA0,
A749313C,
2C2F3529,
362C3729,
3C5E493F,
35353536,
37373838,
36343231,
3234383A,
3E41423F,
39343233,
393A3635,
3F4C4B42,
373D4753,
5C616464,
483B2F2B,
2D344250,
4C607073,
72767774,
6F7A8381,
766D6E73,
777B8086,
8A8D8D8D,
8888898A,
8A8B8C8C,
8D8D8D8D,
8C8B8A89,
8A8B8C8E,
91939495,
999A9D9F,
A0A1A1A0,
A6A5A5A6,
A8AAADAE,
B3B3B4B4,
B5B6B6B7,
B9B9BABA,
BBBCBCBD,
C1C1C2C4,
C5C7C8C8,
CBCBCCCE,
CFD1D2D2,
D2D2D3D4,
D4D5D6D6,
D9DACFAC,
784C3A3A,
4648443A,
373C3A33,
41495256,
504A4A4F,
4C442B32,
375CA3A8,
92959088,
88929794,
96969594,
94939292,
90909090,
90909090,
90908F8E,
8E8D8C8C,
8C8B8B8A,
89898888,
83838282,
8180807F,
7E7E7E7C,
7A777372,
7073787D,
80818180,
78756F67,
697C99B0,
BFC6D0D5,
D5D4D4D5,
D4D4D4D4,
D4D4D4D4,
CFCCC7C4,
BFB6ABA2,
886C4D39,
2D2A3341,
4B51595E,
5D5C5D5E,
605C5551,
53586065,
69696969,
67646260,
5C5C5A59,
595C6164,
82807F7F,
83899094,
97969698,
9A99938E,
8786837D,
72655951,
44392E2B,
3545555E,
727C8994,
9A9FA4A8,
AEAEAEAE,
AEAEAEAE,
AFADACAE,
B2B2AEAA,
A0A9A39D,
988B9ECF,
D9D78374,
9899916B,
28292B2D,
2E303031,
3B3D3E3B,
38383C3F,
37424B4A,
3E322C2B,
3E515B4F,
3E383A3B,
3E3E3D3C,
3B3A3939,
3F342A2A,
31373A3C,
2826303D,
5787926E,
53393236,
384A574A,
49514A3A,
415E6F6E,
5A555053,
5E6F7F88,
8F878085,
9091816E,
928F654A,
4B344694,
99CF9558,
6F573F7F,
B66A3938,
2E2B3828,
382F3B2E,
40624C42,
39393A3A,
3A3A3A3A,
3D3C3938,
393C3F41,
3D414342,
3D3A3A3B,
3C3C3939,
43505046,
3B414B56,
5F646666,
53413331,
30324052,
4E637477,
777A7A76,
737A7E79,
6E6B727B,
85848383,
85888C8E,
8888898A,
8A8B8C8C,
8F8E8D8C,
8B8B8B8B,
8B8C8D8F,
92949596,
999A9D9F,
A0A1A1A0,
A6A6A5A5,
A7A9ABAC,
B1B2B2B3,
B4B4B5B5,
B7B8B8B9,
BABABBBB,
C0C0C1C3,
C4C6C7C7,
CACACBCD,
CED0D1D1,
D2D2D3D4,
D4D5D6D6,
CFD8DACA,
A676482B,
363C3C34,
32373732,
343F4949,
45444749,
4C442A30,
3B65A9A6,
8E928F88,
89929693,
96969594,
94939292,
90909090,
90909090,
8F8F8F8E,
8E8D8D8D,
8D8C8C8B,
8A8A8989,
85848483,
82828181,
7F7F7F7E,
7C797674,
7275797E,
81818180,
7C78716B,
6F829DB1,
C3CAD1D5,
D4D3D4D5,
D4D4D4D4,
D4D4D4D4,
D1CEC9C4,
BDB1A399,
84684938,
31313B48,
53585D5E,
5D5C5E60,
615D5754,
565D656B,
70706F6D,
6B676462,
5A595757,
5A5E6062,
7878797B,
80868B8F,
93929396,
9A9A9590,
8C8C8A84,
7A6D6058,
443A2E2C,
3646565F,
727C8994,
9A9FA4A8,
AFAFAFAF,
AFAFAFAF,
B0AEADAF,
B2B3AFAB,
A3A9A19C,
998B98C5,
D8C96F60,
7693B573,
27262424,
262A2F32,
3A3C3D3B,
38373B3F,
45464746,
40372E28,
38485147,
3A34322F,
3E434949,
433C3938,
3328232B,
34373A3F,
3129323E,
4866796B,
613E2C2B,
2E46564A,
4A535244,
3E4C6372,
65615A54,
57667B8A,
908B8381,
888A7A65,
768D806E,
694E5691,
8BBEA771,
61463A5F,
B1934932,
322A362A,
362E3C2F,
42644D43,
3E3E3D3C,
3B3A3A39,
39383534,
35383B3D,
3D414443,
3F3D3D3F,
3A3B3838,
42505047,
42444B58,
646A6966,
5D473635,
33313F54,
4F64767A,
7A7C7C77,
74777773,
6E707982,
8D8A8683,
83868B8E,
8888898A,
8A8B8C8C,
908E8C8B,
8A8A8B8C,
8B8C8E90,
92949697,
999A9D9F,
A0A1A1A0,
A6A6A5A5,
A6A7A9AB,
B0B0B1B1,
B2B3B3B4,
B6B6B7B7,
B8B9B9BA,
BFC0C1C2,
C4C5C6C7,
C9CACBCC,
CECFD0D1,
D2D2D3D4,
D4D5D6D6,
D5DBDFDC,
CCA56938,
2E36372E,
2C313533,
33414A46,
42464949,
48432930,
3F6CACA1,
8B908F88,
89939692,
96969594,
94939292,
90909090,
90909090,
8E8E8E8E,
8E8E8E8E,
8C8C8B8B,
8A898988,
86868585,
84838382,
7E7E7E7E,
7C7A7776,
75787C80,
83838281,
7F7A7470,
778AA4B6,
C7CDD3D5,
D4D2D3D5,
D4D4D4D4,
D4D4D4D4,
D2CEC9C3,
B9AB9B8F,
7E62463A,
393C4550,
5A5C5F5E,
5B5A5D60,
605D5A59,
5C62696E,
7373716F,
6C676361,
5A575658,
5D616261,
65686D74,
7B82888B,
92919397,
9C9C9894,
9594928B,
7F706158,
43392E2C,
37485862,
727C8994,
9A9FA4A8,
B0B0B0B0,
B0B0B0B0,
B0AFAEB0,
B3B3B0AC,
A7A99E9A,
9A898FB4,
CFBB6754,
4D7CBD57,
27262525,
27292C2E,
34363735,
32313539,
524A4344,
4744392E,
333D413A,
3435332E,
47505752,
453A393C,
2C26262D,
2E2E3A4C,
40282936,
36445B60,
714F3C32,
293A4C46,
42474F50,
47435369,
6F6D6558,
505A748B,
8E8E8780,
83877C69,
69899181,
6F5D6485,
79809794,
63373544,
A1B85C2C,
382A302F,
2F28372D,
40624C41,
403F3D3B,
39373635,
32312E2D,
2E313436,
3F424442,
3D39393A,
34353232,
3D4B4B42,
44434757,
69736F68,
63493737,
332E3C53,
4D62757A,
7A7C7A75,
70707274,
777B8083,
89888888,
898A8C8C,
8888898A,
8A8B8C8C,
918F8C8A,
898A8B8D,
8C8D8F91,
93959797,
999A9D9F,
A0A1A1A0,
A6A6A5A4,
A5A6A8A9,
AFAFAFB0,
B1B2B2B2,
B5B5B5B6,
B7B8B8B8,
BEBFC0C1,
C3C4C5C6,
C8C9CACB,
CDCECFD0,
D2D2D3D4,
D4D5D6D6,
DBDCDBDC,
DECB9A6A,
3138372D,
272D3232,
39484F47,
41464947,
43402730,
4272AD9B,
898E8E88,
8A939692,
96969594,
94939292,
90909090,
90909090,
8D8E8E8E,
8E8E8E8F,
8B8A8A89,
88888787,
87878786,
85848484,
7C7D7D7D,
7C797776,
787B7F83,
85858483,
7F7B7676,
8096B0C1,
CACFD4D5,
D3D1D3D5,
D4D4D4D4,
D4D4D4D4,
D0CCC6BF,
B4A49285,
7258413B,
40464F59,
5E5F5F5C,
58585B5F,
5E5D5D5E,
61676C6F,
7271706D,
69645F5D,
5D59575B,
62666563,
565B636E,
78808689,
92929499,
9E9F9B97,
9C9B9890,
82706056,
42382E2C,
37495A63,
727C8994,
9A9FA4A8,
B0B0B0B0,
B0B0B0B0,
B1AFAEB0,
B3B4B0AC,
ABA99C99,
9A8888A8,
C2B16C59,
3B6DB632,
2728292A,
2B2B2B2B,
2F31312F,
2C2C2F33,
4F42373A,
464A3F32,
2A30302A,
2A30312C,
555F6358,
4335353C,
312D2D2C,
25274567,
4D251F2E,
2A2F4755,
81655441,
29304240,
3A3A4858,
5242485C,
74756C59,
4B526F89,
8C8F8A80,
81888070,
69899883,
655A6574,
61437FB4,
74333232,
94CE6827,
3C2A2C32,
29233329,
3E60493F,
403F3C3A,
36343130,
37363432,
3336393B,
41444541,
3A353334,
2E2F2D2D,
3846473E,
44404355,
6D79746A,
65493636,
322B3952,
4A607378,
787A7772,
6A6B6F77,
7F848381,
8184898D,
8F8F8D8B,
8888898A,
8A8B8C8C,
918F8C89,
888A8C8D,
8C8D8F91,
93959798,
999A9D9F,
A0A1A1A0,
A7A6A5A4,
A4A6A7A8,
AEAEAFAF,
B0B1B1B2,
B4B4B5B5,
B6B7B7B8,
BEBFC0C1,
C3C4C5C6,
C8C9CACB,
CDCECFD0,
D2D2D3D4,
D4D5D6D6,
D9D7D2D3,
DFE0C09A,
363D3B2D,
262A3131,
3544493E,
373B3E39,
3F3E2630,
4475AD96,
888E8D88,
8A939691,
96969594,
94939292,
90909090,
90909090,
8D8D8D8E,
8E8F8F8F,
8A898988,
87878686,
88888787,
86858584,
7B7C7C7C,
7B797775,
7A7D8185,
87868584,
7E7A777A,
88A0BACB,
CCD0D5D5,
D3D1D2D5,
D4D4D4D4,
D4D4D4D4,
CDC9C3BB,
B09E8B7E,
68503C3B,
444C565F,
60605F5B,
57565A5E,
5C5D5E61,
65696D6F,
706F6D6A,
65605B59,
5F5C5A5E,
666B6965,
4742495E,
70787C82,
8D8F939A,
A1A4A3A1,
A1A29A8C,
847E7161,
49342528,
36445564,
747E8B96,
9CA1A6AA,
B0B0B0B0,
B0B0B0B0,
B2B3B4B4,
B3B2B0AE,
A8A69B9B,
9C8789AE,
AB817457,
31556727,
2A29292C,
2F2E2823,
282A343B,
31242A3B,
563F2F33,
3C3D3A39,
2A2F2526,
31292539,
59686B56,
3F37393C,
372C1F28,
33293C71,
603C2225,
2B2D3D54,
716A6355,
3A273149,
5049474A,
48434853,
5F707A6C,
55536E8C,
8E838886,
7B859287,
788F8C90,
6A416582,
47356BC5,
BB55213A,
6ECDAC3E,
262C2028,
33202925,
3F5E463F,
412D313B,
302F3630,
352B282F,
33303034,
42454A47,
3A2E2D33,
2E2E2B2A,
3544463E,
42454E5E,
6E777671,
645E422D,
2B242E4F,
575F6C78,
7E796E65,
6A707981,
87888684,
7E818588,
8A8A8988,
8A8B8D8E,
8E8D8B8A,
8C8C8C8C,
8C8C8C8C,
908F8F90,
91939697,
9697999B,
9D9FA1A2,
A0A1A2A3,
A5A6A7A8,
AFAFAFAE,
AEAEADAD,
B0B1B2B3,
B5B6B7B8,
BCBFC3C3,
C1C1C5C8,
C6C7C8C9,
CBCCCDCE,
CED1D5D5,
D3D3D7DA,
D7D9DCDD,
DCD7D2CF,
804A2934,
36212540,
333C4441,
37343C45,
38282E2F,
3C85B69A,
8F8E8C8C,
8E929698,
92929292,
92929292,
928F8D8E,
9293918E,
90909090,
90909090,
8C8C8B8A,
8A898888,
86878888,
87868482,
82828180,
807F7E7E,
787C8389,
8D8E8C8B,
857D7579,
8CA7BFCE,
D0D4D7D7,
D4D2D3D5,
DAD9D8D7,
D5D4D3D2,
CEC7BEB5,
A9978171,
564E4441,
48525C60,
675F5755,
595D5D5B,
65656465,
686D7275,
74716B65,
615F5F5F,
57595C60,
63646565,
3F3A4257,
6A737981,
8B8E949B,
A1A4A3A2,
A2A39B8D,
85807263,
4C372629,
36455664,
747E8B96,
9CA1A6AA,
B0B0B0B0,
B0B0B0B0,
B2B3B4B4,
B3B2B0AE,
A8A69B9B,
9F8E91B6,
AD7B7D79,
46414719,
2B29282B,
2D2D2925,
2A2C3437,
2D253248,
533E2F32,
3B3C3939,
2D312726,
312A283E,
616F705A,
44404850,
3F34252A,
33263668,
6B432424,
2B2F3D50,
635E5D5A,
4A36323B,
4B48494C,
47414754,
5164726A,
58566D87,
8E80807E,
727F8F89,
7594969C,
7F5D7985,
4A2E4DA1,
BB7E4032,
69CCB64B,
292A212A,
311E2824,
3D5C453E,
4330353F,
33313933,
382E2B32,
36333237,
3D404341,
39313032,
2C2D2A2A,
36454840,
3F445061,
71787671,
6660442F,
2D252E4F,
525A6672,
78756D66,
73777E84,
87868280,
7F818588,
8A8A8988,
8A8B8D8E,
8E8D8B8A,
8C8C8C8C,
8C8C8C8C,
908F8F90,
91939697,
9697999B,
9D9FA1A1,
A0A1A2A3,
A5A6A7A8,
AEAEAEAE,
AEADADAD,
B0B1B2B3,
B5B6B7B8,
BCBFC2C3,
C1C1C4C8,
C6C7C8C9,
CBCCCDCE,
CED1D4D5,
D3D3D6DA,
D7D9DCDE,
DDDAD6D3,
A76E3E36,
34262533,
373D4140,
3B3A3E43,
3D2C2E31,
458CB598,
8C8C8B8B,
8D919497,
92929292,
92929292,
928F8D8E,
9293918E,
90909090,
90909090,
8C8C8B8A,
8A898888,
86878888,
87868482,
82828180,
807F7E7E,
7C80858B,
8D8D8C8A,
8880797E,
8FA8BFCC,
D0D4D8D7,
D4D2D3D5,
DAD9D8D7,
D5D4D3D2,
CBC4BBB0,
A18D7565,
524C4545,
4B555C5F,
655F5A59,
5D605F5C,
64656669,
6C6F7274,
716E6863,
5F5E5E5F,
595B5E62,
64656666,
3430384E,
616B7680,
878C949C,
A1A4A4A3,
A4A49D90,
87827566,
503B292A,
36445564,
747E8B96,
9CA1A6AA,
B0B0B0B0,
B0B0B0B0,
B2B3B4B4,
B3B2B0AE,
A8A89C9A,
A09499BA,
BE787B8C,
5A42472E,
2C292728,
2C2D2B28,
2B2F3432,
28283F5A,
4D3A2D32,
3A3A3839,
31352A27,
312B2D46,
616C6950,
393A4B58,
463B2A2B,
31232D59,
76512F27,
292C394B,
5752535C,
5B4C3A31,
41444D52,
4B414653,
475B6D6C,
5F5C6C7E,
82707274,
6D7B9190,
759DA2A8,
93798375,
4A2A2E70,
B1AD6C30,
60C7C35F,
2D26212A,
2D1C2722,
3958423C,
44333A43,
35323A35,
3A302D34,
38353439,
3B3D3D3B,
38363331,
2D2E2A2A,
3645473F,
3B445366,
747A7672,
68634732,
2F272E4E,
4D54606A,
70716E6B,
7D808487,
8784807D,
81828587,
89898888,
8A8B8D8E,
8E8D8B8A,
8C8C8C8C,
8C8C8C8C,
908F8F90,
91939697,
9596989A,
9C9EA0A1,
A0A1A2A3,
A5A6A7A8,
ADADADAD,
ADADADAD,
B0B1B2B3,
B5B6B7B8,
BBBFC2C2,
C0C1C4C7,
C6C7C8C9,
CBCCCDCE,
CDD1D4D4,
D2D3D6D9,
D6D8DCDE,
DFDDDBD9,
CE9A5D3B,
302C2B2C,
35393D3C,
39383B3F,
42302B32,
5394B094,
8989898A,
8C909395,
92929292,
92929292,
928F8D8E,
9293918E,
8F8F8F8F,
8F8F8F8F,
8C8C8B8A,
8A898888,
86878888,
87868482,
82828180,
807F7E7E,
8184888B,
8D8C8A89,
89837E83,
95ACC0CC,
D1D5D8D8,
D5D3D4D6,
D9D8D7D6,
D4D3D2D1,
C8C2B7A9,
967E6656,
4D4A474A,
52595D5E,
605E5D5F,
6263605C,
62656A6E,
71737372,
6B69645F,
5D5C5D5E,
5D5E6164,
67686868,
2B293145,
5763727F,
828A959E,
A2A4A5A6,
A6A79F92,
8B86796A,
553E2B2A,
35425463,
747E8B96,
9CA1A6AA,
B0B0B0B0,
B0B0B0B0,
B2B3B4B4,
B3B2B0AE,
AAAA9C98,
9E9597B2,
E0887173,
4E4D5837,
2C292627,
2B2D2C2A,
2D32342E,
272F4B67,
46362C31,
38383739,
33382D28,
312C314D,
666E6647,
2D304759,
443C2A28,
2D20264A,
775F4533,
26213045,
5B4F4952,
5E5C4B3B,
3641535E,
5546454F,
4354666B,
65646E79,
6B5C6673,
707C9090,
77A3A7AC,
9E857E58,
3D2B2146,
91B8883D,
55BFCF73,
2F1F2027,
2A1A2721,
36543F3B,
42333D45,
35303833,
382F2C33,
37343338,
3F42403A,
38393630,
33322D2B,
3442423A,
3A45576A,
777A7672,
6B664A35,
31272E4C,
4A525E67,
6C6F7273,
81838688,
8885827F,
83848586,
87888888,
8A8B8D8E,
8E8D8B8A,
8C8C8C8C,
8C8C8C8C,
908F8F90,
91939697,
95969799,
9C9E9FA0,
A0A1A2A3,
A5A6A7A8,
ABABACAC,
ADADAEAE,
B0B1B2B3,
B5B6B7B8,
BABEC1C1,
C0C0C3C7,
C6C7C8C9,
CBCCCDCE,
CCD0D3D3,
D2D2D5D9,
D6D8DBDE,
DFE0DFDE,
DEBB8048,
2D2B2F2E,
2B363E3A,
302C353F,
40312531,
609AA88F,
8586878A,
8D8F9293,
92929292,
92929292,
928F8D8E,
9293918E,
8E8E8E8E,
8E8E8E8E,
8C8C8B8A,
8A898888,
86878888,
87868482,
82828180,
807F7E7E,
82848688,
89898887,
86828189,
9BB1C3CD,
D2D5D9D9,
D6D3D4D6,
D8D8D7D5,
D4D2D1D1,
C7C1B5A3,
8B71594B,
4A494A50,
585C5D5B,
585A5E62,
64635F5C,
62666D73,
7675716F,
65635F5C,
5B5B5D5E,
60616467,
68696969,
28262D3E,
4E5A6C7D,
7D8896A0,
A3A4A6A8,
A8A9A296,
8E8A7E6F,
59412B29,
323F505F,
747E8B96,
9CA1A6AA,
B0B0B0B0,
B0B0B0B0,
B2B3B4B4,
B3B2B0AE,
AAAD9E94,
9A918DA0,
E99A7259,
3F5F651E,
29272628,
2D2E2C2A,
2D33342D,
2B395265,
3F322B31,
36353539,
3239302B,
322C3352,
737B704B,
2D2D4559,
3E392723,
2B20213E,
69665B45,
281A293F,
67554241,
52615D52,
33415868,
63514A4D,
3945535D,
6268737C,
5F53667D,
797A837F,
78A0A4AE,
A58C7C4D,
282A2027,
5E958752,
4EB6D885,
311B2024,
271A2821,
34523E3C,
3F323E45,
332C3431,
362C2930,
34313035,
454C493C,
363A3830,
3A38312C,
333E3C33,
3C495C6D,
77787673,
6C674C37,
32272B49,
4B546069,
6D71777B,
7F818487,
88878685,
85858585,
86878788,
8A8B8D8E,
8E8D8B8A,
8C8C8C8C,
8C8C8C8C,
908F8F90,
91939697,
94959698,
9B9D9E9F,
A0A1A2A3,
A5A6A7A8,
A9A9AAAB,
ACADAEAE,
B0B1B2B3,
B5B6B7B8,
B9BDC0C0,
BFBFC2C6,
C6C7C8C9,
CBCCCDCE,
CBCFD2D2,
D1D1D4D8,
D6D7DADC,
DEE0E0E1,
DFD3A865,
3223282C,
25384740,
2D263447,
382F2030,
6B9B9E8D,
8385878B,
8E919293,
92929292,
92929292,
928F8D8E,
9293918E,
8E8E8E8E,
8E8E8E8E,
8C8C8B8A,
8A898888,
86878888,
87868482,
82828180,
807F7E7E,
7F808285,
87888889,
85838590,
A3B7C6CE,
D2D6DADA,
D6D4D5D7,
D7D7D6D4,
D3D1D0D0,
C8C1B29C,
81675348,
4A4B4E54,
5B5F5D59,
52575E62,
63615F5D,
64697075,
76736E6A,
605E5C5A,
5A5B5E60,
62636668,
69696968,
27242A37,
434F6275,
798697A1,
A3A4A7AB,
AAABA498,
928E8273,
5C422A26,
2E3B4C5B,
747E8B96,
9CA1A6AA,
B0B0B0B0,
B0B0B0B0,
B2B3B4B4,
B3B2B0AE,
A9AE9F94,
988E838E,
B593886A,
52828224,
2525272B,
30302C28,
2C323430,
35445257,
382D2930,
35333439,
2E38322E,
332C3352,
737D724C,
28253A4F,
3C3A2822,
2B222036,
505D6453,
35222837,
6C5B4135,
425A6665,
3F46586A,
6B5D5555,
393C4149,
5666757E,
61556D8A,
8275736B,
79999CB0,
AC8F8059,
20282118,
3567796B,
50B1DE94,
361C2422,
261B2A23,
34513E3E,
3D334048,
332A3230,
352B282F,
33302F34,
4453523E,
32373933,
3C3A332D,
333D3B31,
424F616F,
75757474,
6B674D37,
31252744,
4A56656D,
7072797F,
7E7F8285,
87888888,
88878584,
84858788,
8A8B8D8E,
8E8D8B8A,
8C8C8C8C,
8C8C8C8C,
908F8F90,
91939697,
93949698,
9A9C9E9F,
A0A1A2A3,
A5A6A7A8,
A7A8A9AA,
ACADAEAE,
B0B1B2B3,
B5B6B7B8,
B9BCBFC0,
BEBEC1C5,
C6C7C8C9,
CBCCCDCE,
CBCED1D2,
D0D0D3D7,
D6D7D8DA,
DCDEDFE0,
E0E3CA8E,
4B241E24,
2A3C4B44,
312A384B,
2E2E1F32,
759D9790,
8284898D,
91939495,
92929292,
92929292,
928F8D8E,
9293918E,
8D8D8D8D,
8D8D8D8D,
8C8C8B8A,
8A898888,
86878888,
87868482,
82828180,
807F7E7E,
7C7D8084,
888C8F90,
8E8E919C,
ADBDC8CD,
D3D7DBDA,
D7D5D6D8,
D7D6D5D4,
D2D1D0CF,
C8BFAD93,
765F514B,
4E4E5157,
5D5F5C58,
51576064,
64626263,
686C7174,
736F6965,
5D5C5A59,
5A5D6163,
62646667,
68686767,
26222630,
3841566B,
758598A3,
A4A4A8AC,
ABADA69B,
94908576,
5C422923,
2A364857,
747E8B96,
9CA1A6AA,
B0B0B0B0,
B0B0B0B0,
B2B3B4B4,
B3B2B0AE,
A4AEA195,
9B908084,
7784A68E,
5D7C8436,
2123282F,
34322B25,
2A313435,
404E4E43,
322A2830,
33313339,
29363330,
352C3251,
6D79734E,
28213447,
42412E25,
2E251F30,
36495B5A,
4A39302E,
625B4734,
38506368,
55505462,
6A676365,
584E4341,
4C5E6E77,
5F546E8F,
8776716A,
829494AF,
AA847A61,
332E211A,
2B527789,
57B1E4A1,
3D212C24,
271C2C25,
35513F41,
3E36454C,
352B3331,
372D2A31,
35323136,
3B51553D,
2C323B3A,
3837302C,
343F3E35,
4955646E,
71727375,
6A664C36,
30222440,
48566770,
7171777D,
7F808183,
84858586,
89888583,
83858788,
8A8B8D8E,
8E8D8B8A,
8C8C8C8C,
8C8C8C8C,
908F8F90,
91939697,
93939597,
999B9D9E,
A0A1A2A3,
A5A6A7A8,
A6A7A8A9,
ABADAEAF,
B0B1B2B3,
B5B6B7B8,
B8BCBFBF,
BDBEC1C4,
C6C7C8C9,
CBCCCDCE,
CACED1D1,
CFD0D3D6,
D7D7D7D7,
D9DADCDD,
DEE4DCB5,
73392224,
2F373E3B,
3331373F,
26302237,
7E9F9599,
82858A90,
94969696,
92929292,
92929292,
928F8D8E,
9293918E,
8C8C8C8C,
8C8C8C8C,
8C8C8B8A,
8A898888,
86878888,
87868482,
82828180,
807F7E7E,
7A7C8086,
8D93999C,
A0A0A3AC,
B8C3C9CA,
D4D8DBDB,
D8D6D7D8,
D6D5D4D3,
D1D0CFCE,
C4BAA588,
6B574F4F,
54535358,
5C5E5A57,
555C6467,
6666696D,
6D6F7171,
6E696460,
5B5A5959,
5B5F6366,
62636566,
67666565,
2420222A,
30384D63,
738498A3,
A4A4A8AD,
ACAEA79C,
95928678,
5D422821,
28344555,
747E8B96,
9CA1A6AA,
B0B0B0B0,
B0B0B0B0,
B2B3B4B4,
B3B2B0AE,
A1ADA298,
9E948282,
6182BA9D,
48485926,
1E212931,
36342B23,
29303338,
48554A35,
3028282F,
33303339,
25343332,
362C314F,
71807D5A,
342B3D4F,
49483429,
30281F2C,
26394F5A,
5A4E3927,
56584C37,
35495D63,
67585059,
666B6E72,
7E6A5245,
4958656C,
594C698E,
8A7B7A76,
8C948FAC,
A2746C5C,
4C372422,
34547FA0,
5EB2E8A9,
42273327,
271D2E26,
35514042,
41394950,
382E3534,
39302D33,
37343438,
314D553B,
272F3D3F,
33322D2B,
3542423A,
4E59666E,
6F6F7276,
69654B36,
2F20223D,
46556871,
7070747A,
81818282,
82828282,
8A888583,
83848688,
8A8B8D8E,
8E8D8B8A,
8C8C8C8C,
8C8C8C8C,
908F8F90,
91939697,
92939597,
999B9D9E,
A0A1A2A3,
A5A6A7A8,
A5A6A7A9,
ABADAEAF,
B0B1B2B3,
B5B6B7B8,
B8BBBFBF,
BDBDC1C4,
C6C7C8C9,
CBCCCDCE,
CACDD1D1,
CFCFD3D6,
D7D7D6D6,
D7D8DADB,
D8DCDFCC,
93512E2B,
302D2B2D,
3234322F,
2232263C,
85A195A0,
83868C91,
96989898,
92929292,
92929292,
928F8D8E,
9293918E,
8C8C8C8C,
8C8C8C8C,
8C8C8B8A,
8A898888,
86878888,
87868482,
82828180,
807F7E7E,
7B7D8289,
919AA1A5,
B0AFB0B7,
BFC6C8C8,
D4D8DCDB,
D8D6D7D9,
D6D5D4D3,
D1D0CFCE,
C1B69F81,
64524E51,
57565558,
5B5C5A56,
5A61686B,
696A6F75,
7071706F,
6B65605D,
5B5A595A,
5C616568,
61626465,
66656463,
231D1D24,
2B34465A,
75899BA0,
A2A7A9A6,
ADA8A39E,
988F847C,
62422621,
24293F59,
72849295,
97A0A6A7,
AEAFB0B1,
B1B0AFAE,
A9ABAEB1,
B3B3B3B3,
AAA6A19D,
9991877F,
677ED093,
3446432C,
23272B2C,
2A292B2E,
3433353D,
4341372D,
2E2C2B2E,
32353432,
292B3030,
28263951,
6F8D753C,
28303944,
594C3A2D,
29292929,
2A252C45,
626A5741,
405D5B36,
2840514A,
56675D45,
517A8168,
746E6A53,
3A49625D,
52566D89,
8A7C8298,
95789E9C,
8A692A39,
473F2720,
365080BE,
81B2DDB0,
4E232E31,
2A252027,
3E4F4734,
38474C41,
34323536,
322B2B32,
3431343B,
3E4D4A35,
2D38382B,
352B272D,
3232363E,
565A5E61,
656B747C,
65625641,
2D27313D,
5259646F,
76797979,
7F7E7E7E,
7F818384,
89888886,
85848383,
8B8A8A8A,
8B8D8F91,
8C8C8D8E,
8E8F9090,
91929495,
96969594,
94959697,
999A9B9C,
A0A0A1A2,
A2A3A4A4,
A6A7A8A9,
ABACADAE,
ABADB1B5,
B6B6B4B2,
B8B9BABB,
BDBEBFC0,
C4C5C6C7,
C9CACBCC,
CCCFD2D1,
CFCED1D4,
D4D5D6D7,
D9DADBDC,
DFD5D8DE,
BD753820,
2B232B2D,
232C3527,
2C1D2756,
85989CA1,
8084898F,
93959595,
94949392,
92919090,
92929190,
908F8E8E,
8B8B8B8C,
8C8D8D8D,
88888888,
88888888,
8C898585,
87878380,
7C7C7D7F,
807E7A76,
7A808A92,
98A0A9B0,
B4B5B8BD,
C3CACFD2,
D8D8D8D8,
D8D8D8D8,
D7D4D1D0,
D0CDC7C1,
BCAA8F74,
61565353,
5D5E5F60,
5E5B5755,
62636567,
696B6D6E,
71706E6A,
65605B58,
56565759,
5D62686C,
69686665,
64656667,
251F1E25,
2B324457,
7287999F,
A2A8AAA8,
ADA9A5A1,
9B91857B,
5E3F2523,
262B4059,
71839295,
97A0A7A7,
AFB0B2B3,
B3B2B0AF,
ABADAFB1,
B3B3B2B2,
AAA7A29E,
99928780,
6873AA82,
4E55361E,
25292E2E,
2B292A2C,
3234383D,
403D362F,
302D2C2E,
32343330,
2B2D3130,
28273C55,
7690743A,
262D3540,
584B392A,
24252829,
382F2C3C,
55646055,
48605B35,
24374641,
4B61604C,
53737C6A,
726D6D5B,
424C5F58,
4F4B5C7F,
928F929F,
8B789A97,
886D3133,
39433C34,
384476BD,
98B6DAAE,
461F2A1D,
27231F27,
3D4E4532,
374A5346,
35303436,
342E2E34,
3633353D,
3D4B4834,
2D36362B,
3C322E33,
35343840,
555C6469,
6B6B6E70,
66635742,
2D27313D,
535A646E,
767A7A79,
81807F7E,
7F808283,
87878786,
86868585,
8B8A8A8A,
8B8C8E90,
8C8C8D8D,
8E8F8F90,
90919395,
96969594,
94959697,
999A9B9C,
A0A0A1A1,
A2A3A3A4,
A6A7A8A9,
ABACADAE,
ADAEB0B3,
B4B5B5B4,
B8B9BABB,
BDBEBFC0,
C4C5C6C7,
C9CACBCC,
CCCFD2D1,
CFCED1D4,
D4D5D6D7,
D9DADBDC,
DBD8DEE4,
CC8F491F,
2D263032,
24293226,
2A1C2858,
86989CA1,
81848A90,
94959595,
94949392,
92919090,
92929190,
908F8E8E,
8B8C8C8C,
8C8C8C8D,
88888888,
88888888,
8C888585,
87868380,
7C7C7D7D,
7E7C7976,
7F869098,
9FA7B0B6,
B8B9BCBF,
C5CBD0D3,
D8D8D8D8,
D8D8D8D8,
D7D4D1D0,
D0CDC6C1,
B6A4886E,
5D565555,
5D5E5F60,
5E5C5957,
63646567,
6A6C6D6E,
706F6D69,
645F5B59,
5757585A,
5E63686B,
68676664,
64656667,
26202026,
2B304052,
6C82969D,
A1A9ADAB,
ACABA9A6,
A0948579,
573A2424,
292E4159,
70829194,
97A1A7A8,
B1B2B4B5,
B5B4B2B1,
AEB0B1B2,
B3B2B1B0,
ABA7A29E,
9A928880,
67697A73,
7B70321E,
272C3131,
2D2A2929,
30363C3E,
3B373434,
312F2D2E,
3233312F,
2E2F3130,
292B425D,
82937237,
24282F3A,
574B3A29,
2021272D,
4134292D,
40545E5F,
586A6340,
2C394748,
3C566257,
5669736D,
6D676C61,
4A505D54,
54475176,
969E9C9E,
8E859B96,
8E793D27,
28444F48,
3A366ABD,
AEB4D4A9,
3C1E2F12,
24211F28,
3E4E442F,
354E5D4F,
372E3237,
332C2C32,
3430333A,
3C484534,
2C33332A,
40383539,
3A373C46,
57606B71,
706A6663,
69655943,
2E27313D,
555B646E,
767A7B7B,
8483817F,
7F7F8081,
86868687,
87888888,
8B8A8A89,
8A8B8D8E,
8B8C8C8D,
8E8E8F8F,
90919394,
95959493,
94959697,
999A9B9C,
9FA0A0A1,
A2A2A3A3,
A5A6A7A8,
AAABACAD,
B0AFAFB0,
B1B4B6B7,
B8B9BABB,
BDBEBFC0,
C4C5C6C7,
C9CACBCC,
CCCFD2D1,
CFCED1D4,
D3D4D5D6,
D8D9DADB,
D8DDE2E6,
DDB36624,
2D273437,
24242D27,
261B2B5C,
89999CA1,
82868B90,
94959595,
94949392,
92919090,
92929190,
908F8E8E,
8C8C8C8C,
8C8C8C8C,
87878787,
87878787,
8B888584,
8686837F,
7D7D7C7C,
7A797978,
878F99A2,
A9B0B8BE,
BFC0C1C4,
C8CCD1D3,
D8D8D8D8,
D8D8D8D8,
D6D4D1D1,
D0CCC5BF,
AC997D65,
5956585A,
5C5D5E5F,
5E5D5B5A,
64656669,
6B6D6F6F,
6F6E6B67,
625E5B59,
58595A5C,
6064686B,
67666564,
64656768,
27212127,
2A2E3D4D,
677D929B,
A1AAAEAD,
ADACABA9,
A3958478,
51362325,
2B2F4259,
6F829194,
98A1A8A9,
B3B4B5B6,
B6B5B4B3,
B1B2B3B3,
B3B2B0AF,
ACA8A39F,
9B938981,
696D6071,
A2823630,
2B2F3332,
2E2A292A,
30373E3D,
36313337,
322F2D2E,
3233312E,
3130312F,
2A304B69,
8C956E35,
23242834,
564E3E2C,
20202B35,
3C312626,
32404A4E,
55615C42,
323A4B53,
344C6061,
5B5F6970,
685F635F,
4C505E56,
5C505776,
939C9896,
9A959998,
9C8B501F,
203D4D49,
372E64BC,
B6B2CDA1,
341E381A,
2523222C,
4351452F,
35516455,
392D3139,
312A292F,
302C2E35,
3D454234,
2C30302A,
3C36353B,
3B3A424E,
5E666F72,
6E686260,
6C695C45,
2F28303C,
575C646E,
757A7C7D,
86858381,
7F7F8080,
85858687,
88898A8B,
8B8B8989,
898A8C8D,
8A8B8B8C,
8D8D8E8E,
8F909294,
94949393,
94959697,
999A9B9C,
9E9F9FA0,
A1A1A2A2,
A5A5A6A8,
A9ABACAC,
B2B0AEAE,
AFB3B7B9,
B8B9BABB,
BDBEBFC0,
C4C5C6C7,
C9CACBCC,
CCCFD2D1,
CFCED1D4,
D3D3D4D6,
D7D9DADA,
D8E1E1DF,
E4D1883A,
2A223036,
231F2A29,
221B2F62,
8C999B9F,
84878C91,
94969595,
94949392,
92919090,
92929190,
908F8E8E,
8D8D8D8C,
8C8B8B8B,
86868686,
86868686,
8B878484,
8585827E,
7C7D7C7A,
78787B7E,
9098A3AC,
B2B8BFC4,
C6C6C6C8,
CBCED2D4,
D8D8D8D8,
D8D8D8D8,
D6D4D2D1,
CFCAC1B9,
A08C705C,
56585B5D,
5C5D5D5E,
5E5E5E5E,
6566686A,
6C6E7071,
6E6C6864,
605D5B5A,
5A5A5C5F,
6266686A,
66666564,
65666869,
26212128,
2B2E3A4A,
637A8F99,
9FA9AFAE,
AEADACAA,
A3958377,
4F342124,
2A2F4259,
6E819094,
98A2A9AA,
B3B4B5B6,
B6B5B4B3,
B2B3B4B4,
B4B2B1B0,
ADA9A4A0,
9B948982,
74836277,
A9743037,
2F323332,
2D2B2C2E,
33393D3A,
322F3237,
312E2C2E,
3234322F,
3230302E,
2C365778,
92936833,
2423242F,
53504533,
2524313E,
352F2A2D,
35393732,
39414337,
2D324555,
38445865,
615B6271,
67575959,
4A4F5F5C,
5656637A,
8C939394,
94918996,
A697662A,
2533393A,
332D63BA,
BAB8C592,
2F1C3625,
26262833,
4A574931,
35526556,
3A2E3239,
342E2D32,
332E3037,
3E434036,
2E2E2E2C,
312E3239,
3B3C4756,
66696D6C,
68666668,
706C5F47,
3028303B,
595D656D,
757A7D7F,
87868381,
80808181,
85868788,
898A8B8B,
8C8B8988,
88898A8B,
8A8A8B8B,
8C8D8D8E,
8E8F9193,
94939392,
94959697,
999A9B9C,
9E9E9F9F,
A0A1A1A2,
A4A4A5A7,
A8AAABAB,
B2B0AEAE,
AFB3B7B9,
B8B9BABB,
BDBEBFC0,
C4C5C6C7,
C9CACBCC,
CCCFD2D1,
CFCED1D4,
D2D2D3D5,
D6D8D9D9,
DBE2DDD6,
E1E0A65F,
2B1D2832,
211C292C,
201C3568,
8F99989B,
86898E92,
95969594,
94949392,
92919090,
92929190,
908F8E8E,
8E8E8D8C,
8C8B8A8A,
86868686,
86868686,
8A868383,
8484817D,
7B7D7D7A,
76788087,
99A1ACB5,
BABEC3C6,
C9C9C9CB,
CDD0D3D5,
D8D8D8D8,
D8D8D8D8,
D6D4D1D0,
CCC4B9B0,
94806657,
565B5E5E,
5C5C5C5D,
5E606162,
67686A6C,
6E707273,
6C6A6561,
5D5B5B5A,
5B5D5F62,
65676969,
65656464,
6567696A,
241F2128,
2B2E3A49,
61788E97,
9EA8AEAD,
B0AEAAA7,
9F928276,
51352021,
272D415A,
6D809094,
98A2AAAB,
B1B2B4B5,
B5B4B2B1,
B1B2B3B5,
B5B4B3B2,
ADA9A5A1,
9C958A82,
889F727B,
914F232D,
3333322E,
2B2B3035,
38393835,
31303235,
2E2C2B2E,
32353432,
312E2D2D,
2E3D6387,
928D6133,
2925212B,
4A4D493A,
29273545,
38323038,
41403225,
282F3738,
32324459,
48404A62,
685B5E70,
6C57575A,
4C4E5C5A,
4552677C,
89909497,
79817897,
A68E7649,
302D272C,
302F62B7,
BEC3B275,
311E2726,
27282B38,
4F5A4A31,
38505F51,
3A30353A,
3B343338,
3833353C,
41424039,
312E2E2F,
2A2A3038,
3A3C4A5C,
67686866,
65676E73,
74706149,
3128303B,
5B5E656D,
747B7F81,
86858382,
81828384,
88888889,
898A8A8A,
8C8B8988,
87878889,
89898A8A,
8B8C8C8D,
8D8F9092,
93939291,
94959697,
999A9B9C,
9D9D9E9E,
9FA0A0A1,
A3A4A5A6,
A8A9AAAB,
B0AFAFB0,
B1B4B6B7,
B8B9BABB,
BDBEBFC0,
C4C5C6C7,
C9CACBCC,
CCCFD2D1,
CFCED1D4,
D1D2D3D4,
D6D7D8D9,
DDE1DBD3,
DEE3BE8C,
381E212D,
211D292C,
1F1F3B6E,
92979496,
888B8F93,
96969594,
94949392,
92919090,
92929190,
908F8E8E,
908F8E8D,
8B8A8988,
85858585,
85858585,
89858282,
8483807D,
7A7D7E7A,
777B8892,
A5ADB8BF,
C2C4C6C8,
C9C9CACC,
CED2D5D7,
D8D8D8D8,
D8D8D8D8,
D6D4D1CE,
C8BDAFA5,
8A776055,
585E5F5D,
5C5C5C5C,
5E616466,
69696B6D,
6F727374,
6B68635E,
5B5A5A5B,
5D5F6265,
67686969,
64646364,
65676A6B,
211D2028,
2C2E3A49,
61778D96,
9DA6ACAB,
B2ADA8A2,
9A8F8076,
55371F1E,
232A405A,
6C7F8F94,
98A3ABAC,
AFB0B2B3,
B3B2B0AF,
AFB0B3B5,
B6B6B6B5,
AEAAA5A1,
9D958B83,
98B17F7C,
76352629,
3635302A,
282C353E,
3E393330,
31323332,
2B29292D,
33373735,
302C2B2C,
30436D94,
8E865C34,
2E28212A,
3F474A3E,
2C283748,
3F342D36,
45483928,
272A3640,
39313F58,
5C3F3C5D,
6D5F5D6E,
745D5F66,
56505651,
3E4F667B,
8A92928F,
687E7DA4,
A074796A,
392F232A,
302E5EB2,
BAC18F4E,
392B1D26,
24262B39,
505A492F,
3B4D574A,
3934373A,
3A333136,
36313239,
4443413C,
342E2F32,
2B2C333A,
3A3C4A5D,
60626566,
676C747B,
7772644B,
3229303A,
5C5F656D,
747B8082,
84838282,
82848587,
8B8B8A8A,
8A898989,
8C8B8987,
86868787,
8889898A,
8B8B8C8C,
8D8E9092,
92929191,
94959697,
999A9B9C,
9C9D9D9E,
9F9FA0A0,
A2A3A4A5,
A7A8A9AA,
ADAEB0B3,
B4B5B5B4,
B8B9BABB,
BDBEBFC0,
C4C5C6C7,
C9CACBCC,
CCCFD2D1,
CFCED1D4,
D0D1D2D3,
D5D6D7D8,
DDE0DEDB,
E1E2CEB3,
4E27202B,
231F2829,
20234072,
93958F91,
898C9094,
96969594,
94949392,
92919090,
92929190,
908F8E8E,
90908E8D,
8B8A8888,
84848484,
84848484,
88858281,
8383807C,
797D7F7B,
797F8F9D,
B2BAC4CA,
CBCACBCC,
C8C8C9CB,
CED2D6D8,
D8D8D8D8,
D8D8D8D8,
D7D4D0CC,
C4B6A69A,
83715E57,
5C62605A,
5C5B5B5C,
5E626769,
6A6B6C6E,
71737475,
6A66615C,
59595A5C,
5E606467,
696A6968,
63636364,
65686A6C,
1E1B1F28,
2C2F3B49,
61778D96,
9CA5AAA9,
B3ADA69F,
978C8077,
58381F1C,
2129405B,
6C7F8F94,
98A3ABAD,
AEAFB0B1,
B1B0AFAE,
AEAFB2B5,
B7B8B8B7,
AEAAA5A2,
9D958B83,
9FB7857C,
68303430,
38352F28,
262C3943,
42392F2D,
3135332F,
2927282D,
33383937,
2E2B2A2B,
3146739B,
8A825835,
312A2129,
3642493E,
2C273648,
4433252C,
404A3F2F,
2123313D,
34263149,
6A3F3458,
70635D6C,
7B656972,
60525047,
4250657A,
8B938D82,
688A8FB6,
9B5D767E,
3E34282E,
322B5AAF,
AFB76F31,
423A1C2A,
21242A38,
4F59462C,
3D4B5145,
3836393A,
332C2B2F,
2F292B31,
4744413E,
362F2F34,
2F30373D,
3B3B4A5D,
585D6368,
6B70787E,
7874654B,
3329303A,
5D60656C,
747B8083,
83828282,
83858789,
8D8D8C8B,
8A888887,
8C8B8987,
86868687,
8888898A,
8A8B8C8C,
8C8E9091,
92929190,
94959697,
999A9B9C,
9C9C9D9E,
9E9FA0A0,
A2A3A4A5,
A7A8A9AA,
ABADB1B5,
B6B6B4B2,
B8B9BABB,
BDBEBFC0,
C4C5C6C7,
C9CACBCC,
CCCFD2D1,
CFCED1D4,
D0D1D2D3,
D5D6D7D8,
DBDFE2E5,
E6E1D5CA,
5F31222C,
25212826,
21254375,
94948D8E,
8A8D9194,
96969594,
94949392,
92919090,
92929190,
908F8E8E,
91908F8D,
8B898887,
84848484,
84848484,
88858181,
83837F7C,
787D7F7C,
7A8294A4,
BBC3CCD2,
D1CFCECE,
C6C7C8CA,
CED3D7D9,
D8D8D8D8,
D8D8D8D8,
D7D4D0CA,
C1B2A093,
806F5D58,
5F646058,
5C5B5A5B,
5E63686B,
6A6B6D6F,
71737576,
6965605A,
58585A5C,
5E616568,
6A6A6968,
63636363,
65686B6C,
21232323,
24293239,
5B758D95,
989EA4A4,
A8ACAAA2,
9C968776,
59392020,
282F4158,
6A788A96,
9B9FA6AD,
B0B1B3B4,
B4B3B1B0,
B2B3B5B6,
B6B5B3B2,
B0ABA5A0,
9B958C85,
A69E8677,
6A422329,
3F362C28,
2D363F43,
3136342C,
2B32322D,
33302F32,
35322920,
14302C21,
41697F8D,
8D70563A,
27343A22,
2D3B453C,
2C2A3E54,
393B3B35,
2F313B45,
272F3432,
2B2A323B,
5840304A,
66554D6B,
726D655B,
54505152,
3B3B5482,
9C927E75,
68839298,
9885839E,
6D552E38,
2D2677BD,
BA954A49,
83632127,
21232938,
4B534736,
494B4B43,
3A34363A,
2932342E,
2C343937,
34343536,
36343332,
34373A3A,
3C43515C,
686A6E72,
75777778,
76766A4C,
2C23344A,
6063676D,
73797D80,
85858584,
84838383,
8A8A8A8A,
8A8A8A8A,
8A898786,
8687898A,
85868789,
8B8D8E8F,
90909192,
92939494,
92929394,
94959696,
9C9C9D9E,
9E9FA0A0,
A4A4A5A6,
A6A7A8A8,
A8ABAFAF,
ADADB1B4,
B6B7B8B9,
BBBCBDBE,
C2C3C4C5,
C7C8C9CA,
CFD0D2D3,
D4D4D3D2,
D4D4D5D6,
D6D7D8D8,
D3D6DBDE,
DFDDDAD7,
A445212F,
211D2C28,
21194888,
958D9094,
87929895,
94989995,
94949392,
92919090,
94949392,
92919090,
88898B8C,
8C8B8988,
88888786,
86858484,
7F7F8080,
80818181,
83827E76,
7686A1B7,
C8CCD1D6,
D7D6D4D2,
CBCBCBCB,
CDCFD2D3,
D7D8D9DA,
DAD8D7D6,
D1CFCCC7,
BDAA9586,
6B67615D,
5A5B5D5F,
5D5D5E5F,
6265696A,
74737170,
70717374,
65625E5A,
57575859,
65666869,
6A696867,
6A625B5E,
676C6862,
21222323,
23283139,
58738C95,
989FA6A6,
A8ADABA2,
9C968776,
59381F1F,
272E4056,
6A788A96,
9B9FA6AD,
B0B1B3B4,
B4B3B1B0,
B2B3B5B6,
B6B5B3B2,
B0ABA5A0,
9B958C85,
A1A08263,
5237242B,
3B352E2D,
323A3F41,
2F34322B,
2A30312C,
2A28282C,
2F2D261F,
252C1F28,
587B8085,
8B745E3F,
232B3627,
2B38413A,
2D2D3F53,
36393934,
2E2F3841,
282F3533,
2D2B3139,
52463D50,
63515074,
82776655,
48434142,
3A395281,
9C95847D,
818D9599,
845A639D,
9B84585A,
514883AD,
9D804C64,
AA883627,
24262E3E,
50554737,
44464640,
38343538,
31393931,
2D323533,
35353637,
36363534,
34373A3C,
3F485560,
6E707376,
797B7B7B,
77776A4C,
2D25374C,
5C5F656D,
757C8183,
85848484,
84848483,
8A8A8A8A,
8A8A8A8A,
8A898786,
8687898A,
86868889,
8B8C8E8E,
90909191,
92939394,
92929394,
94959696,
9C9C9D9E,
9E9FA0A0,
A4A4A5A5,
A6A7A7A8,
A8ABAFAF,
ADADB1B4,
B6B7B8B9,
BBBCBDBE,
C2C3C4C5,
C7C8C9CA,
CECFD1D3,
D4D4D3D2,
D4D4D5D5,
D6D7D7D8,
D4D7DBDE,
DFDDDAD8,
B5562529,
1E1D271F,
211C4B89,
948C9093,
87939995,
94989994,
94949392,
92919090,
94939392,
91919090,
88898B8C,
8C8B8988,
88888786,
86858484,
7F7F7F80,
80808080,
81807C77,
7989A5BB,
CACED3D7,
D9D8D5D3,
CDCDCCCD,
CED1D3D5,
D8D8D9DA,
D9D8D6D5,
D1CEC9C2,
B6A38D7E,
6966615C,
5A5A5C5E,
5C5C5C5E,
6165686A,
72727272,
72717171,
64625E5A,
5858595B,
6667686A,
6A696867,
6A635E61,
686B655E,
20222322,
23283138,
546E8993,
98A1A8AA,
A9ADABA3,
9D978876,
59381F1E,
252B3D53,
6A788A96,
9B9FA6AD,
B0B1B3B4,
B4B3B1B0,
B2B3B5B6,
B6B5B3B2,
B0ABA5A0,
9B958C85,
96A17F4A,
342B262D,
37343335,
3A3D3C3A,
2E323029,
282E2F2A,
2726272A,
2C2B2621,
2D231A3E,
7B8E807F,
87726040,
1E22322D,
28323B38,
3132414F,
32353732,
2C2B333B,
28303736,
312D3034,
4849454F,
57454A71,
8A806D56,
4238393C,
3C3B5380,
9B968987,
90939798,
73354291,
A08F6267,
727BA7B2,
8B765D8C,
D1A7441E,
24252F41,
504F4032,
3F41413D,
38353537,
39403F34,
2E313330,
35353536,
36363636,
35383B3E,
444F5D67,
7476797C,
7E7F7F7F,
7876684C,
2F293B50,
575C636D,
767E8386,
84848484,
84848484,
8A8A8A8A,
8A8A8A8A,
8A898786,
8687898A,
86878889,
8B8C8D8E,
8F909091,
92929393,
92929394,
94959696,
9C9C9D9E,
9E9FA0A0,
A3A4A4A5,
A6A6A7A7,
A8ABAFAF,
ADADB1B4,
B6B7B8B9,
BBBCBDBE,
C2C3C4C5,
C7C8C9CA,
CECFD1D2,
D3D3D2D1,
D3D4D4D5,
D6D6D7D7,
D5D7DADD,
DEDDDAD8,
CB702E20,
1A1E2216,
2121518A,
928A9093,
88939995,
93989894,
94949392,
92919090,
93939292,
9190908F,
88898B8C,
8C8B8988,
88888786,
86858484,
7F7F7F7F,
7F7F7F7F,
7D7C7A78,
7D90ABC0,
CDD1D6DA,
DBDAD7D4,
D0CFCFCF,
D1D3D6D7,
D8D8D9D9,
D8D7D5D3,
D2CDC5BB,
AC988273,
6764605C,
59595A5C,
5A5A5B5D,
60646769,
70717374,
73706D6B,
63615D5A,
595A5B5D,
6768696A,
6A696766,
69656265,
6A696159,
1F212221,
22273037,
4F6A8692,
98A2ABAD,
AAAEACA4,
9E988877,
5B3A1F1E,
242A3B50,
6A788A96,
9B9FA6AD,
B0B1B3B4,
B4B3B1B0,
B2B3B5B6,
B6B5B3B2,
B0ABA5A0,
9B958C85,
87A1813D,
23272A2E,
3939393C,
3E3C352F,
2C312F27,
272D2E28,
2D2D2D2E,
2E2C2825,
24233164,
948B737B,
8066533B,
1E22322D,
262D3436,
3639424B,
2D323531,
2A282D34,
2930383A,
36302E2E,
40474242,
46393C5C,
7F827A62,
44353A45,
47445880,
97938A8C,
89969D9A,
773F3E75,
897A4B53,
7696BCAF,
9B8980AC,
D7A4461D,
22212C3F,
4B44352B,
3D3E3E3D,
3B393837,
3B424136,
30333532,
33323232,
32333535,
38393C42,
4B59666F,
787A7C7E,
7F7F7F7E,
7975664A,
312E4055,
585D656E,
777D8183,
83838384,
84858585,
8A8A8A8A,
8A8A8A8A,
8A898786,
8687898A,
8888898A,
8A8B8C8C,
8E8F8F90,
91919292,
92929394,
94959696,
9C9C9D9E,
9E9FA0A0,
A2A3A3A4,
A5A5A6A6,
A8ABAFAF,
ADADB1B4,
B6B7B8B9,
BBBCBDBE,
C2C3C4C5,
C7C8C9CA,
CDCED0D2,
D2D2D1D1,
D2D3D3D4,
D5D5D6D6,
D6D7DADC,
DDDCDBDA,
DA8C3D1A,
18222114,
21275A8D,
90889093,
89949A95,
93979793,
94949392,
92919090,
92929191,
908F8F8E,
88898B8C,
8C8B8988,
88888786,
86858484,
80807F7F,
7E7E7D7D,
7A797879,
8398B3C6,
D1D4D9DC,
DDDBD8D5,
D2D1D1D1,
D3D5D8D9,
D8D8D9D9,
D7D5D3D2,
D3CDC2B4,
A48F7A6C,
6563605C,
5A59595A,
58585A5C,
5F64686A,
6E717475,
736E6965,
62605D5B,
5A5C5E60,
6868696A,
69686665,
68666568,
69665D55,
1F202120,
21262F36,
4C688490,
98A3ACAE,
AAAFADA5,
9F998978,
5E3C211F,
2529394F,
6A788A96,
9B9FA6AD,
B0B1B3B4,
B4B3B1B0,
B2B3B5B6,
B6B5B3B2,
B0ABA5A0,
9B958C85,
7B9E833F,
242C2F31,
3F3E3E3E,
3D372D25,
2C312F27,
272D2E28,
3132312F,
2C282626,
243B5C85,
916B5771,
78554033,
24293329,
282B3036,
3C414446,
292F3431,
2A26292D,
2A313A3E,
3B332B27,
414A3F37,
3E373447,
6E7E8570,
4A343949,
57526181,
938D888C,
86A2A89D,
8F6E545A,
8C79444B,
7396B197,
9F8D87A1,
A9783B26,
28242E42,
493D2F2B,
3E3E3E3F,
3F3E3A38,
383F3F36,
32373A37,
302F2E2E,
2F313335,
3D3D3F46,
53616E76,
797A7C7D,
7E7D7C7B,
78736247,
32314458,
5B606871,
777B7D7D,
82828384,
84858686,
8A8A8A8A,
8A8A8A8A,
8A898786,
8687898A,
8989898A,
8A8B8B8B,
8E8E8F8F,
90919192,
92929394,
94959696,
9C9C9D9E,
9E9FA0A0,
A2A2A3A3,
A4A5A5A6,
A8ABAFAF,
ADADB1B4,
B6B7B8B9,
BBBCBDBE,
C2C3C4C5,
C7C8C9CA,
CCCDCFD1,
D2D1D1D0,
D2D2D3D3,
D4D5D5D6,
D7D8D9DB,
DBDCDBDB,
DDA8551D,
1924211A,
212E638F,
8D869092,
8A959A96,
93969691,
94949392,
92919090,
92919190,
8F8F8E8E,
88898B8C,
8C8B8988,
88888786,
86858484,
80807F7E,
7D7C7B7B,
7877767B,
889FB9CA,
D2D6DADD,
DEDBD8D5,
D3D2D2D2,
D4D6D9DA,
D8D9D9D8,
D6D4D1D0,
D3CBBDAE,
9D8A766A,
6563615E,
5C5A5A59,
58585A5C,
6165696C,
6F717374,
716B6561,
615F5C5B,
5B5E6163,
69696A6A,
69676564,
65656566,
66615953,
1E1F2020,
20252E36,
4B67838F,
97A2ACAE,
ABB0AEA5,
9F998A79,
62402522,
262A3A4E,
6A788A96,
9B9FA6AD,
B0B1B3B4,
B4B3B1B0,
B2B3B5B6,
B6B5B3B2,
B0ABA5A0,
9B958C85,
77967F45,
2F333438,
43403C3A,
38322922,
2E323029,
282E2F2A,
2E2F302C,
27242527,
405F7984,
72454069,
704A3835,
2A2E3328,
2D2C2F38,
43494641,
272E3533,
2B252629,
2B323C42,
40362921,
41504637,
3D3D3A47,
6A7A8474,
543E3E48,
655E6882,
8E88868E,
91A69F94,
9E94715B,
92825668,
8DA0AD8D,
725B5863,
5736272C,
352E3548,
4C3C3132,
3F3E3E40,
42403A35,
333C3D35,
32383C3A,
312F2D2C,
2E313538,
4442424A,
5969747A,
7B7B7C7D,
7C7B7978,
776F5C43,
31334659,
5C616A72,
787B7B7A,
80818283,
85868788,
8A8A8A8A,
8A8A8A8A,
8A898786,
8687898A,
8A8A8A8A,
8A8A8A8A,
8D8D8E8E,
8F909091,
92929394,
94959696,
9C9C9D9E,
9E9FA0A0,
A1A1A2A2,
A3A4A4A5,
A8ABAFAF,
ADADB1B4,
B6B7B8B9,
BBBCBDBE,
C2C3C4C5,
C7C8C9CA,
CBCDCED0,
D1D1D0CF,
D1D1D2D2,
D3D4D4D5,
D8D8D9D9,
DADBDCDC,
D8C37528,
1B231F21,
22356B92,
8A848F92,
8B969B96,
93969590,
94949392,
92919090,
9190908F,
8E8E8D8D,
88898B8C,
8C8B8988,
88888786,
86858484,
80807F7E,
7C7B7A79,
7876767D,
8DA5BDCC,
D3D6DADD,
DDDAD6D3,
D2D2D1D2,
D3D6D8DA,
D9D9D9D8,
D5D2D0CE,
CEC5B6A6,
96857469,
66656462,
5F5D5B5A,
59595B5E,
63686C6F,
72727271,
6D686360,
5F5E5C5B,
5D606366,
6A6A6B6A,
69676463,
61626262,
5F5B5754,
1D1F201F,
20252E35,
4B67838F,
96A1AAAD,
ACB0AEA6,
A09A8B79,
66442825,
282C3B4F,
6A788A96,
9B9FA6AD,
B0B1B3B4,
B4B3B1B0,
B2B3B5B6,
B6B5B3B2,
B0ABA5A0,
9B958C85,
798E7648,
39383842,
423D3632,
312F2B28,
2F34322B,
2A30312C,
292D2F2D,
29292D32,
6577725F,
4A344373,
6A4A4040,
2F2B312B,
322E2F3B,
4A4F473C,
262E3635,
2D262527,
2B333D45,
4338271C,
3452503B,
3B3E4455,
75777671,
675E5957,
6C646B82,
8C868792,
988D7373,
92968481,
918B769B,
B8AFA883,
44282631,
2216293E,
3E333749,
4A383037,
3E3C3B3E,
403E362F,
333B3C34,
31363A38,
3433302F,
31353A3D,
4A46464E,
5E6E787C,
7D7E7E7E,
7D7B7977,
746B573F,
2F33475A,
585E6872,
7A7D7D7C,
80808283,
85868888,
8A8A8A8A,
8A8A8A8A,
8A898786,
8687898A,
8B8A8A8A,
8A8A8A89,
8C8D8D8E,
8F8F9090,
92929394,
94959696,
9C9C9D9E,
9E9FA0A0,
A0A1A1A2,
A3A3A4A4,
A8ABAFAF,
ADADB1B4,
B6B7B8B9,
BBBCBDBE,
C2C3C4C5,
C7C8C9CA,
CBCCCED0,
D0D0CFCF,
D0D1D1D2,
D3D3D4D4,
D9D9D8D9,
D9DBDCDD,
D3DC9538,
1D1D1A24,
223A7294,
88838F91,
8C979B96,
93959590,
94949392,
92919090,
90908F8F,
8E8D8D8C,
88898B8C,
8C8B8988,
88888786,
86858484,
81807F7D,
7B7A7978,
7976767E,
91A9C0CD,
D2D5D9DC,
DCD9D4D1,
D1D0D0D0,
D2D4D7D8,
D9D9D8D7,
D5D1CECC,
C5BBAC9D,
8F807269,
67676665,
63605D5C,
5A5B5D61,
656B7072,
7573716D,
69656160,
5E5D5C5C,
5D616568,
6B6B6B6A,
69666462,
5E5E5E5C,
58565555,
1D1E1F1F,
1F252D35,
4B67838F,
96A1A9AB,
ACB1AFA6,
A09A8B7A,
69472A27,
2A2D3C50,
6A788A96,
9B9FA6AD,
B0B1B3B4,
B4B3B1B0,
B2B3B5B6,
B6B5B3B2,
B0ABA5A0,
9B958C85,
7D886E47,
3C393B4A,
3F38302C,
2D2F2F2F,
3136342C,
2B32322D,
292E3232,
3032393F,
7D7C5C38,
2F345586,
674E4C4B,
31252E30,
3630303C,
4D52483A,
262F3736,
2E262426,
2C333E46,
45392719,
244F563D,
353A4962,
80736A6E,
7B81796E,
6E656C81,
8B868A97,
946C4452,
7D878CA9,
9A9B95C3,
D3AE9166,
3E1D1D2B,
2022435D,
3F323445,
44312B36,
3D3A393B,
3E3B3229,
343C3C33,
2F343734,
38363433,
34393E42,
4D494850,
60707A7D,
80818180,
7F7C7A78,
7368543D,
2E33475A,
535A6672,
7B7F8080,
7F808183,
85878889,
8A8A8A8A,
8A8A8A8A,
8A898786,
8687898A,
8B8B8B8A,
8A898989,
8C8C8D8E,
8E8F9090,
92929394,
94959696,
9C9C9D9E,
9E9FA0A0,
A0A0A1A2,
A2A3A4A4,
A8ABAFAF,
ADADB1B4,
B6B7B8B9,
BBBCBDBE,
C2C3C4C5,
C7C8C9CA,
CACCCECF,
D0D0CFCE,
D0D0D1D2,
D2D3D4D4,
DAD9D8D8,
D9DADCDD,
D0EBAA42,
1E181525,
223C7595,
87828F91,
8C979C96,
9295948F,
94949392,
92919090,
90908F8E,
8E8D8C8C,
88898B8C,
8C8B8988,
88888786,
86858484,
81807F7D,
7B797877,
7A777780,
93ABC0CD,
D2D5D8DB,
DAD7D3D0,
D0CFCFCF,
D1D3D6D7,
D9D9D8D7,
D4D1CECC,
BEB4A596,
897C7068,
69696867,
65625F5D,
5C5D5F62,
676D7274,
7774706A,
66636160,
5E5D5B5C,
5E626669,
6B6B6B6B,
69666362,
5C5C5B57,
54535557,
1F20201E,
1D20282F,
4C637F8F,
93969FA9,
AEABA8A5,
A095877D,
684B2C20,
222A3A48,
65748895,
9B9FA5AB,
AFAFAFB0,
B0B1B1B1,
B2B2B2B2,
B2B2B2B2,
AAA5A19F,
9F9B9088,
786E6A57,
3A3E4A3F,
493C2E26,
272B2C2C,
37322C2B,
2E313130,
35261F29,
373D4044,
523F382C,
1E396A7F,
54554D3F,
38373228,
33262E4C,
58473838,
30282831,
332C2627,
2B363F41,
44423019,
2B4D6253,
392F3336,
484C5461,
6E797E80,
8B756E7D,
88868B99,
94634C45,
4776967D,
86A2979F,
C5A4778D,
61432E21,
22435C50,
2A313E48,
4134323A,
4F3A2A2F,
3E443D35,
38403F34,
323C403B,
30323130,
2F323A41,
45484D55,
606C767D,
7A7B7D7E,
7E7D7B7A,
7C6D5239,
2E385166,
5B5F676F,
787F8385,
80838685,
83828588,
888A8C8D,
8E8E8D8C,
8C8C8B8A,
8A898888,
8888898A,
8A8B8C8C,
8A8A8B8C,
8C8D8E8E,
91919292,
92929393,
9A9A9B9C,
9C9D9E9E,
A2A1A0A0,
A1A2A4A6,
A8A9AAAB,
ADAEAFB0,
B1B3B5B8,
BCBFC1C3,
BEBFC0C1,
C3C4C5C6,
CCCCCDCE,
CECFD0D0,
D0D0D1D2,
D2D3D4D4,
D8D8D9DA,
DADBDCDC,
E2D8C474,
15102A17,
174C7283,
8E898799,
918D93A1,
A0928B8F,
90909090,
90909090,
8E8E8D8C,
8C8B8A8A,
8C8C8C8C,
8C8C8C8C,
88858283,
85868380,
8382817F,
7D7B7A79,
767E8284,
93AEC4CD,
D4D8DBDA,
D5CFCDCD,
CBCDD0D4,
D7D9DADA,
DDDAD7D6,
D6D3CDC8,
B8AC9989,
7F797471,
68696B6B,
6864605D,
65646364,
666A6E71,
73737371,
6E686360,
61605E5C,
5D606365,
676C706D,
67626467,
5B5D5D59,
534F4F50,
1F20201E,
1D20282F,
4C637F90,
9498A1AA,
AEABA9A6,
A096887E,
72543528,
29303F4E,
65748895,
9B9FA5AB,
B1B1B0B0,
B0B0AFAF,
AFAFAFAF,
AFAFAFAF,
A9A5A09E,
9D999088,
78757764,
413C4032,
443B2F29,
2B2E2E2D,
34302C2C,
2F323231,
30292E41,
4F4E4947,
412E2C2C,
29456972,
4E595845,
332E3030,
2C242F4A,
52433A3E,
2E27272F,
322B2728,
2A303A42,
40362920,
2B4C6053,
3C353533,
3B3D444F,
5D6C767C,
8E837D81,
8588909B,
826D6057,
52667C7B,
739A9B91,
A19C90A1,
957A5E45,
44646842,
2B323F48,
4133333B,
493B343E,
49473C34,
373E3C32,
313A3E39,
3232312F,
2E333C44,
46494E57,
626D777D,
7B7C7D7E,
7E7D7C7B,
7A6A5036,
2C364E62,
5D616971,
787E8283,
80838685,
83838589,
888A8C8D,
8E8E8D8C,
8C8C8B8A,
8A898888,
88888989,
8A8B8B8C,
8A8A8B8C,
8C8D8E8E,
8F909191,
93939495,
9A9A9B9B,
9C9D9D9E,
A1A1A0A0,
A0A2A4A5,
A8A9AAAB,
ADAEAFB0,
B2B3B5B8,
BBBEC1C2,
BEBFC0C1,
C3C4C5C6,
CCCCCDCD,
CECFCFD0,
D0D0D1D2,
D2D3D4D4,
D8D8D9D9,
DADBDBDC,
DEDBCE86,
28162716,
194F7483,
8E898798,
918D94A0,
9F938D90,
90909090,
90909090,
8E8E8D8C,
8C8B8A8A,
8C8C8C8C,
8C8C8C8C,
89858383,
85868380,
8282807F,
7D7C7A7A,
79808386,
95B1C6CE,
D4D8DBDA,
D4CFCDCD,
CBCDD0D4,
D7D9DADA,
DDDAD7D6,
D5D1CAC5,
B3A79687,
7E797573,
6A6A6A69,
6663615F,
65646464,
666A6E70,
72727270,
6C67625F,
5F5E5D5D,
5E616567,
63676A68,
625E5F62,
5D5C5A57,
5553514F,
1F20201E,
1D20282F,
4C627D8F,
969BA3AB,
AEACA9A7,
A2978A80,
7859392B,
2B313F4D,
65748895,
9B9FA5AB,
B3B3B2B1,
AFAEADAD,
ABABABAB,
ABABABAB,
A8A4A09D,
9A968E89,
7C7F8774,
4A3A3828,
3B36302D,
2F30302F,
312E2B2C,
30343433,
2D2F3F57,
61554339,
3523262F,
334A615D,
4A5D634C,
2F262E38,
26253145,
483B3944,
2E26262E,
322C292B,
2F2F3A48,
412C2731,
2F4E6051,
403C372C,
3030343D,
4C60727E,
868A8579,
757E8A8F,
717A7266,
60535369,
5D869784,
7A8BA2AE,
C4A98E78,
75897943,
3D424B4D,
3E2B2831,
48372D35,
42485059,
383B3831,
31383B38,
3333302D,
2E343F48,
494C525A,
6570787E,
7B7C7D7E,
7E7D7C7B,
79684D35,
2B364C5E,
61656C74,
7A7E8080,
81848786,
84838689,
888A8C8D,
8E8E8D8C,
8C8C8B8A,
8A898888,
87888889,
8A8A8B8B,
8A8A8B8C,
8C8D8E8E,
8D8E8F91,
93959697,
999A9A9B,
9C9C9D9D,
A1A09F9F,
A0A2A3A5,
A7A8A9AA,
ACADAEAF,
B2B3B5B8,
BBBDBFC1,
BEBFC0C1,
C3C4C5C6,
CBCCCCCD,
CECECFCF,
D0D0D1D2,
D2D3D4D4,
D7D8D8D9,
DADADBDB,
DADED99C,
421E2018,
1D547883,
8D8B8997,
908E949D,
9D948F90,
90909090,
90909090,
8E8E8D8C,
8C8B8A8A,
8C8C8C8C,
8C8C8C8C,
89868384,
86878481,
8281807F,
7D7C7B7A,
7C828689,
9AB5C9CF,
D3D7DBD9,
D4CFCCCD,
CBCDD0D4,
D7D9DADA,
DCD9D6D5,
D3CEC6BF,
AB9F9083,
7C797775,
6D6B6966,
63626262,
64646465,
676A6E70,
70706F6C,
6964605D,
5B5B5C5E,
6064686A,
64676865,
615E5F61,
605A5555,
5959534D,
1F20201E,
1D20282F,
4B5F7A8E,
979EA5AC,
AFADAAA8,
A39A8C83,
76573627,
252B3845,
65748895,
9B9FA5AB,
B5B4B3B1,
AFADACAB,
ACACACAC,
ACACACAC,
A7A4A09C,
98938E8B,
8588917B,
4D3C3B2B,
302F2E2E,
2F302F2F,
2E2C2A2D,
32353533,
2E334459,
5C482F22,
36282E35,
32425550,
4C5E634C,
30272E36,
282B3741,
3C313644,
32292830,
342F2D30,
37323F51,
45282A43,
3A57634F,
3E3D3625,
2C2C2E35,
445B7586,
85918C75,
6D7C8784,
73837062,
694B3044,
42527073,
5C627F8B,
A2878591,
94988C6E,
6B6D7069,
523A3842,
42353545,
50505763,
3A383330,
33373836,
3333302E,
2F37434D,
4C4F565F,
69727A7E,
7C7D7E7F,
7F7E7D7C,
78674C36,
2F3A4E5E,
64687077,
7C7E7E7E,
81858787,
8484878A,
888A8C8D,
8E8E8D8C,
8C8C8B8A,
8A898888,
86878788,
89898A8A,
8A8A8B8C,
8C8D8E8E,
8B8C8E91,
93969899,
9899999A,
9B9B9C9C,
A09F9F9E,
9FA1A3A4,
A7A7A8AA,
ABADAEAE,
B2B3B5B7,
BABCBEBF,
BEBFC0C1,
C3C4C5C6,
CACBCBCC,
CDCDCECE,
D0D0D1D2,
D2D3D4D4,
D6D7D7D8,
D9D9DADA,
D9E1DDAD,
5C25191D,
225B7E83,
8C8C8A96,
8E90959A,
9B969291,
90909090,
90909090,
8E8E8D8C,
8C8B8A8A,
8C8C8C8C,
8C8C8C8C,
8A878484,
87878581,
80807F7E,
7E7D7C7C,
7F84878C,
9FBACCD0,
D3D6DAD8,
D3CECCCC,
CBCDD0D4,
D7D9DADA,
DBD8D5D3,
D0C9BFB8,
A197887E,
7A797877,
6F6C6864,
61616364,
63636566,
696B6D6E,
6F6D6B68,
64615D5C,
58595C5F,
63676A6C,
6B6A6967,
64636465,
62595154,
5C5E574E,
1F20201E,
1D20282F,
495C758B,
979FA6AB,
AFADABA9,
A59C8F85,
75563425,
23283542,
65748895,
9B9FA5AB,
B5B4B3B1,
AFADACAB,
B0B0B0B0,
B0B0B0B0,
A7A6A29D,
96918F8E,
908D8E75,
4A404438,
292A2C2D,
2D2D2E2F,
2D2B2B2E,
33363432,
2E303C4C,
4C3A2820,
372F3838,
2A385358,
535B5845,
3531312E,
31363C3C,
312A3240,
382E2C33,
36323034,
36324051,
43272B47,
4864684A,
363A3523,
282A2C32,
3F577488,
90978F7C,
79888B81,
7F856655,
6953261E,
2A1A3860,
5235394B,
52395484,
86767D89,
8A8D8F89,
75666E80,
5C545E73,
70523B38,
3D353031,
35373737,
32323130,
323A464F,
4F535A63,
6D767C7F,
7D7E7F80,
807F7E7D,
78664B38,
35415461,
666B727A,
7F807E7D,
82858888,
8585878B,
888A8C8D,
8E8E8D8C,
8C8C8B8A,
8A898888,
86868787,
8889898A,
8A8A8B8C,
8C8D8E8E,
8B8C8E91,
93969899,
98989999,
9A9B9B9C,
9F9F9E9E,
9EA0A2A3,
A6A6A7A9,
AAACADAD,
B2B3B5B7,
B9BBBCBD,
BEBFC0C1,
C3C4C5C6,
CACACBCB,
CCCDCDCE,
D0D0D1D2,
D2D3D4D4,
D6D6D7D7,
D8D9D9DA,
DAE1DAB7,
752E1423,
27638383,
8B8E8C94,
8C919597,
98989591,
90909090,
90909090,
8E8E8D8C,
8C8B8A8A,
8C8C8C8C,
8C8C8C8C,
8B878585,
88888582,
7F7F7F7E,
7E7D7D7D,
8185888E,
A3BECECF,
D2D6D9D8,
D2CDCBCB,
CBCDD0D4,
D7D9DADA,
DAD8D5D2,
CEC5B9B0,
988E8279,
77777878,
6F6C6864,
61616364,
62636567,
6A6B6D6D,
6C6B6764,
605D5B59,
57595C61,
65696C6D,
6D6A6664,
63646464,
60575154,
5D605951,
1F20201E,
1D20282F,
46577086,
969FA5A9,
B0AEACAB,
A79E9188,
78593829,
272D3A47,
65748895,
9B9FA5AB,
B3B3B2B1,
AFAEADAD,
B3B3B3B3,
B3B3B3B3,
A9A9A69F,
96919193,
978A8167,
4341493D,
282B2E2E,
2C2B2E31,
2D2C2C30,
3435322F,
2C2B313D,
3F363133,
36303836,
26365762,
54554C3E,
38383228,
3B3E3E36,
2B29323D,
3C322D33,
35302F33,
2B2F3C47,
3B272A3C,
536F6C43,
2A34392C,
22272C32,
3D516C80,
90877A76,
808A8271,
7F836A55,
63643910,
290F215B,
652F142A,
32214066,
52323E58,
72767D7D,
74748CAA,
A7887576,
67432D2E,
41352E33,
39393738,
2E303334,
373E4850,
52565E68,
71797E80,
7E7F8081,
81807F7E,
74624838,
39475964,
656B747D,
8282807E,
83868988,
8685888B,
888A8C8D,
8E8E8D8C,
8C8C8B8A,
8A898888,
85858686,
87888889,
8A8A8B8C,
8C8D8E8E,
8D8E8F91,
93959697,
97979898,
999A9A9B,
9F9E9D9D,
9E9FA1A2,
A5A6A7A8,
AAABACAD,
B3B3B5B6,
B8B9BABB,
BEBFC0C1,
C3C4C5C6,
C9C9CACA,
CBCCCCCD,
D0D0D1D2,
D2D3D4D4,
D5D5D6D6,
D7D8D8D9,
DBDFD6C3,
933D1127,
2C6A8983,
89908E93,
8B929694,
959A9892,
90909090,
90909090,
8E8E8D8C,
8C8B8A8A,
8C8C8C8C,
8C8C8C8C,
8B888586,
88898683,
7E7E7E7E,
7E7E7E7E,
8184878F,
A5C1CECC,
D1D5D8D7,
D1CCCACA,
CBCDD0D4,
D7D9DADA,
D9D7D4D1,
CBC0B2A8,
92897C75,
73757677,
6D6B6966,
63626262,
60626669,
6B6C6C6C,
6B68645F,
5C595858,
575A5E63,
676A6B6C,
6A655F5C,
5E605F5E,
5C575356,
5C5F5B56,
1F20201E,
1D20282F,
42526A82,
949EA4A6,
B0AEADAC,
A8A0938A,
795B3A2B,
2A303E4B,
65748895,
9B9FA5AB,
B1B1B0B0,
B0B0AFAF,
B3B3B3B3,
B3B3B3B3,
ABACA9A1,
97929497,
98847359,
3C3E4535,
2D313230,
2D2D3238,
2F2E2E31,
3434302C,
2E2A2C33,
3532353E,
3F313433,
27375357,
4F4F473B,
36383329,
40403B31,
2A2D373F,
3D322C2F,
302B292D,
24303D40,
382F2E31,
56746D3A,
1E2F413D,
21293239,
40506778,
8B6D5A6B,
8588735D,
6D818569,
5E725D1E,
2D272753,
7543162C,
31334A4B,
27141E23,
4C4F5351,
4A517397,
AB7F6264,
60493F48,
46352D36,
3D3A383A,
2A2F3539,
3C42494F,
5459626B,
747B7F81,
7E7F8081,
81807F7E,
6E5B4335,
39495B65,
646A757E,
84858280,
83878989,
8786898C,
888A8C8D,
8E8E8D8C,
8C8C8B8A,
8A898888,
84858586,
87878888,
8A8A8B8C,
8C8D8E8E,
8F909191,
93939495,
96979798,
99999A9A,
9E9D9C9C,
9D9FA1A2,
A4A5A6A7,
A9AAABAC,
B3B3B4B6,
B7B8B9BA,
BEBFC0C1,
C3C4C5C6,
C8C9C9CA,
CBCBCCCC,
D0D0D1D2,
D2D3D4D4,
D4D5D5D6,
D7D7D8D8,
D9DDD5D4,
B4511026,
30708D83,
89918F92,
8A939692,
939B9B92,
90909090,
90909090,
8E8E8D8C,
8C8B8A8A,
8C8C8C8C,
8C8C8C8C,
8C898687,
89898783,
7D7E7E7E,
7E7E7E7F,
8183858E,
A6C2CDC9,
D0D4D8D6,
D1CCC9CA,
CBCDD0D4,
D7D9DADA,
D8D6D3D0,
C9BDAEA3,
8E857972,
71737475,
6A6A6A69,
6663615F,
6062666A,
6C6C6C6B,
6966615C,
58565656,
585B6065,
686A6A6A,
6B645D5A,
5D605F5D,
57575859,
5B5C5C5C,
1F20201E,
1D20282F,
404F6780,
929DA3A5,
B0AFADAC,
A9A0948B,
76583829,
292F3D4B,
65748895,
9B9FA5AB,
AFAFAFB0,
B0B1B1B1,
B2B2B2B2,
B2B2B2B2,
ADAEABA2,
9893959A,
977E6A51,
383B3E29,
33363733,
2E2F363D,
302F2F32,
35342E29,
332D2B2E,
2D2A2F3A,
4B363231,
2A384842,
484C483B,
3334322C,
4240382D,
2A323D42,
3C30292C,
2C262428,
2335423F,
3A3A352D,
55746C35,
162E484B,
242E3A41,
47536776,
91644E6C,
91907259,
59809F7F,
5B7A7A33,
2336293F,
6F4D1A30,
1D374D39,
1B283827,
42413E35,
282C4F74,
58424A73,
856B504B,
48362D37,
403C393C,
272D363C,
4044494E,
555A636D,
767C8081,
7E7F8182,
82817F7E,
68553E32,
38495B65,
636A757F,
85868481,
84878A89,
8786898C,
888A8C8D,
8E8E8D8C,
8C8C8B8A,
8A898888,
84848586,
86878888,
8A8A8B8C,
8C8D8E8E,
91919292,
92929393,
96969798,
98999A9A,
9E9D9C9C,
9D9EA0A1,
A4A5A6A7,
A9AAABAC,
B3B4B4B5,
B6B8B8B9,
BEBFC0C1,
C3C4C5C6,
C8C8C9CA,
CACBCCCC,
D0D0D1D2,
D2D3D4D4,
D4D4D5D6,
D6D7D8D8,
D7DBD6E1,
CA5F1123,
32738F83,
88929091,
89949690,
929C9C93,
90909090,
90909090,
8E8E8D8C,
8C8B8A8A,
8C8C8C8C,
8C8C8C8C,
8C898687,
898A8784,
7D7D7D7E,
7E7F7F7F,
8082848D,
A6C2CCC8,
D0D4D7D6,
D0CBC9C9,
CBCDD0D4,
D7D9DADA,
D8D6D3CF,
C8BBAB9F,
8D837770,
6F717373,
68696B6B,
6864605D,
5F62666A,
6C6D6C6B,
6865605A,
57555555,
595C6166,
696A6968,
7168605E,
61656461,
54575B5B,
595A5D60,
21202020,
21232526,
30486982,
8F97A0A7,
A8ADACA7,
A4A39889,
735D3D26,
222E3F4B,
61768990,
97A3ABAC,
ACAEB0B1,
B2B2B1B0,
B2B2B2B2,
B2B2B2B2,
ACA7A5A4,
9A8D8A91,
987E6D54,
322D3731,
2F343939,
352F2C2C,
2F2C2A2D,
3334302A,
252C3232,
30323B44,
33312F31,
3741494E,
46433D38,
35333435,
302F2D2E,
31373E42,
47382A27,
28282727,
26313A37,
2E2A313B,
58736F41,
212C424A,
5E3D334D,
5C55586A,
6F885B67,
7D748B7F,
6067737E,
827D7268,
24233245,
6D59182C,
2D3E3829,
261F233C,
44494536,
313A464A,
443A3644,
5D717571,
44403B35,
312F2F2F,
282F3941,
464C5358,
565B646D,
74787878,
7A838680,
7E82827D,
63513C3A,
4C626862,
67707C83,
84828181,
83848587,
898B8C8D,
8D8C8C8A,
89888787,
91908F8D,
8B898887,
88888888,
88888888,
8C8C8C8C,
8C8C8C8C,
8C8D8E8F,
91929394,
93939495,
989B9EA0,
9C9D9E9F,
A1A2A3A4,
A3A4A5A7,
A9ABACAD,
AEAFB1B3,
B5B7B9BA,
BEBFC0C1,
C3C4C5C6,
C8C9CACB,
CDCECFD0,
CECECFD0,
D0D1D2D2,
D4D4D4D4,
D4D4D4D4,
DCCDDED4,
CB82152C,
3784797F,
9F88869E,
8D919393,
91909396,
8D8E8E8F,
91929293,
93918E8B,
8A8C8E8F,
8A8A8A8A,
8A8A8A8A,
8A898887,
85848382,
7C7C7D7D,
7E7F7F80,
7E818994,
A4B5C4CD,
D4D3D4D5,
D6D4CFCB,
C6CACFD5,
D9DBDCDB,
D5D3CFCB,
C2B4A397,
837E7875,
7473706D,
71706F6C,
68635F5C,
5C5E6164,
67696969,
69615853,
54575858,
62636669,
6B6C6C6B,
61616160,
60605F5F,
5656565B,
6063605D,
24232323,
24252729,
31496881,
8E969EA5,
A8ADACA7,
A4A39889,
745E3F28,
242F3F4B,
61768990,
97A2AAAB,
ACAEB0B1,
B2B2B1B0,
B2B2B2B2,
B2B2B2B2,
AFA9A5A3,
9A8E8D94,
9E7F6A54,
3834382A,
2F343838,
342F2C2C,
2C2A2A2F,
3536322C,
2E2F3136,
3B3E3E3D,
31313131,
343C464D,
43413E3B,
38363635,
302F2D2D,
30363B3F,
4D3D2D28,
2A2C2A28,
2736423C,
2C263140,
5E5A564A,
35242835,
65584C49,
4E555E65,
798B6871,
76647C7C,
6C6F7783,
8B8A8177,
422E2A3B,
726A252E,
32403728,
29262C45,
42464235,
30394447,
38383A40,
4B576167,
43403A34,
302F2F2F,
29303A42,
474D5459,
5A5F6870,
777A7B7B,
7A838580,
7E82817A,
614E3A38,
4B606764,
68717D84,
84838181,
84858687,
898B8C8D,
8B8B8B8A,
8A8A8989,
90908E8D,
8B8A8888,
88888888,
88888888,
8C8C8C8C,
8C8C8C8C,
8C8D8E8F,
91929394,
93939495,
989B9EA0,
9C9D9E9F,
A1A2A3A4,
A5A5A6A7,
A8AAAAAB,
AEAFB1B3,
B5B7B9B9,
BEBFC0C1,
C3C4C5C6,
C8C9CACB,
CDCECFD0,
CECECFD0,
D0D1D2D2,
D4D4D4D4,
D4D4D4D4,
DDD2DFD4,
D1952826,
39827981,
9E89899D,
8D919493,
908F9193,
8F8F8F90,
90919191,
93918E8C,
8B8C8E8F,
8A8A8A8A,
8A8A8A8A,
8A898887,
85848382,
7F7F8081,
81828383,
80828790,
9FB0BFC8,
D0D0D1D2,
D2D0CCC9,
C7CAD0D5,
D9DBDBDB,
D5D2CFCA,
C1B3A195,
807C7674,
7474716E,
71706E6B,
67625F5C,
5B5E6266,
68686765,
625C5452,
55595C5C,
64656769,
6A6A6968,
60606060,
605F5F5F,
5A58585B,
6063625F,
27272625,
2628292B,
3348667E,
8C949CA1,
A8ADACA7,
A4A39889,
7660412B,
2631404B,
6175888F,
96A2AAAB,
ACAEB0B1,
B2B2B1B0,
B2B2B2B2,
B2B2B2B2,
B3ABA5A2,
998F919A,
A3826B58,
3E3A3927,
2F343837,
322E2C2C,
28292C32,
3636312C,
2F2D303A,
46494138,
2D313332,
3035404A,
3F3F3F3E,
3D3A3836,
302F2E2D,
2F33373A,
52433128,
2B302E29,
283C4A3F,
2822364F,
6745405C,
5C372532,
58636150,
4E606D6D,
69756F83,
7C5E6C70,
6A686C7A,
8B94918A,
683E2029,
6C712A29,
333D3126,
2E30374E,
3E423D31,
2F394243,
2F373E3B,
36394856,
423E3934,
302F2F2F,
2C333C44,
494E555A,
60646B73,
787C7D7D,
7B82847F,
7E817E76,
5D493738,
4A5D6667,
6B747E84,
85838283,
85868788,
8A8B8C8C,
8A8A8A8B,
8B8C8C8C,
908F8E8D,
8B8A8988,
88888888,
88888888,
8B8B8B8B,
8B8B8B8B,
8C8D8E8F,
91929394,
94949495,
979A9D9F,
9B9C9D9E,
A0A1A2A3,
A6A7A7A7,
A7A8A8A8,
ADAEB0B2,
B4B6B8B9,
BDBEBFC0,
C2C3C4C5,
C7C8C9CA,
CCCDCECF,
CECECFD0,
D0D1D2D2,
D4D4D4D4,
D4D4D4D4,
DDD9DED4,
D9AF471E,
3D7E7984,
9C8A8E9A,
8E929594,
918E8F91,
91919190,
908F8F8F,
93918F8D,
8D8D8E8F,
8B8B8B8B,
8B8B8B8B,
8A898887,
85848382,
82828384,
84858686,
8382848B,
97A7B6C0,
CBCBCDCD,
CCCAC8C7,
C7CBD0D5,
D9DBDBDA,
D5D2CEC8,
BFB09E92,
7D787372,
7374726F,
6F6E6C68,
65615E5D,
595D6368,
6967625F,
58534F50,
565D6162,
67686969,
68676564,
5F5F5F5F,
5F5F5F5F,
605C5A5B,
60636361,
28272625,
25272829,
34476279,
89939A9E,
A8ADACA7,
A4A39889,
7863442E,
2A33414B,
6074878F,
95A1A9AA,
ACAEB0B1,
B2B2B1B0,
B2B2B2B2,
B2B2B2B2,
B6ACA5A1,
9890949E,
A1877660,
3F383B2F,
30333635,
302C2C2D,
26292E32,
34322D29,
2F323842,
4A494139,
2A303432,
2E313C46,
3C3E4041,
403D3936,
32312F2F,
2F313435,
50463629,
29302F29,
2C3F4A3B,
23224163,
61393158,
6E563B38,
40536362,
5A585A5C,
4C4F6990,
896E6A67,
59525260,
798C918F,
8D5E3129,
666E2C2B,
2E342822,
33393C4E,
3B3E392F,
2E383F3F,
333A3E37,
2D2C3744,
403D3833,
302E2F2F,
2F363F46,
4B50565B,
64676C72,
777B7C7D,
7C82827E,
7E817B6F,
5743343A,
4B5A646A,
6F778085,
85838384,
87878889,
8A8B8C8C,
89898A8B,
8C8D8E8F,
8E8E8D8C,
8C8B8A8A,
88888888,
88888888,
8A8A8A8A,
8A8A8A8A,
8C8D8E8F,
91929394,
95959595,
979A9C9E,
9B9B9C9E,
9FA1A2A2,
A7A7A7A7,
A6A6A6A5,
ADAEAFB1,
B4B6B7B8,
BDBDBEC0,
C1C3C4C4,
C7C7C8CA,
CBCDCECE,
CECECFD0,
D0D1D2D2,
D4D4D4D4,
D4D4D4D4,
DADCD9D2,
DCC56A1D,
447B7A88,
998B9395,
8F939797,
93908F91,
93929291,
8F8E8E8D,
9291908F,
8F8E8E8E,
8C8C8C8C,
8C8C8C8C,
8A898887,
85848382,
83838384,
85868686,
86848386,
8F9DABB4,
C3C5C8C7,
C5C4C6C7,
C9CCD1D6,
D9DADAD9,
D5D1CDC6,
BCAD9A8E,
7A757170,
7273726F,
6E6C6965,
62605E5E,
595E6469,
69645D58,
4F4C4A4F,
58616668,
6A6A6A69,
6764615F,
5D5D5E5E,
5F5F6060,
64605C5C,
60636361,
27262524,
23242526,
33435C74,
8792999D,
A8ADACA7,
A4A39889,
7B664832,
2D35424B,
5F74868E,
94A0A8A9,
ACAEB0B1,
B2B2B1B0,
B2B2B2B2,
B2B2B2B2,
B4ABA5A1,
989095A0,
9C8D8569,
3C303E3F,
30333533,
2E2B2B2D,
272B2F32,
312F2C2B,
41495050,
483F3938,
2A2E3232,
30333B42,
3B3D3F40,
3F3C3836,
35343331,
31313131,
44463C2B,
262D2F29,
303D4234,
232A4D6F,
513B2F40,
5E665037,
323A5774,
6E4D3E47,
5542678B,
87827A6C,
544A4249,
5D738085,
A181593F,
65672F3B,
3133221E,
353C3A47,
383A352D,
2F3A3F3B,
423F3B35,
30303437,
3E3B3632,
2F2E2F30,
33394249,
4D52585C,
66686C70,
75787A7B,
7D81817D,
7E807769,
503D3440,
515A646D,
737A8185,
85848486,
89898A8A,
8B8B8C8C,
898A8B8C,
8D8E8F8F,
8D8D8D8C,
8C8B8B8B,
88888888,
88888888,
8A8A8A8A,
8A8A8A8A,
8C8D8E8F,
91929394,
96969596,
97999B9D,
9A9A9B9D,
9EA0A1A1,
A7A6A6A6,
A5A5A5A5,
ACADAEB0,
B3B5B6B7,
BCBCBDBF,
C0C2C3C3,
C6C6C7C9,
CACCCDCD,
CECECFD0,
D0D1D2D2,
D4D4D4D4,
D4D4D4D4,
D6DBD2D2,
DACF8C2B,
4D797C8D,
968A968E,
8D929798,
95919091,
93929291,
8F8E8E8D,
92929291,
91908F8E,
8C8C8C8C,
8C8C8C8C,
8A898887,
85848382,
82828283,
84858585,
88868485,
8B95A0A6,
B8BCC0C0,
BEBEC3C8,
CACDD1D6,
D9D9D9D8,
D4D1CBC4,
B9A99689,
78746F6F,
7172706E,
6C6A6662,
605E5E5E,
5A5F6568,
67615953,
49484950,
5B656A6C,
6C6C6B69,
66625E5C,
5B5B5C5D,
5E5F6060,
65615E5E,
6062605E,
28272523,
23232425,
313F566F,
85939A9D,
A8ADACA7,
A4A39889,
7D684B36,
3037434B,
5E73868D,
949FA7A8,
ACAEB0B1,
B2B2B1B0,
B2B2B2B2,
B2B2B2B2,
B0A8A3A1,
9991939D,
9B918C6D,
3A2E454F,
30333431,
2C2A2B2E,
282C3133,
32333538,
595E5F54,
42343032,
2B2C2D30,
35393D3F,
3D3D3D3C,
3A383534,
39383735,
3332302F,
35464733,
252A302D,
34393A33,
2E375066,
4D4D3F37,
4F6C6342,
28234176,
86706675,
7C56777F,
728B8874,
6154453F,
485A6D79,
8F887451,
605B2F49,
4E45261C,
333B373F,
3738332D,
313C3F3A,
4A413733,
35373532,
3C393531,
2E2E2F30,
363D454B,
4F53595E,
6A6B6D70,
7377797A,
7D807F7C,
7F807362,
49383649,
595C6370,
777D8386,
85848688,
8B8B8B8B,
8B8B8B8B,
8C8C8C8D,
8D8E8E8E,
8C8C8C8C,
8C8C8C8C,
88888888,
88888888,
89898989,
89898989,
8C8D8E8F,
91929394,
97979696,
97999B9C,
999A9B9C,
9E9FA0A1,
A4A4A4A5,
A5A5A5A6,
ABACAEB0,
B2B4B6B7,
BBBCBDBE,
C0C1C2C3,
C5C6C7C8,
CACBCCCD,
CECECFD0,
D0D1D2D2,
D4D4D4D4,
D4D4D4D4,
D4D9CDD7,
D7CFAB49,
57787F93,
92899986,
858B9295,
938F8E8E,
91919190,
908F8F8F,
91929393,
93918F8D,
8D8D8D8D,
8D8D8D8D,
8A898887,
85848382,
82828384,
84858686,
8A898787,
8A909699,
A8AEB4B4,
B3B5BEC7,
CBCED2D6,
D8D9D8D7,
D4D0CAC3,
B7A59284,
78746F6D,
6F6F6D6A,
6B68645F,
5D5D5E5F,
5E616465,
635C5551,
4A494B53,
5E686D6E,
6C6B6A68,
65615D5B,
595A5B5C,
5E5F6060,
63605F60,
62615C57,
2B2A2826,
25252626,
2E3A516B,
83949C9E,
A8ADACA7,
A4A39889,
7E6A4E39,
3339444B,
5E72858C,
939FA7A8,
ACAEB0B1,
B2B2B1B0,
B2B2B2B2,
B2B2B2B2,
AAA5A2A2,
9A909199,
A192886A,
3B344C56,
31323330,
2B292B2E,
272C3235,
373D474F,
5B564D42,
362F2D2D,
2E29282F,
3B42413D,
403E3B37,
34333232,
3D3C3B39,
3633302E,
2847543D,
272A3335,
3535363A,
40464A4B,
464E483C,
4A676C5B,
281E2850,
7A919EA8,
88669280,
60888468,
675C4A3C,
3B4C677C,
72838464,
6A623D60,
7F67341C,
2E38353E,
3738332E,
343F4039,
443D3531,
33363534,
3B383430,
2E2E2F30,
393F474D,
51555A5F,
70707173,
75787B7D,
7E807E7B,
7F7F715E,
43353952,
615F6471,
7A7F8486,
85858689,
8C8C8C8C,
8C8B8B8B,
8F8F8E8E,
8E8D8D8D,
8B8C8C8C,
8C8C8C8D,
88888888,
88888888,
88888888,
88888888,
8C8D8E8F,
91929394,
98989796,
97989A9B,
98999A9B,
9D9E9FA0,
A1A2A2A4,
A5A6A7A7,
ABABADAF,
B1B3B5B6,
BABBBCBD,
BFC0C1C2,
C4C5C6C7,
C9CACBCC,
CECECFD0,
D0D1D2D2,
D4D4D4D4,
D4D4D4D4,
D6D9CCDF,
D4CBC46B,
5F798297,
8F87997E,
7981898E,
8D8A8989,
8F8F8F90,
90919191,
91929495,
94928F8D,
8E8E8E8E,
8E8E8E8E,
8A898887,
85848382,
85858687,
87888989,
8B8B8B8B,
8C8D8E8F,
969DA5A7,
A6ABB7C2,
CCCED2D6,
D8D8D7D6,
D4D0CAC1,
B5A38F81,
79746F6D,
6D6D6A67,
6A67625D,
5B5C5E60,
62636362,
5E595350,
4D4C4F57,
616A6D6E,
6A6A6967,
64615D5B,
58595A5B,
5D5F6061,
5F5E5F62,
635F5750,
2F2D2B29,
28282829,
2C384E69,
83959D9F,
A8ADACA7,
A4A39889,
7F6B503A,
343A444B,
5D72858C,
939EA7A8,
ACAEB0B1,
B2B2B1B0,
B2B2B2B2,
B2B2B2B2,
A7A2A1A3,
9B908F96,
A8928265,
3E3C5257,
3132322F,
2A282B2E,
262C3337,
3C475661,
4B3E2F29,
2C2F2F2C,
3028242E,
3F48443C,
423E3934,
302F3030,
3F3F3E3C,
3834302E,
21495D45,
2A2B373B,
35323541,
4E4F4234,
31393C3A,
4358686B,
3728161E,
4E87A29F,
7664A58A,
5B847952,
60584838,
35486B86,
6B89977D,
847C5A7F,
A682401C,
2A353540,
3838322E,
35414139,
3C393430,
2F303437,
3A373330,
2E2E2F30,
3A40494E,
52555B5F,
74747476,
787B7E7F,
7E807D7B,
7F7F6F5B,
40333B57,
67626471,
7B808587,
8585878A,
8D8D8D8C,
8C8C8B8B,
9191908F,
8E8C8C8B,
8B8B8B8C,
8C8D8D8D,
88888888,
88888888,
88888888,
88888888,
8C8D8E8F,
91929394,
99989796,
9798999B,
98999A9B,
9D9E9FA0,
9FA0A1A3,
A5A7A8A9,
AAABADAF,
B1B3B5B6,
BABBBCBD,
BFC0C1C2,
C4C5C6C7,
C9CACBCC,
CECECFD0,
D0D1D2D2,
D4D4D4D4,
D4D4D4D4,
D8DACDE6,
D4C7D383,
647A8499,
8D869979,
71788288,
88858485,
8D8E8E8F,
91929293,
91929496,
95928F8D,
8E8E8E8E,
8E8E8E8E,
8A898887,
85848382,
8889898A,
8B8B8C8C,
8B8C8D8E,
8D8C8A89,
89929B9D,
9DA3B1BE,
CCCFD3D6,
D8D8D7D5,
D4D0C9C0,
B4A18D7F,
7A756F6C,
6C6B6864,
6966615C,
5A5B5E60,
6564625F,
5B565250,
504F5259,
636B6D6D,
69696867,
64615E5C,
5758595B,
5D5F6061,
5C5D6064,
645F544B,
29282523,
22212222,
2C394F68,
7F909A9E,
A8ADADA9,
A8A79C8E,
82725A44,
393A4249,
5C71868E,
959FA6A6,
AAACAEAF,
B0B0AFAE,
B2B2B2B2,
B2B2B2B2,
A6A6A49F,
99949292,
A89D9069,
3939545C,
3435332C,
25252B32,
323E4E58,
58504843,
3936322E,
2C2B2C2D,
31252639,
45403A3A,
4D41332E,
32383A39,
47464748,
453C2F26,
2A333D43,
413B3634,
30283250,
675F442E,
2F383D39,
3542617B,
522B2428,
274D7062,
4D76826A,
68817C5A,
4F443B39,
3B435970,
7B7097AB,
7A6588A1,
A855272E,
2F2C3336,
372A242E,
39393636,
31313132,
32333333,
2E313332,
2E2D2F32,
3B3F474F,
585E6365,
72737577,
797B7D7E,
7E7A7A7F,
83775F4A,
32384555,
60666E76,
7D818586,
86878B8F,
8C8D8D8E,
8F8F9090,
8E8F9192,
92918F8E,
8C8C8C8C,
8C8C8C8C,
8A8A8988,
88878686,
87878686,
86888A8B,
8E8E8F90,
90919292,
94949596,
96979898,
9898999A,
9A9B9C9C,
A0A1A2A3,
A5A6A7A8,
A5A9ADAE,
AEAFB3B7,
B6B7B9BB,
BDBFC1C2,
C4C5C6C7,
C9CACBCC,
CCCDCECF,
D1D2D3D4,
D2D2D3D4,
D4D5D6D6,
D7D9D7D5,
D9DACAB6,
70748A92,
898E8A6E,
6F73787C,
7D7D7C7C,
82858989,
88898C90,
91929394,
95969797,
8A8B8D8F,
90908F8E,
8D8C8B8A,
89888787,
8587898B,
8C8C8B8B,
91908F8E,
8D8C8B8B,
7F868D8F,
919CB0C1,
CBCFD5DA,
DCDBD9D7,
CDCBC5BB,
AB99897F,
70707171,
6E6A6562,
68645F5A,
595C6164,
6462605B,
554E4845,
4E525860,
666A6C6C,
6866625E,
5B585757,
58585859,
5B5E6163,
5D606263,
5F58504B,
25242322,
23242526,
2C374B62,
798B989E,
A5AAABA6,
A5A59A8C,
82735A44,
393A4249,
5B71858E,
949FA6A6,
AAACAEAF,
B0B0AFAE,
B2B2B2B2,
B2B2B2B2,
A8A7A5A0,
9994908F,
A5A3986C,
3E466160,
3435342E,
27262B30,
323C484E,
4C443D3A,
3734312D,
2C2D2E30,
2D272B3A,
433E3B3E,
4D443932,
32363A3C,
41404042,
433E362F,
2A323C41,
3F393533,
2B283654,
675C402C,
2A303332,
33415B71,
5B4D3F2A,
20364434,
38576A68,
748D8A72,
5E4A3834,
353A4756,
757A96A6,
948EA3B5,
8C472631,
32313A3D,
362A2732,
3D3C3838,
30313233,
33323131,
2C303231,
2E2D3033,
40434A52,
5A61676A,
72737577,
797B7D7E,
7B78797D,
7E705743,
333D4C5A,
6268727B,
7D818586,
86878B8F,
8B8B8C8D,
8D8E8F8F,
8E8F9192,
92918F8E,
8C8C8C8C,
8C8C8C8C,
8A8A8989,
88878786,
89888787,
88898B8D,
8E8E8F90,
90919292,
94949596,
96979898,
9898999A,
9A9B9C9C,
9E9E9FA1,
A2A4A5A5,
A5A9ADAE,
ADAFB2B6,
B6B7B9BB,
BDBFC1C1,
C4C5C6C7,
C9CACBCC,
CCCDCECF,
D1D2D3D4,
D2D2D3D4,
D4D5D6D6,
D7D9D6D3,
D7DACEBC,
7C778996,
8B87816D,
686D7376,
76767677,
7B7F8384,
8485898D,
8E8F9091,
92939495,
8D8E8F91,
91908F8E,
8F8E8D8C,
8A898887,
87898B8E,
90909090,
9292918F,
8E8D8C8C,
80868B8D,
909DB2C2,
CCD0D5DA,
DCDBD8D6,
CECBC4B8,
A896867C,
70717170,
6D696562,
65625D5A,
5A5E6265,
64615D57,
524D4A49,
4E535A62,
676A6A69,
6866625E,
5B595857,
57585A5C,
5E5F6161,
5E606261,
5C554D47,
22212122,
2326282A,
2B35485E,
7588969D,
A1A7A7A3,
A2A2988A,
83735B45,
3A3A434A,
5B70858D,
949EA5A5,
AAACAEAF,
B0B0AFAE,
B2B2B2B2,
B2B2B2B2,
ABAAA6A1,
9A938D8A,
9BA49B68,
3D50685A,
34353430,
2A282A2D,
30373F41,
3C363230,
34322F2D,
2D2E3133,
292A323D,
3F3B3D45,
48453F37,
33363E44,
3D3A393A,
3E3F3C39,
33393F3F,
39322C2A,
25293C59,
65553B2A,
292A2C30,
394A5F6E,
5C513D38,
3A292338,
29323C49,
5F788688,
7051332B,
31373E45,
55748794,
ADB5ACA9,
60302232,
32333D3F,
32292A37,
403E3A3A,
2D2F3234,
34322F2D,
2B2E3131,
2E2E3134,
46494D54,
5C656C70,
72737577,
797B7D7E,
78787A7C,
77654C39,
3444565F,
636B7882,
7E828686,
86868A8E,
89898A8B,
8B8C8D8D,
8E8F9192,
92918F8E,
8D8D8D8D,
8D8D8D8D,
8B8A8A89,
88888787,
8B8A8989,
8A8B8D8E,
8E8E8F90,
90919292,
94949596,
96979898,
9898999A,
9A9B9C9C,
9C9C9D9F,
A0A2A3A3,
A5A9ADAE,
ADAEB1B5,
B5B6B8BA,
BCBEC0C1,
C3C4C5C6,
C8C9CACB,
CCCDCECF,
D1D2D3D4,
D2D2D3D4,
D4D5D6D6,
D7D8D4D0,
D5DBD4C6,
927C879A,
8C7B7469,
5F656C6E,
6D6C6D6F,
72777B7D,
7E808489,
8A8B8C8D,
8F909292,
90919292,
92918F8E,
91918F8E,
8C8A8988,
888A8E91,
94969696,
94949291,
8F8E8D8C,
8285888A,
909FB5C5,
CED1D6DA,
DCDAD7D4,
CFCAC1B3,
A2908178,
7171706E,
6B676361,
5F5E5C5B,
5C606466,
635F5852,
4E4D4D4F,
50555E65,
69696765,
6765615E,
5B595858,
575A5D60,
61615F5E,
6060605E,
58504742,
23232222,
23252728,
27344A63,
7A8A9599,
9EA4A5A1,
A0A19789,
84745C46,
3A3B434B,
5A70848C,
939EA4A4,
AAACAEAF,
B0B0AFAE,
B2B2B2B2,
B2B2B2B2,
AEABA6A1,
9C948B84,
8E9F975F,
364F6349,
37363431,
2D2A2A2A,
2E323636,
322F2E2F,
312F2D2C,
2D303336,
262F3A3E,
3B39404A,
3E40403B,
363A4550,
3E393434,
373B3C3C,
3E40423D,
33292220,
212B445D,
604C352A,
2D2B2B34,
465B6D78,
6D4D314B,
5E2B1A56,
3527212A,
384D7499,
83593126,
313F494F,
32636A71,
A8BA9379,
381E2233,
2F313A37,
2C262A38,
403C3738,
2C2E3133,
33302C29,
2A2D3131,
30303437,
494B4F55,
5D676F73,
72737577,
797B7D7E,
787A7D7B,
705B4332,
34485B61,
646E7C84,
7F838687,
8586898D,
88888989,
8A8B8B8C,
8E8F9192,
92918F8E,
8E8E8E8E,
8E8E8E8E,
8C8B8B8A,
89898888,
8C8B8B8A,
8B8D8F90,
8E8E8F90,
90919292,
94949596,
96979898,
9898999A,
9A9B9C9C,
9D9D9EA0,
A1A3A4A4,
A6A9ADAD,
ACACB0B3,
B5B6B7B9,
BCBEBFC0,
C3C3C4C6,
C7C9CACA,
CCCDCECF,
D1D2D3D4,
D2D2D3D4,
D4D5D6D6,
D7D8D4CF,
D3DBD9D0,
A9858698,
876E6763,
565E6668,
6563666A,
6B6F7477,
787B8084,
8687888A,
8C8E8F90,
90919292,
92908E8D,
9292918F,
8D8C8B8A,
888A8E92,
95989999,
96959492,
908E8C8C,
8485878A,
92A3B9C9,
D0D3D7DB,
DBD9D5D2,
CEC8BCAD,
9B8A7C74,
71706E6B,
6764605F,
595A5A5C,
5E616466,
615B534C,
4A4C5154,
54596168,
6A686460,
6664615E,
5B5A5959,
595C6164,
64625E5B,
605F5E59,
524A413D,
28272523,
22222323,
23334E6A,
818F9495,
9EA4A5A1,
A2A2998B,
85755C46,
3B3C444B,
596F838B,
929DA4A4,
AAACAEAF,
B0B0AFAE,
B2B2B2B2,
B2B2B2B2,
B0ABA6A2,
9E968A80,
8798935D,
354C5C3D,
3B38332F,
2D2C2B2A,
2D303332,
302F3235,
302E2D2C,
2D313437,
2835403E,
3838414A,
35393C3B,
3A404D58,
443D3430,
31343636,
3A3C3C37,
2E272423,
20304A5C,
563F312F,
302C2C36,
4C647781,
7E6E4845,
573A2444,
3E2D262B,
2B356398,
92663829,
32445664,
3D62524A,
85A47C56,
281E2B38,
31343A30,
28242936,
3B363235,
2D2E3030,
2F2D2A28,
2A2E3233,
3334383C,
484B5057,
5F686F72,
72737577,
797B7D7E,
797E8079,
68513D31,
354B5D60,
64737F82,
80848787,
8585888C,
88888989,
8A8B8B8C,
8E8F9192,
92918F8E,
8E8E8E8E,
8E8E8E8E,
8C8C8B8B,
8A898988,
8C8B8B8A,
8B8D8F90,
8E8E8F90,
90919292,
94949596,
96979898,
9898999A,
9A9B9C9C,
A0A0A1A3,
A4A6A7A7,
A6A9ADAD,
ABABAEB1,
B4B5B6B8,
BBBDBEBF,
C2C2C3C5,
C6C8C9C9,
CCCDCECF,
D1D2D3D4,
D2D2D3D4,
D4D5D6D6,
D6D9D6D0,
D3DCDDD7,
BE91858E,
7A625E5C,
4E586163,
5E5B5F65,
64696E71,
72747A7E,
80818385,
878A8C8D,
8C8D8E8F,
8E8D8C8B,
90908F8F,
8E8D8D8D,
888A8E92,
95979999,
96959391,
8F8C8B8A,
8586888D,
98AABECB,
D2D5D9DB,
DBD7D3D0,
CCC4B6A5,
93847872,
6F6D6A66,
625E5C5B,
55575A5D,
60626364,
5C564E49,
484D5459,
5B5F6468,
6966615E,
6563605D,
5B5A5A5A,
5D606466,
66625E5B,
5E5D5A54,
4D443D39,
2A282623,
22212122,
23334E6B,
828F9496,
A0A6A8A4,
A5A69D8F,
85765D47,
3C3D454C,
596E828B,
919CA3A3,
AAACAEAF,
B0B0AFAE,
B2B2B2B2,
B2B2B2B2,
B0AAA4A2,
A0988A7E,
87918E64,
3F4E5A41,
423B322C,
2C2C2C2B,
2E313434,
32313438,
302F2D2C,
2D303436,
2E3C433D,
363A4246,
31343639,
3E465158,
4840352E,
2D2E2F2E,
2E313230,
2C2A2C2F,
24354D57,
48322E38,
342F2D33,
465E7481,
6E896C35,
35504629,
2D252832,
2F2E4D77,
8D6A4230,
31405A71,
696F503B,
638D7950,
2A28373D,
353C3F2B,
29262A33,
36302F33,
302F2E2C,
2B292928,
2B303436,
37393E42,
474C535C,
646B6F71,
72737577,
797B7D7E,
7A7F7F74,
5E473832,
3A4F5C5E,
687C857F,
81858887,
8584878B,
89898A8B,
8B8C8D8D,
8E8F9192,
92918F8E,
8F8F8F8F,
8F8F8F8F,
8D8D8C8C,
8B8A8A89,
8B8A8989,
8A8B8D8E,
8E8E8F90,
90919292,
94949596,
96979898,
9898999A,
9A9B9C9C,
A1A1A2A4,
A5A7A8A8,
A6AAACAC,
AAA9ACAF,
B3B4B6B8,
BABCBEBF,
C1C2C3C4,
C6C7C8C9,
CCCDCECF,
D1D2D3D4,
D2D2D3D4,
D4D5D6D6,
D4DAD9D3,
D4DCDED9,
CC9D857E,
685A5A53,
46515C5C,
5552575F,
5D616668,
696B6F74,
76777A7C,
7F828485,
83858788,
89898888,
8B8B8C8D,
8D8E8F8F,
8B8D9093,
96989898,
9594928F,
8C8A8886,
86878B93,
A1B3C3CD,
D4D7DADC,
DAD6D1CE,
C8BFB09E,
8D7F7671,
6C69655F,
5B585656,
53565B5F,
62626160,
55514B47,
484E555B,
63646667,
6663605E,
6462605D,
5C5B5B5C,
63646566,
65625E5C,
5B59554F,
48403A37,
26252423,
22232425,
27344961,
788A959A,
A4AAACA9,
AAABA295,
86765E48,
3C3D464D,
586D828A,
919BA2A2,
AAACAEAF,
B0B0AFAE,
B2B2B2B2,
B2B2B2B2,
AEA8A2A2,
A29B8B7E,
8384846A,
4A505B4B,
483D3029,
292C2E2D,
33363837,
33313234,
32302E2C,
2D2F3234,
3641443B,
363D4240,
35333237,
3F484E50,
4840352E,
2C2C2A29,
2E2F2F2C,
29282C30,
293A4F51,
3B272D41,
403A3434,
3E536C7D,
69817F4C,
2D475232,
2D23222C,
30313F52,
69574234,
2F3A5978,
7D6F5C4F,
5D827844,
2C2C3839,
323E3F25,
302B2D33,
332D2E36,
33302B27,
2626282A,
2D32373A,
3B3D4347,
484E5964,
6C717272,
72737577,
797B7D7E,
787C7B6B,
523D3433,
43545D5E,
6F888C7E,
82858887,
8584878A,
8B8B8C8D,
8D8E8F8F,
8E8F9192,
92918F8E,
90909090,
90909090,
8E8D8D8C,
8B8B8A8A,
89888787,
88898B8D,
8E8E8F90,
90919292,
94949596,
96979898,
9898999A,
9A9B9C9C,
9F9FA0A2,
A3A5A6A6,
A7AAACAC,
A9A8ABAE,
B3B3B5B7,
B9BBBDBE,
C0C1C2C3,
C5C6C7C8,
CCCDCECF,
D1D2D3D4,
D2D2D3D4,
D4D5D6D6,
D3DBDDD7,
D7DDDED9,
D4A8866C,
55565A4B,
3C495555,
4C484F58,
55595D5E,
5E5F6367,
6B6C6E71,
74777A7B,
7A7C7F82,
84858585,
8586888A,
8C8F9091,
91929598,
999A9A9A,
9392908D,
8A878483,
86888E9A,
AABBC8CE,
D6D8DBDC,
DAD5D0CC,
C4BAAA98,
887C7572,
6965605A,
55525151,
52565C61,
63615E5C,
4F4C4947,
494F565B,
6B696764,
62605F5F,
63615F5D,
5C5B5C5C,
68686665,
63615F5E,
5755514B,
443E3936,
22222122,
23252829,
2C344357,
6E84959E,
A6ACAEAC,
ADAEA598,
86765E48,
3D3E464D,
586D818A,
909BA2A2,
AAACAEAF,
B0B0AFAE,
B2B2B2B2,
B2B2B2B2,
ADA6A1A2,
A39C8C7E,
7C76796A,
4E4F5A51,
4C3F2F26,
272C2F2F,
373A3C39,
342F2E2E,
33312F2D,
2D2F3133,
3B454539,
373F423C,
3B353135,
40484947,
463E342E,
2C2B2927,
3636332C,
25222427,
2D3E504D,
33202D47,
4D473E37,
3B4D687B,
8876857B,
3C233A40,
4A352326,
323C4349,
423E3B35,
2E385A7E,
7260676B,
687F712D,
28283230,
2B3B3B1D,
35303034,
322C2F38,
35312A24,
2224282C,
2F33393C,
3D40464A,
49515E6A,
73767573,
72737577,
797B7D7E,
75797764,
4A363033,
49585E60,
7591927E,
83868887,
85848689,
8C8D8D8E,
8F8F9090,
8E8F9192,
92918F8E,
90909090,
90909090,
8E8E8D8C,
8C8B8A8A,
87878686,
86888A8B,
8E8E8F90,
90919292,
94949596,
96979898,
9898999A,
9A9B9C9C,
9C9D9E9F,
A1A2A3A4,
A7AAACAB,
A9A8AAAD,
B2B3B5B7,
B9BBBDBE,
C0C1C2C3,
C5C6C7C8,
CCCDCECF,
D1D2D3D4,
D2D2D3D4,
D4D5D6D6,
D3DCDFDA,
D8DDDDD8,
D7AE8661,
49545C47,
36434F4F,
46424952,
50535757,
56575A5E,
62636669,
6C707273,
7476797D,
80828383,
81828588,
8B8F9192,
9697999B,
9C9D9C9B,
92918F8B,
88858281,
8689919E,
B0BFCACF,
D7D9DBDC,
DAD5CFCB,
C1B7A795,
857B7573,
67635D57,
524F4E4E,
52565C61,
63615C59,
4B494848,
4B50565A,
6F6C6762,
5F5E5F60,
62615F5D,
5C5C5C5D,
6C6A6764,
61606060,
55524E49,
433D3936,
2B292724,
22202020,
2F2F374C,
6B889AA2,
AAADB0B2,
AFA9A29D,
8D806A50,
3C373E47,
56657987,
8E959DA5,
A9AAADAF,
B0B1B1B0,
B0B0B1B2,
B2B3B4B4,
ACB1AFA5,
9F9B9184,
837C7B66,
484C5A51,
5B432D28,
2A2C3037,
44393332,
2E282930,
2B2E3233,
34363A3E,
493D3233,
3D464541,
3A353131,
373F4345,
5246372F,
3032312E,
322A2327,
31352E26,
2B442E32,
392A3635,
475F6F68,
5D5E676B,
7B7B978E,
4D303527,
4848553C,
122A462B,
38343334,
323B5A7C,
4E4A526C,
81764B24,
2A2D3336,
36332D2A,
25282E32,
34322F2D,
2F2E2E2D,
2B2A2A29,
302F3137,
40464848,
4C56646E,
71727273,
74777979,
7877797B,
79746A55,
3625324B,
54596370,
7D848685,
84848586,
86878888,
888A8C8D,
8E8E8D8C,
91919191,
8F8C8988,
8E8F9090,
8F8E8C8A,
8F8E8D8B,
89878685,
8A898786,
8687898A,
8C8C8D8E,
8E8F9090,
92929394,
94959696,
9898999A,
9A9B9C9C,
9C9D9E9F,
A1A2A3A4,
A8A8A9AA,
AAABACAC,
ACAFB5BA,
BCBBB9B7,
BEBFC1C3,
C5C7C9CA,
CACBCCCD,
CFD0D1D2,
D2D2D3D4,
D4D5D6D6,
D6D6D7D8,
D8D9DADA,
DCBD8653,
414A504D,
4653594F,
45454848,
4A4C4F53,
56575858,
5F5F5E5F,
60636567,
68696B6E,
71747677,
797A7D81,
85898C8E,
9192959B,
A0A2A09E,
9B948980,
7A7A7D80,
85878FA1,
B7C8D0D2,
E2DFDCDB,
D9D4CBC4,
B7AC9B8C,
80776E68,
5E5A5959,
50474B57,
51565D62,
625E5853,
43464D54,
5B606465,
6B68635E,
5C5E6163,
605E5C5B,
5A5A5B5C,
69666261,
63625F5B,
5A544A41,
3B393A3B,
26252322,
21222324,
2F2E364C,
6B889AA2,
AAADB0B2,
B0A9A29D,
8D826C52,
3D373E47,
56657987,
8E959DA5,
A9AAADAF,
B0B1B1B0,
B0B0B1B2,
B2B3B4B4,
ACB0ADA3,
9E9C9286,
8377786C,
4E4A5856,
5D432B26,
292C3238,
40373132,
2F282A31,
2B303330,
2D313E4A,
41372F31,
3C43403A,
35333337,
3D41413F,
4C41342F,
3133302C,
302C282B,
3235322D,
2D3D2C32,
353A5441,
344D6975,
6F676B72,
84778491,
78543B28,
3A40584E,
29344A38,
3736322F,
3851748D,
4E4C5367,
78704F30,
2A2D3134,
332F2A26,
2B2C2F31,
32312F2E,
2E2E2D2C,
2C2B2A2A,
3332343B,
444B4C4C,
4F59666F,
73737475,
74757676,
7576787A,
7C705F49,
3127364D,
565C6672,
7D848686,
84858586,
87878888,
888A8C8D,
8E8E8D8C,
91919190,
8F8C8A88,
8E8F9090,
8F8E8C8A,
8E8E8C8B,
89888686,
8A898786,
8687898A,
8C8C8D8D,
8E8F8F90,
92929393,
94959596,
98989999,
9A9B9B9C,
9C9D9E9F,
A1A2A3A4,
A8A8A9A9,
AAABABAC,
ACAFB4B9,
BBBBB9B7,
BEBFC1C3,
C5C7C9C9,
CACBCCCD,
CFD0D1D2,
D2D2D3D4,
D4D5D6D6,
D6D6D7D8,
D8D9DADA,
DCC69257,
424F564F,
47555A50,
47484B4A,
47484B4D,
4F4F4F4F,
5A5A5959,
5B5D5F60,
61626466,
696B6D6E,
71727579,
7E838789,
8C8F949B,
A0A2A19F,
98948E88,
85848587,
878992A3,
B8C9D1D2,
E1DEDBDA,
D8D1C8C1,
B1A69586,
7A716863,
5C575554,
4D464B57,
575A6063,
625E5753,
43474E56,
5D626566,
6C69635E,
5C5C5E5F,
5E5D5B5B,
5B5C5D5E,
69666261,
62625E5A,
5550473E,
38363739,
21212020,
21222426,
2D2D354B,
6A889BA2,
AAADB1B2,
B0AAA39F,
8F857055,
3F373E47,
56657987,
8E959DA5,
A9AAADAF,
B0B1B1B0,
B0B0B1B2,
B2B3B4B4,
ADAFA99F,
9C9D9488,
816E7476,
5848545C,
5F432923,
282D333A,
3B322E31,
2F2A2B33,
2C30312D,
2A324454,
38302C31,
3C413A32,
3031353C,
42433F3A,
443C3332,
3535302A,
2D2D2E30,
33353636,
30322B34,
2E4A7246,
23335779,
7C686169,
8478718B,
A2834E37,
32354D53,
3D3E4C46,
484F493D,
496F919D,
3A3A404C,
5652402F,
2E2F3131,
2F2B2624,
3332302F,
2F2F2F30,
2E2D2D2C,
2C2B2B2A,
3736383F,
484F5151,
555E6A72,
75757677,
74747373,
74767879,
7E684C38,
2B2B3D52,
5A616B76,
7E848687,
85858686,
87888889,
888A8C8D,
8E8E8D8C,
90909190,
8F8D8A89,
8E8F9090,
8F8E8C8A,
8E8D8C8B,
89888786,
8A898786,
8687898A,
8B8C8C8D,
8E8E8F8F,
91929293,
94949595,
97989899,
9A9A9B9B,
9B9C9D9E,
A0A1A2A3,
A7A8A8A9,
AAAAABAB,
ACAFB3B7,
BABAB9B7,
BDBEC0C2,
C4C6C8C9,
C9CACBCC,
CECFD0D1,
D2D2D3D4,
D4D5D6D6,
D6D6D7D8,
D8D9DADA,
DBD3A35E,
42535D51,
4A565B52,
4B4C4E4C,
494A4B4C,
4C4B4A49,
53535251,
52535556,
5758595B,
5D5F6061,
6566696D,
73797F82,
868B939A,
9FA1A09F,
94949494,
9392908F,
898D98A8,
BBCAD1D4,
E0DDDAD8,
D5CEC3BB,
A89D8C7D,
7269615B,
59514D4D,
49454B58,
5D5F6262,
605B5551,
45495159,
60656768,
6A67635E,
5C5B5C5D,
5B5B5A5B,
5C5E6062,
6A666261,
62615D59,
504B433B,
36353536,
23222020,
20212223,
2B2C344A,
6A889BA3,
A9ADB1B3,
B1ACA5A1,
9189765A,
41373D48,
56657987,
8E959DA5,
A9AAADAF,
B0B1B1B0,
B0B0B1B2,
B2B3B4B4,
AEADA69D,
9C9E9587,
7B65717F,
60465161,
60422621,
282F353B,
352E2C30,
2F2A2C33,
2E2E2D2F,
333B464D,
312C2C34,
4042392D,
3131343B,
41433F3B,
413B3637,
3B3B342D,
282C3031,
3132363A,
322B2D38,
274B7734,
211E3967,
765F4E53,
6F807176,
A5A16F59,
4636353E,
3F424D53,
596E6B51,
4E6C8383,
292A2D32,
3636322E,
35353331,
2E2A2725,
3936312D,
2B2C2F31,
2D2C2C2C,
2C2C2C2B,
37373A41,
4B525454,
5B636D74,
76767779,
78757373,
76787776,
795B3929,
28314558,
5F67727B,
80838688,
86868787,
8889898A,
888A8C8D,
8E8E8D8C,
8F8F9090,
8F8D8B8A,
8E8F9090,
8F8E8C8A,
8C8C8B8A,
8A898888,
8A898786,
8687898A,
8A8B8B8C,
8D8D8E8E,
90919192,
93939494,
96979798,
99999A9A,
9B9B9C9E,
9FA1A2A2,
A6A7A7A8,
A9A9AAAA,
ACAFB2B6,
B8B9B8B8,
BDBEBFC1,
C4C6C7C8,
C9C9CACC,
CDCFD0D0,
D2D2D3D4,
D4D5D6D6,
D6D6D7D8,
D8D9DADA,
D6DCB469,
43525E52,
4F595D55,
50535350,
50515151,
4F4D4B49,
4E4D4B4A,
494A4B4C,
4F4F5051,
52535455,
595A5C60,
676F7579,
81889096,
99999A9B,
91959B9F,
A09D9895,
8D939FAF,
BFCBD3D6,
DEDBD9D6,
D2C8BCB3,
9F948476,
6B625A55,
534A4547,
46454C58,
5E5F5F5D,
5A55504D,
484D555D,
64676868,
63615F5D,
5C5D5E5F,
5959595B,
5D606465,
6A666260,
615F5B57,
4C48423C,
37363637,
28262421,
201F1F20,
292A3249,
69879BA3,
A9ACB1B4,
B2ADA7A3,
938D7C5F,
43373D48,
56657987,
8E959DA5,
A9AAADAF,
B0B1B1B0,
B0B0B1B2,
B2B3B4B4,
AFADA49C,
9D9E9382,
6E5E7182,
64485160,
5F402421,
2B323639,
322B2A2F,
2F2A2A31,
2F2C2C36,
4248433D,
2F2C2E39,
45463A2E,
35333336,
3D414140,
433E3A3C,
41403931,
262A2E2F,
2F303438,
332B2E3C,
263D5F1A,
29161F4A,
64594B4C,
54877D62,
86A28F7E,
71502C29,
3F4D5561,
5D7A7E5C,
44494F48,
2C2E2F2F,
3032363A,
3C3A3632,
2F2C2A2A,
3B37312B,
292A2E30,
2B2C2C2C,
2C2C2C2D,
37373941,
4B535656,
60677075,
7676787A,
7B787576,
7A7A7570,
6A4A2B22,
2A3A4D5E,
646D7980,
82838689,
86878788,
89898A8A,
888A8C8D,
8E8E8D8C,
8E8E8F90,
8F8E8C8B,
8E8F9090,
8F8E8C8A,
8B8B8B8A,
8A898989,
8A898786,
8687898A,
8A8A8B8B,
8C8D8D8E,
90909191,
92939394,
96969797,
9899999A,
9A9A9B9D,
9EA0A1A1,
A6A6A7A7,
A8A9A9AA,
ADAEB1B3,
B6B7B8B8,
BCBDBEC0,
C3C5C6C7,
C8C8C9CB,
CCCECFCF,
D2D2D3D4,
D4D5D6D6,
D6D6D7D8,
D8D9DADA,
D2DFC179,
4A4D5853,
535C5E58,
55595954,
55555554,
514E4B49,
4C4A4846,
45454546,
4949494A,
4A4A4A4A,
4E4E4F53,
5A626A6E,
7A81898C,
8D8E9297,
949AA3A9,
A9A39B95,
9099A7B5,
C2CDD4D8,
DCDAD7D4,
CEC3B4AA,
988D7D6F,
655C5550,
4C433F44,
47474D57,
5A595855,
524F4D4C,
4D535B63,
68696867,
5A5A5B5B,
5D5F6162,
59595A5B,
5E626567,
6A666160,
605E5955,
4A47423E,
3A393939,
2C2A2724,
21202020,
28283148,
69879BA3,
A9ACB1B4,
B3AFA9A4,
94918264,
45373D49,
56657987,
8E959DA5,
A9AAADAF,
B0B1B1B0,
B0B0B1B2,
B2B3B4B4,
AFADA59E,
A09F8F7A,
5D5A7380,
614B535B,
5C3E2323,
2F363635,
2F29292F,
2F28282E,
2E2F3440,
4A493D31,
302D2F3A,
47483D30,
36343235,
3C404241,
47413D3E,
43423B34,
2A2A2B2D,
30323333,
36322E3E,
2C2B4012,
2F1C1A35,
4F55575C,
4C808362,
6D939B8D,
9277412F,
4F636169,
627B8369,
4C3C3126,
2F30302E,
2E31373C,
403C3732,
2E2D2E2F,
37342E2A,
28292C2E,
2A2B2B2C,
2C2D2D2E,
38383B43,
4E565959,
646A7174,
74747679,
7C787679,
7C786D64,
53392425,
33435563,
69737F84,
8382868B,
87888889,
8A8A8B8B,
888A8C8D,
8E8E8D8C,
8D8E8F90,
908F8D8C,
8E8F9090,
8F8E8C8A,
8A8A8A8A,
8A8A8A8A,
8A898786,
8687898A,
89898A8A,
8B8C8C8D,
8F8F9090,
91929293,
95959696,
97989899,
999A9B9C,
9E9FA0A1,
A5A5A6A6,
A7A8A8A9,
ADAEB0B2,
B4B6B8B9,
BBBCBEC0,
C2C4C6C7,
C7C8C9CA,
CCCDCECF,
D2D2D3D4,
D4D5D6D6,
D6D6D7D8,
D8D9DADA,
D2DECB8F,
57475058,
575E605B,
5A5F5E57,
56565654,
524E4B49,
4E4C4A47,
45444444,
43434342,
42414141,
43424244,
4A525B60,
6D747B7E,
7E848E98,
9FA5ADB2,
B0A79C94,
949EAEBC,
C6CED5DA,
DAD8D5D2,
CBBEADA2,
8F857567,
5E564E49,
453C3B44,
4B4C4F56,
5553514F,
4E4E4F4F,
54596168,
6B6A6764,
5657595B,
5D5F6061,
5A5A5B5C,
5F626667,
6A66615F,
5F5C5853,
4644413E,
3B3A3939,
2B2A2826,
25242526,
26273047,
68879BA3,
A9ACB1B5,
B4B0AAA6,
96948668,
47373C49,
56657987,
8E959DA5,
A9AAADAF,
B0B1B1B0,
B0B0B1B2,
B2B3B4B4,
AFADA6A1,
A39F8A72,
4D58767B,
5C505753,
593B2326,
34393531,
2F29292F,
2E26252A,
2C37444A,
463D3633,
2F2C2E39,
45483D32,
3132343A,
4042403C,
49423C3C,
3F403A33,
332E2B2E,
35383430,
3B3C2C3D,
361F2D22,
312E2C2D,
35455967,
5D697B79,
72859183,
8F93694D,
6A766565,
636A706E,
614D382B,
2C2B2A2A,
2B2E3032,
3F3A342E,
2B2C2F31,
312F2C29,
28282A2B,
2A2A2B2C,
2C2D2E2E,
3B3B3F47,
525A5E5E,
656B7173,
73727577,
78757579,
7B746354,
3B2B222C,
3D4C5B67,
6D788488,
8482868C,
88888989,
8A8B8B8C,
888A8C8D,
8E8E8D8C,
8C8D8E90,
908F8E8D,
8E8F9090,
8F8E8C8A,
898A8A8A,
8A8A8A8B,
8A898786,
8687898A,
8889898A,
8B8B8C8C,
8E8F8F90,
91919292,
94959596,
97979898,
98999A9B,
9D9E9FA0,
A4A5A5A6,
A7A7A8A8,
AEAEAFB0,
B2B5B8B9,
BBBBBDBF,
C1C3C5C6,
C6C7C8C9,
CBCCCDCE,
D2D2D3D4,
D4D5D6D6,
D6D6D7D8,
D8D9DADA,
D5DED4A6,
6742495F,
5B60615D,
5E64625A,
5B5B5B5A,
57545250,
52504D4A,
47454545,
3D3D3C3B,
3A393838,
38363435,
3A424B50,
5B626A6E,
727D909F,
AFB4BABB,
B6AA9D94,
96A3B3C1,
C9CFD6DB,
D9D7D4D0,
C8BAA89B,
867C6C5F,
554E4742,
3F383947,
50515154,
514F4D4C,
4D505457,
5B5F676C,
6D6A6460,
595A5B5C,
5C5B5A5A,
5C5C5C5D,
5F626566,
6B66615F,
5E5B5652,
403F3D3B,
39383737,
28282726,
27292A2C,
25262F47,
68879BA3,
A8ACB1B5,
B4B0ABA7,
9696886A,
48363C49,
56657987,
8E959DA5,
A9AAADAF,
B0B1B1B0,
B0B0B1B2,
B2B3B4B4,
AFADA8A4,
A5A0876C,
42587977,
5953594E,
573A2328,
373B352F,
2F292A2F,
2E252327,
2A3E514F,
3E30323A,
2E2B2C36,
43463D32,
2C2F3740,
46453D36,
4A423A39,
3C3D3732,
3A322B2F,
393D362E,
3F44293B,
3E1B2637,
313F3F2B,
1F304F65,
72556F91,
837D8372,
7B9E8667,
7D80635B,
584E5163,
6B5B4233,
2F2D2B2C,
2F313130,
3C37312B,
292A2E31,
2D2C2A29,
28282929,
292A2A2B,
2D2E2E2F,
3F3F424B,
565F6262,
666B7072,
71717376,
74727277,
7A6F5A49,
2C232332,
44515E69,
6F7B878A,
8582868C,
8888898A,
8A8B8C8C,
888A8C8D,
8E8E8D8C,
8B8C8E8F,
908F8E8D,
8E8F9090,
8F8E8C8A,
8989898A,
8A8B8B8B,
8A898786,
8687898A,
8888898A,
8A8B8C8C,
8E8E8F90,
90919292,
94949596,
96979898,
98999A9B,
9D9E9FA0,
A4A4A5A6,
A6A7A8A8,
AEAEAEAF,
B1B5B7B9,
BABBBDBF,
C1C3C5C6,
C6C7C8C9,
CBCCCDCE,
D2D2D3D4,
D4D5D6D6,
D6D6D7D8,
D8D9DADA,
D9DEDAB6,
73414665,
5C62625E,
6066645B,
62626262,
605D5A59,
5654504C,
49474746,
39383736,
34333231,
302E2C2C,
30374045,
4E565E63,
6A7B93A7,
BBBFC2C2,
BAAC9E95,
98A5B6C3,
CAD0D7DC,
D8D6D4D0,
C7B8A598,
80756659,
4F48413C,
3C363949,
54545253,
504E4C4C,
4E545A5D,
5E636A6E,
6E6A635E,
5E5E5E5C,
5A575553,
5E5E5D5E,
5F626465,
6B66615E,
5D5B5651,
3C3B3A38,
37363534,
36322E2B,
2B2F3438,
3A333951,
6D8396A5,
A8ACB2B6,
B6B3AEAA,
AD9B846A,
4F3D404D,
5B667786,
8F969CA0,
A9AAADAF,
B0B1B1B0,
ADABAAAD,
B3B6B5B3,
B2B4AFA7,
A69F8160,
54587782,
5E424345,
3F312425,
3037332C,
2A2B2C2E,
2F2F2F2F,
3C424540,
36323840,
39343339,
4142382D,
2D2E3542,
4D4C4135,
4234393D,
33373C2E,
3B3D3C38,
312C2B2D,
26303A3B,
342E2F33,
3E302C31,
2B202A40,
6969676F,
889C947D,
5687997C,
6E7A6C47,
63583540,
7670494A,
25282A2A,
2B2F373D,
2E2E2F30,
31323233,
312D2A2C,
30302A24,
23292E2E,
2A2A2F34,
4243454A,
525B6368,
65717772,
6F747776,
74717176,
7665452C,
262B323B,
46576975,
7E808386,
898A8B8B,
8B8B8B8A,
8A898989,
8A8A8A8A,
8A8A8A8A,
8B8E8F8E,
8B8C9094,
90909090,
90909090,
8E8E8D8C,
8C8B8A8A,
8687898A,
8A898786,
8B8D8E8C,
88868789,
908F8E8E,
8F909294,
94949596,
96979898,
9C9C9D9E,
9E9FA0A0,
9E9FA1A3,
A5A7A9AA,
AEADADAD,
AFB1B4B5,
BABBBDBF,
C1C3C5C6,
C6C7C8C9,
CBCCCDCE,
CECECFD0,
D0D1D2D2,
D6D6D7D8,
D8D9DADA,
DCDEDDC8,
925B4A55,
5C5E6164,
67696969,
63626260,
5E5A5755,
58565350,
4B474443,
433F3A38,
3836312D,
272C2F2E,
29282D33,
363F4C5C,
6E87A2B5,
C7C4C1BD,
B9B2AAA4,
9DA9B9C6,
CDD1D4D6,
D7D5D3CE,
C3B09A8B,
72685A4E,
46403A35,
3C3E4247,
4B4E5051,
514D4948,
4C545D63,
60646A6E,
6F6C6764,
54545556,
56575858,
5B5D6063,
64656565,
6262615E,
59524C48,
3F3E3C39,
36343231,
2E303336,
383A3B3B,
3D363B52,
6C8092A1,
A9ADB3B7,
B8B5B0AC,
AB9A836B,
503D404D,
5B667786,
8F969CA0,
A9AAADAF,
B0B1B1B0,
ADABAAAE,
B3B6B6B4,
B1B2ADA6,
A49B7F60,
565C7B85,
61454341,
3D312628,
32373229,
2A2A2A2B,
2D313436,
353A3E3A,
3330373F,
332E2C33,
3D403B33,
2D2F3642,
4B4A4036,
4334393E,
33383D2E,
3A3B3B37,
302C2C2D,
282A3139,
3E3B322A,
31303130,
271F2736,
3D546870,
7B8D9A9D,
74666E87,
84665A65,
475E5959,
70614348,
28282729,
2D323739,
2A2B2C2E,
30313333,
302D2A2B,
2F2F2A25,
24282C2C,
2A2C3339,
4445484E,
555E656A,
66727772,
70757775,
787B7C76,
664F382A,
272E3843,
505F6F7A,
7E808386,
898A8B8B,
8B8A8A8A,
8A8A8A89,
8A8A8A8A,
8A8A8A8A,
8B8E8F8E,
8B8C9094,
90909090,
90909090,
8E8E8D8C,
8C8B8A8A,
8788898A,
8A898887,
8A8D8E8C,
8886878A,
8F8F8E8E,
8E909293,
94949595,
96979798,
9C9C9D9D,
9E9F9FA0,
9E9FA1A3,
A5A7A9A9,
AFAEAEAE,
B0B2B5B6,
BABBBDBF,
C1C3C5C5,
C6C7C8C9,
CBCCCDCE,
CECECFD0,
D0D1D2D2,
D6D6D7D7,
D8D9D9DA,
DDDADBCE,
9D604A56,
5B5D6064,
67686969,
64646463,
605D5A58,
5A595652,
4E4A4746,
45403B39,
3835302C,
2B2D2D29,
25262D34,
333B495F,
7994ABB9,
CAC8C6C1,
BBB1A7A0,
9FABBBC8,
CFD2D5D7,
D5D3CEC8,
BDAB9788,
6B615348,
423E3A37,
3F42474C,
50525252,
4D4B4849,
4D565F65,
64676B6D,
6C68635F,
55555556,
56565656,
5A5C6063,
66676767,
6362605D,
57504946,
3C3B3A38,
37373636,
2B323B44,
48474440,
433C4154,
6A7B8D9C,
AAAEB4B9,
BAB7B2AF,
A899846C,
523E404B,
5B667786,
8F969CA0,
A9AAADAF,
B0B1B1B0,
ADABABAE,
B4B7B6B4,
B0AFAAA5,
A1967B61,
5961818A,
664A443C,
3A31292C,
34372F27,
2C2C2C2E,
3134383B,
2C313534,
2F2F363D,
2E29272C,
373E3D3A,
2E323942,
47463F39,
44353A3F,
35393E30,
37393935,
2F2C2C2E,
2A252634,
45473725,
25364036,
28262B2E,
263C5361,
70879CA7,
A0766E8E,
8C604D61,
4B6F7771,
7B715448,
2D282428,
30363633,
28282A2B,
2D2F3031,
2F2C2A2A,
2C2D2A27,
26282A2A,
2B313A41,
47494D53,
5A62696D,
68737772,
71767874,
797F7E6D,
51392E2D,
2831404F,
5C6A7780,
7F818487,
898A8A8A,
8A8A8A8A,
8A8A8A8A,
8A8A8A8A,
8A8A8A8A,
8B8E8F8E,
8B8C9094,
90909090,
90909090,
8E8E8D8C,
8C8B8A8A,
8788898A,
8A898887,
898C8E8C,
8886888B,
8F8E8D8D,
8E909193,
93949495,
96969797,
9B9C9C9D,
9E9E9F9F,
9D9EA0A2,
A4A6A8A9,
B0B0AFB0,
B1B4B6B8,
B9BABCBE,
C0C2C4C5,
C5C6C7C8,
CACBCCCD,
CECECFD0,
D0D1D2D2,
D5D6D6D7,
D8D8D9D9,
DED4D7D8,
AE6B4D56,
5A5C5F63,
66686969,
67676766,
64615E5C,
5D5C5956,
524F4C4B,
48433E3A,
38352F2A,
2D2D2B26,
23252B31,
2E344564,
88A7B9C0,
CCCDCBC5,
BBADA19A,
A2AEBECB,
D1D5D7D9,
D4D1CBC3,
B5A28C7D,
6055483E,
3B3B3B3A,
43474D52,
55545251,
4948484A,
50596166,
6A6B6B6A,
67615C58,
56565655,
55555454,
585B6065,
696A6A69,
63625F5A,
544D4743,
3B3A3938,
38393A3B,
383D464E,
51504C48,
4A444858,
69778998,
AAAFB5BA,
BBB9B4B1,
A6988570,
5541404B,
5B667786,
8F969CA0,
A9AAADAF,
B0B1B1B0,
AEACACAF,
B4B8B7B5,
AFACA8A4,
9E907863,
5D67868D,
694F4537,
36302C2F,
35362F27,
30323639,
3A3A3837,
282C3030,
2F31383E,
312C282B,
333A3E3E,
30353D42,
43403D3C,
45373C40,
363A3F31,
33363633,
2E2B2C2E,
2C25242F,
3F443B2F,
23414F40,
3032332D,
342F3043,
65849292,
95968E81,
7A735E47,
68756E65,
7A8A714B,
31282328,
3339342D,
2A2A2A2A,
2A2A2A2A,
2D2B2929,
2A2B2B2A,
29282829,
2E374249,
4A4D5258,
60676D70,
6C747772,
72787872,
7978705B,
412F2B2E,
2A36495A,
67727C82,
80828487,
89898989,
8989898A,
8A8B8B8B,
8A8A8A8A,
8A8A8A8A,
8B8E8F8E,
8B8C9094,
90909090,
90909090,
8E8E8D8C,
8C8B8A8A,
88898A8B,
8B8A8988,
888B8D8C,
8887898C,
8E8D8D8C,
8D8F9192,
92939394,
95959696,
9A9B9B9C,
9D9D9E9E,
9D9E9FA1,
A4A6A7A8,
B1B0B0B0,
B2B4B7B8,
B9BABBBD,
C0C2C3C4,
C5C5C6C8,
C9CBCCCC,
CECECFD0,
D0D1D2D2,
D4D5D5D6,
D7D7D8D8,
DED0D5E0,
BF7D5555,
585A5E62,
6668696A,
6A6A6A6A,
68656361,
61605D5A,
57545250,
4C47413D,
3A36302B,
2C2C2B29,
27262728,
292E4268,
96B8C5C6,
CCCECDC5,
B7A79A93,
A7B2C1CD,
D3D5D7D8,
D3D0CBC1,
AF957967,
53493D36,
363A3C3E,
45494E53,
54524F4C,
4546494E,
555D6469,
6F6D6A66,
605A5552,
56565555,
54535353,
565A6167,
6C6D6C6B,
64625E58,
514A4542,
3F3E3B39,
38393B3C,
4D4F5153,
53535150,
524D515E,
6B758798,
A9AEB5BA,
BCB9B5B2,
A5988874,
5B45434C,
5B667786,
8F969CA0,
A9AAADAF,
B0B1B1B0,
AFADACB0,
B5B8B8B6,
B0AAA7A5,
9D8B7567,
5F6B898C,
6A544834,
322E2C2F,
3435302A,
343A4146,
443D342D,
2B2D2F30,
3134393D,
38342F2D,
31373B3D,
32394142,
3E3A3C3F,
47393E42,
383C4133,
30323331,
2D2B2C2F,
2E2C2A2B,
2F363C3F,
28445243,
3637352D,
372A2432,
4F6C7F88,
6C8E967E,
78857550,
706B5C4F,
5D7F7F5D,
322A2529,
34383229,
2F2E2D2A,
28262423,
2B2A2928,
27282B2D,
2C29282B,
333E474D,
4C50555D,
646B7072,
6F757672,
747A7870,
7D6E5844,
362E2927,
303D5163,
6F777E82,
81838587,
88898888,
8888898A,
8A8B8C8C,
8A8A8A8A,
8A8A8A8A,
8B8E8F8E,
8B8C9094,
90909090,
90909090,
8E8E8D8C,
8C8B8A8A,
898A8B8C,
8C8B8A89,
878A8C8B,
89888A8D,
8D8D8C8C,
8C8E9091,
92929393,
94959596,
9A9A9B9B,
9C9D9D9E,
9C9D9EA0,
A3A5A6A7,
B0AFAFAF,
B1B3B6B7,
B8B9BABC,
BFC1C2C3,
C4C4C5C7,
C8CACBCB,
CECECFD0,
D0D1D2D2,
D4D4D5D5,
D6D7D7D8,
DBD1D6E2,
CC936352,
56585D61,
6568696A,
6B6C6C6C,
6B686665,
6362605D,
5B585655,
514B4541,
3E3A342F,
2B2C2E2F,
2E2A2420,
262B416B,
9DC0CBC9,
CACDCCC3,
B2A19792,
ACB7C5CF,
D3D3D4D5,
D2CFC8BB,
A484624C,
473F3733,
353B3E40,
46494C4F,
4F4C4946,
45484D53,
5B62676B,
706D6760,
5A54514F,
54545454,
53535353,
575C636A,
6E6F6D6C,
64615C56,
504B4745,
47443F3A,
3838393B,
5E5C5A57,
55555556,
58555964,
6D76889A,
A7ACB3B8,
BBB9B5B2,
A59A8C7A,
614A464F,
5B667786,
8F969CA0,
A9AAADAF,
B0B1B1B0,
B0AEADB0,
B6B9B9B7,
B2AAA7A7,
9D88746C,
616D8887,
68574C34,
2F2C2B2D,
32353432,
373C4448,
453B3028,
30303031,
32353739,
3B383330,
30333739,
333D4442,
39353A42,
483A3F43,
393E4334,
2C2F312F,
2C2B2D2F,
3234322B,
24293947,
32404740,
3834312D,
24293035,
3745688A,
7784949D,
998B7A6E,
6A636458,
4F6C8679,
302C292D,
33342F29,
31302E2B,
28262423,
28292927,
24262B30,
2E2B2A2F,
39434A4D,
4D515860,
676D7173,
72777672,
757C786F,
79604231,
2F2F2B24,
3D495C6B,
747A7E81,
82838587,
88888787,
86878889,
8B8C8D8E,
8A8A8A8A,
8A8A8A8A,
8B8E8F8E,
8B8C9094,
90909090,
90909090,
8E8E8D8C,
8C8B8A8A,
8A8B8C8D,
8D8C8B8A,
86898C8B,
89888B8E,
8D8C8B8B,
8C8D8F90,
91919292,
93949495,
99999A9A,
9B9C9C9D,
9B9C9EA0,
A2A4A6A7,
AEADADAD,
AFB1B4B5,
B7B8BABC,
BEC0C2C3,
C3C4C5C6,
C8C9CACB,
CECECFD0,
D0D1D2D2,
D3D3D4D4,
D5D6D6D7,
D7D6DADE,
D1AA744D,
54575B60,
65686A6A,
6B6C6C6D,
6C6A6867,
6463615F,
5C5A5958,
544F4946,
44413B36,
31303031,
312D251E,
252C436C,
9CBEC9C8,
CACDCCC0,
AFA09A99,
B2BBC8D0,
D1CFCECE,
CDC7BAA8,
8F6E4E38,
3F3A3535,
393E4141,
49494A49,
48464443,
484C525A,
61676A6C,
6E6A625B,
55515050,
50515152,
53545555,
595E666D,
71706D6A,
64615C56,
514D4B4A,
4B47413B,
38383A3C,
62615F5D,
5B595958,
5D5B5F69,
70788A9D,
A4A9B0B6,
B9B7B4B1,
A69C907F,
664F4A51,
5B667786,
8F969CA0,
A9AAADAF,
B0B1B1B0,
B0AEAEB1,
B6BAB9B7,
B4ABA8A9,
9E867570,
616D8581,
64584F35,
2C2A282A,
2F35383A,
36393C3D,
3A352F2B,
35333030,
31323232,
35353331,
2F303336,
353F4742,
35313944,
4A3B4045,
3A3F4435,
292C2F2E,
2B2A2D30,
3638362D,
24263340,
453E3D40,
3E353133,
2329343A,
3637506F,
847D89A5,
AB94807C,
6A55636F,
64748571,
2D2E2F31,
312F2C2A,
2D2D2C2C,
2B2A2929,
27292926,
22242B32,
2F2D2D34,
3F484B4B,
4C515861,
696E7172,
75787672,
767D786D,
5E482D23,
2A353937,
4D586773,
7A7D8083,
83848687,
88878686,
86868889,
8B8C8E8E,
8A8A8A8A,
8A8A8A8A,
8B8E8F8E,
8B8C9094,
90909090,
90909090,
8E8E8D8C,
8C8B8A8A,
8A8B8C8D,
8D8C8B8A,
85888B8B,
89898C8F,
8C8B8A8A,
8B8D8F90,
90919192,
93939494,
9899999A,
9B9B9C9C,
9B9B9D9F,
A1A3A5A6,
ABABAAAB,
ACAFB1B3,
B7B7B9BB,
BDBFC1C2,
C2C3C4C5,
C7C8C9CA,
CECECFD0,
D0D1D2D2,
D2D3D3D4,
D5D5D6D6,
D3DEDFD7,
D2BE8448,
53555A60,
64686A6B,
6A6B6C6C,
6C6A6867,
6363615F,
5D5B5A59,
56524D4A,
4947423D,
3D362F2C,
2D2D2925,
262F466C,
96B6C4C6,
CCCFCDC0,
AFA3A2A6,
B6BFC9CF,
CFCBC8C7,
C7BAA48B,
72584132,
3A383639,
3F434341,
4F4C4945,
43434344,
4C505860,
676B6C6D,
6A655E56,
51505152,
4D4E4F51,
53555758,
5C616970,
72706C68,
63605B56,
52505050,
4A46403A,
393A3E41,
5F606162,
605E5B59,
5F5E636C,
737A8CA0,
A2A7AFB5,
B8B6B3B0,
A79E9282,
6A524C53,
5B667786,
8F969CA0,
A9AAADAF,
B0B1B1B0,
B1AFAEB1,
B7BAB9B7,
B6ACA9AB,
9F867573,
616D837D,
61595136,
2B292728,
2E353B3F,
35343231,
30303030,
3734302E,
2F2F2E2C,
2E30302F,
2E2E3134,
35414842,
332E3946,
4A3C4145,
3B3F4436,
282B2E2D,
2B2A2D30,
39393730,
29292F36,
56413A44,
4639343D,
372A2938,
43403F45,
63646F86,
9EA5937D,
6C3E4972,
7D867948,
2B2F3333,
2F2C2B2B,
29292A2C,
2D2E2F30,
26282925,
21232B33,
302E2F37,
424A4B48,
4C515961,
696E7172,
76787672,
777E786D,
40301F1C,
293C4A50,
59626F79,
7D808385,
83858687,
88878685,
85868789,
8B8D8E8F,
8A8A8A8A,
8A8A8A8A,
8B8E8F8E,
8B8C9094,
90909090,
90909090,
8E8E8D8C,
8C8B8A8A,
8A8B8D8E,
8E8D8B8A,
85888B8B,
89898C8F,
8C8B8A8A,
8B8C8E8F,
90909192,
92939494,
9898999A,
9A9B9C9C,
9A9B9D9F,
A1A3A5A6,
A9A9A9A9,
ABADB0B1,
B6B7B9BB,
BDBFC1C2,
C2C3C4C5,
C7C8C9CA,
CECECFD0,
D0D1D2D2,
D2D2D3D4,
D4D5D6D6,
D0E3E2D2,
D1C98E45,
52555A5F,
64686A6B,
696A6B6C,
6B6A6967,
6362615F,
5D5B5A59,
58534F4D,
4D4B4642,
473B2D26,
282C2D2C,
2631486B,
91AFBFC4,
CFD2CFC2,
B1A7AAB0,
B9C1CACF,
CDC8C4C3,
C2B09275,
5C4A3C34,
3837383D,
43464441,
534F4944,
41424446,
4F545C64,
6A6D6E6D,
67625A53,
4F505255,
4A4B4E50,
5356585A,
5D636B71,
73706B67,
63605B57,
54535354,
47433E3A,
3A3D4346,
56585958,
5555595C,
6365686B,
7380919D,
A3A7ADB3,
B8BABBBA,
AFA29487,
735A4C4A,
5C667480,
8A939CA2,
A6ABAFB0,
AFAEB0B3,
AFB0B3B5,
B6B7B7B6,
B7ABA7AB,
A1866F68,
62767B6C,
64635339,
2B303535,
312E2D2E,
2D2D2F32,
3534312D,
312A282E,
32323842,
3834302F,
302F2C28,
302C313C,
3A333C4F,
463F3C3E,
3A33363F,
38393228,
2830312B,
2B384441,
342B2E35,
4F293955,
3E313A33,
3F424541,
3B3C4958,
5036466E,
78798EA0,
846C5F63,
5B42363C,
33343333,
312E2B2A,
31302E2D,
2C2D2E2F,
23211F1F,
22282E32,
2729303B,
464D4F4D,
47586B72,
6F6F7983,
7A716C70,
77725D49,
27242224,
2E3E4F59,
69717A80,
81828385,
84848586,
86878888,
86888A8B,
8C8C8B8A,
8C8D8D8E,
8F8F9090,
8A8A8B8C,
8C8D8E8E,
92929190,
908F8E8E,
92929190,
908F8E8E,
8C8C8B8A,
8A898888,
85868789,
8B8D8E8F,
8E8E8E8E,
8E8E8E8E,
94939292,
93949698,
96969596,
979A9C9E,
9D9EA1A3,
A4A5A5A4,
A2A4A7AA,
ADAFAFAF,
B6B6B6B7,
BABDC0C2,
C0C1C3C5,
C7C9CBCC,
CCCDCECF,
D1D2D3D4,
D2D3D5D6,
D6D5D3D2,
D1D5DED9,
D2D3A95F,
4E4E5F65,
5A636F65,
6D6E6E6E,
6D6B6968,
65656463,
605D5A58,
54535351,
4E4A4744,
3F3B342E,
2A2A2B2C,
383F4E69,
89A7BCC6,
CFCDC8C2,
BDBAB7B6,
C3C4C7CB,
CCC6BCB4,
AD947153,
413A3735,
39332F32,
3C454848,
4F48403F,
43484846,
545A636A,
6D6C6764,
5D5A5550,
4D4C4D4E,
514F4D4D,
50565C60,
65696E72,
736F6A67,
625E5A58,
5857524E,
48423B38,
3A3D3D3D,
55575A59,
57585C60,
64686C70,
7884929D,
A5A8AEB3,
B7B8B8B8,
AFA29487,
735B4D4B,
5C667480,
8A939CA2,
A6ABAFB0,
AFAEB0B3,
AFB0B3B5,
B6B7B7B6,
B5ABA8AC,
A2866C61,
68797B6C,
625F4E36,
2B303434,
312E2E2F,
2C2C2E31,
3333302E,
322A292F,
32323842,
3A363231,
33322F2C,
312E2E32,
33353D48,
463D3839,
37333943,
45413529,
2A323129,
2B323B43,
433C3028,
3C2B3B51,
46343539,
353A4751,
493B3E4C,
513C3953,
635C627C,
7E747371,
5732252F,
33333332,
302E2C2A,
31302E2C,
2C2C2D2E,
24232223,
252A2E31,
32363E45,
4B505354,
5C656D6F,
6D6E757D,
6D747B7C,
715A3F2E,
2424252C,
38485862,
6C737B80,
81818284,
84848586,
86878888,
86888A8B,
8C8C8B8A,
8B8B8C8D,
8D8E8F8F,
8A8A8B8C,
8C8D8E8E,
93939291,
8F8E8D8D,
92929190,
908F8E8E,
8C8C8B8B,
8A898988,
86878889,
8B8D8E8F,
8E8E8E8E,
8E8E8E8E,
93939292,
92949697,
96959595,
97999C9D,
9C9EA0A3,
A4A5A4A4,
A2A4A7AA,
ADAEAEAE,
B5B5B6B7,
B9BCBFC1,
C0C1C3C5,
C7C9CBCB,
CCCDCECF,
D1D2D3D4,
D2D3D5D6,
D6D5D3D2,
D1D4DDD8,
D2D6B26E,
504C5B63,
59626E65,
6D6D6E6E,
6D6B6968,
64646462,
605E5C5A,
55555452,
4F4B4846,
45413B35,
32313233,
383E4B64,
84A3B9C4,
CECDCAC6,
C2BFBCBB,
BFBFC1C3,
C1B9ADA4,
9581634B,
3D383735,
38343236,
3F464847,
4A443F41,
484E5050,
565B6369,
6B68635F,
5C595450,
4D4C4D4E,
504F4E4F,
53595F63,
676B6F72,
716D6864,
605C5755,
55534E4A,
45403B3B,
3F434544,
52565A5B,
5B5C6065,
686C7278,
7E88949D,
A8ABAFB3,
B6B6B5B4,
AFA29488,
745C4E4C,
5C667480,
8A939CA2,
A6ABAFB0,
AFAEB0B3,
AFB0B3B5,
B6B7B7B6,
B2ABAAAC,
A2866756,
717D7C6B,
5E584731,
2C303333,
302E2F31,
2B2C2F30,
3130302F,
332C2A2F,
32323842,
3B373332,
34353331,
30302D29,
2F3B403E,
473B3232,
33343E4A,
544A3829,
2B343227,
2A2A3245,
56523A23,
28313A4A,
533E2E3A,
2F304662,
5D3F333D,
5654434E,
67524467,
7E86928D,
66372731,
33323130,
2F2D2C2B,
31302E2C,
2B2B2C2D,
25262729,
2B2C2E2F,
313A4346,
46474D53,
68686869,
6C71777B,
6D787F73,
56382620,
24282F39,
4857646C,
71777E81,
807F8082,
84848586,
86878888,
86888A8B,
8C8C8B8A,
89898A8B,
8B8C8D8D,
8A8A8B8C,
8C8D8E8E,
95949391,
8F8D8C8B,
92929190,
908F8E8E,
8D8C8C8B,
8A8A8989,
8788898A,
8C8D8E8E,
8D8D8D8D,
8D8D8D8D,
93929191,
92949597,
95959495,
96999B9D,
9C9DA0A2,
A4A4A4A3,
A2A4A7AA,
ACADADAD,
B4B4B4B6,
B8BBBEC0,
BFC0C2C4,
C6C8CACB,
CBCCCDCE,
D0D1D2D3,
D2D3D5D6,
D6D5D3D2,
D2D3DBD8,
D2D9C086,
564B555F,
58616D65,
6B6C6D6D,
6C6B6968,
63636261,
605F5F5E,
57575654,
514E4A48,
4B48433F,
3C3B3C3D,
3C3F4A60,
7F9EB6C2,
CDCDCCCB,
C9C6C4C2,
BBBAB9B7,
B2A6978C,
74665241,
39363636,
3636373C,
43474644,
44414044,
4C54595A,
5B5F6568,
68645F5B,
5956524E,
4C4C4D4E,
4E4E4F51,
565D6468,
6C6E7071,
6F6A6461,
5E5A5552,
524F4A45,
413E3C3E,
44494A4A,
4D52585C,
5E61666A,
6B71787E,
848B959C,
AAACB0B3,
B4B4B2B0,
AFA19488,
755D504E,
5C667480,
8A939CA2,
A6ABAFB0,
AFAEB0B3,
AFB0B3B5,
B6B7B7B6,
B1ACABAC,
A388644B,
777E7B6B,
5D513F2D,
2C2F3232,
2F2E3033,
2B2D3030,
2F2E3032,
352D2B30,
33323842,
3B363130,
32343331,
2E32302D,
37464437,
49392D2C,
31374351,
5A4D3728,
2B353327,
27263048,
5F604A32,
253A353E,
5D4C2B33,
372D4066,
6B4A3335,
4C685E65,
825C3960,
6F7D9091,
72483334,
32312F2E,
2D2D2D2D,
31302E2B,
2A2A2A2B,
26282A2D,
2E2F2F2E,
313C4749,
4546505A,
65626168,
737B7D7B,
7270654C,
30202129,
2F343E4A,
58646D71,
767A7F81,
7F7E7F81,
84848586,
86878888,
86888A8B,
8C8C8B8A,
88888989,
8A8B8B8C,
8A8A8B8C,
8C8D8E8E,
95959391,
8F8D8B8B,
92929190,
908F8E8E,
8E8D8D8C,
8B8B8A8A,
89898A8B,
8C8D8E8E,
8C8C8C8C,
8C8C8C8C,
92919190,
91939596,
94949494,
96989A9C,
9B9C9FA1,
A3A3A3A3,
A2A4A7A9,
ABACABAB,
B3B3B3B4,
B6B9BCBE,
BFC0C1C3,
C6C8C9CA,
CBCBCCCE,
CFD1D2D2,
D2D3D5D6,
D6D5D3D2,
D3D1D9D8,
D2DCCDA0,
604C505B,
575F6B64,
696A6B6C,
6C6B6968,
63636261,
60616162,
5A5A5957,
54514D4B,
4F4D4A47,
45444545,
43444C60,
7E9DB6C3,
CCCDCFD0,
CFCCC8C5,
BAB6B1AB,
A2938377,
5B53473C,
36343536,
36393E43,
47474542,
40414247,
4E565B5E,
6365686A,
68635D59,
55534F4C,
4B4C4E4F,
4D4E5155,
5B62696C,
70717170,
6C67615D,
605B5652,
514D4843,
3F3D3D41,
46494846,
464D565C,
61656A6F,
6E737A7F,
848B949B,
AAACB0B2,
B3B2B0AF,
AFA19489,
765F5150,
5C667480,
8A939CA2,
A6ABAFB0,
AFAEB0B3,
AFB0B3B5,
B6B7B7B6,
B0AEACAB,
A38B6546,
787C7A6D,
5E4D3A29,
2C2F3130,
2E2E3235,
2C303332,
2E2E3236,
372F2C31,
34323841,
3A352E2C,
2E30302F,
2C32363C,
464E473A,
4D392A2A,
313A4856,
574C3828,
2A34332A,
23273449,
5D62584C,
31403034,
5C58312A,
4532395B,
6A553D37,
3969727E,
9563334E,
4E535F6C,
67513729,
31302D2C,
2B2C2D2E,
32302D2B,
29282929,
26272A2D,
30303030,
3B455053,
50535F6B,
6764666F,
7A7E7871,
5C4F3B27,
1C1D272F,
4146505A,
646B6F71,
797D8081,
7E7D7F82,
84848586,
86878888,
86888A8B,
8C8C8B8A,
88888989,
8A8B8B8C,
8A8A8B8C,
8C8D8E8E,
94949291,
8F8E8C8C,
92929190,
908F8E8E,
8E8E8D8D,
8C8B8B8A,
8B8B8C8C,
8D8D8E8E,
8C8C8C8C,
8C8C8C8C,
91919090,
90929495,
93939393,
95979A9B,
9A9C9EA0,
A2A2A2A2,
A3A4A6A9,
AAAAAAA9,
B1B1B1B2,
B5B8BBBD,
BEBFC0C2,
C5C7C8C9,
CACACBCD,
CED0D1D1,
D2D3D5D6,
D6D5D3D2,
D4D1D9D9,
D3DDD7B5,
6E504C58,
575D6863,
67686A6B,
6B6B6969,
66646260,
60616364,
5E5D5D5B,
5854514E,
504F4E4C,
4B4B4B4B,
4C4C5466,
83A1B9C5,
CBCED2D4,
D2CDC7C3,
B7B0A69B,
8F807166,
4E4A433B,
36343537,
383D4449,
49474543,
4144474B,
4F555A5D,
696B6C6B,
68625C58,
514F4C4A,
4A4B4E50,
4E505459,
60676C70,
7372716F,
6A645F5B,
635E5854,
514D4742,
403F3F42,
4645403C,
3E46525B,
61676D71,
7074787C,
80879199,
A9ABAFB2,
B3B2B0AE,
AEA19489,
77605352,
5C667480,
8A939CA2,
A6ABAFB0,
AFAEB0B3,
AFB0B3B5,
B6B7B7B6,
B1B1ADA8,
A3906945,
74777770,
614C3628,
2C2E302F,
2D2E3338,
2F343734,
2F2E353C,
39312E32,
34323841,
3D362E2A,
2B2D2D2C,
2F2E3849,
524E494A,
513C2B2C,
353F4C58,
544F402F,
2A30312C,
242A3748,
575D5A55,
3F42322F,
4D5A442E,
453A3B4B,
58534842,
3E64788E,
9F754142,
43373446,
5B5B4127,
312E2C29,
292B2E30,
32302D2A,
28272727,
2425272A,
2E313334,
40474E51,
5358636C,
706E6D6F,
716C6056,
352B211F,
252D3232,
53585F66,
6C6F7071,
7A7D8080,
7E7E8185,
84848586,
86878888,
86888A8B,
8C8C8B8A,
89898A8B,
8B8C8D8D,
8A8A8B8C,
8C8D8E8E,
91919190,
908F8F8F,
92929190,
908F8E8E,
8F8F8E8E,
8D8C8C8B,
8D8D8D8D,
8D8D8D8D,
8B8B8B8B,
8B8B8B8B,
91908F8F,
90919394,
93929292,
9496999A,
999B9DA0,
A1A2A1A1,
A3A4A6A8,
A9A9A8A7,
B0AFB0B1,
B3B6B9BB,
BDBEC0C2,
C4C6C8C9,
C9CACBCC,
CECFD0D1,
D2D3D5D6,
D6D5D3D2,
D5D1DBDC,
D3DBDBC2,
7E564B58,
585C6561,
6667696A,
6B6A6A69,
69676360,
5F606264,
6161605E,
5B575451,
52525251,
51515150,
51535B6E,
89A4BAC5,
CBCFD4D5,
D2CAC0BA,
ADA39384,
776A5E57,
4847423C,
3634383C,
3C42494B,
49464545,
44494E52,
54575C60,
6B6B6B69,
65605A57,
4E4C4A48,
494B4E50,
5053585E,
646A6E71,
7372706D,
68635E5B,
65605954,
504B453F,
42424345,
47433B35,
37414E59,
61686E73,
72737576,
79828E97,
A6A9ADB1,
B2B2B1AF,
AEA1948A,
78615453,
5C667480,
8A939CA2,
A6ABAFB0,
AFAEB0B3,
AFB0B3B5,
B6B7B7B6,
B3B3ADA6,
A3946F48,
6D707573,
654D3527,
2C2E2F2E,
2D2F3439,
32373B37,
30303841,
3A322F33,
35333841,
433B322C,
2B2D2D2C,
362A334E,
53454A61,
553F2E2F,
3A434E58,
55574E3A,
2C2C2E2C,
282B3545,
54585047,
453F3B32,
35535B40,
33414740,
3D464E50,
4F526386,
9F8F6547,
543B2834,
54624C2E,
302E2A28,
282B2E31,
32302D2A,
27262626,
23222326,
2A303639,
47484A4D,
52595F63,
6D69625B,
52483D36,
2523242C,
3843494A,
6062676C,
70727373,
7A7D807F,
7E7F8388,
84848586,
86878888,
86888A8B,
8C8C8B8A,
8B8B8C8D,
8D8E8F8F,
8A8A8B8C,
8C8D8E8E,
8E8E8F90,
90919292,
92929190,
908F8E8E,
908F8F8E,
8D8D8C8C,
8E8E8E8E,
8E8D8D8D,
8A8A8A8A,
8A8A8A8A,
908F8E8E,
8F919394,
92929192,
9396989A,
999A9D9F,
A1A1A1A0,
A3A4A6A8,
A8A8A7A6,
AEAEAFB0,
B2B5B8BA,
BDBDBFC1,
C3C5C7C8,
C8C9CACB,
CDCECFD0,
D2D3D5D6,
D6D5D3D2,
D6D1DDDF,
D3D8DAC7,
8D5C4C59,
595C6360,
64666869,
6A6A6A69,
6D6A6560,
5E5F6163,
63636260,
5D595654,
54555657,
58575756,
53565F73,
8DA6B8C1,
CCD0D4D5,
CFC4B7AF,
9E907C69,
5C534C47,
4242403A,
35353D44,
40464C4C,
48454648,
474D555A,
5B5E646A,
68676664,
605B5654,
4B494747,
484B4E51,
53565B61,
676C6F71,
73726F6B,
67625E5C,
645E5751,
4D47403A,
4344464A,
4B463D35,
333D4C58,
61686E73,
72737272,
757E8B95,
A5A8ACB0,
B2B3B1B0,
AEA1948A,
78625554,
5C667480,
8A939CA2,
A6ABAFB0,
AFAEB0B3,
AFB0B3B5,
B6B7B7B6,
B5B4ADA5,
A297724B,
686C7375,
694E3527,
2C2E2F2D,
2C2F353A,
343A3D39,
31313A44,
3B332F34,
35333841,
4840352E,
2D2E2D2D,
3C272E4D,
4F3C4A72,
57413032,
3D464F58,
59605943,
2F2A2B2B,
2C2B3243,
54554533,
443C4436,
244B6B51,
2044533C,
2A394F58,
5237426F,
939D7E4C,
6243252A,
4A5D4C2E,
302D2927,
272A2F32,
32302D2A,
27252525,
21202022,
272F373C,
57545254,
5B616465,
5F594F41,
34292321,
2F303238,
4352616A,
65676A6E,
72747676,
7A7C7F7F,
7E80858A,
84848586,
86878888,
86888A8B,
8C8C8B8A,
8C8D8D8E,
8F8F9090,
8A8A8B8C,
8C8D8E8E,
8C8D8E8F,
91929394,
92929190,
908F8E8E,
90908F8E,
8E8D8C8C,
8F8F8F8E,
8E8E8D8D,
8A8A8A8A,
8A8A8A8A,
908F8E8E,
8F909293,
92919192,
93959899,
989A9C9F,
A0A1A0A0,
A3A4A6A7,
A8A7A6A5,
AEAEAEAF,
B1B4B7B9,
BCBDBFC1,
C3C5C7C8,
C8C9CACB,
CDCECFD0,
D2D3D5D6,
D6D5D3D2,
D6D2DEE1,
D3D6D9C8,
95614D5A,
5A5C625F,
63656769,
6A6A6A69,
706C6661,
5E5E6062,
64646361,
5E5B5755,
57585A5C,
5C5C5C5B,
52566175,
8EA6B6BD,
CDD0D5D4,
CDC0B1A8,
91826B57,
4A433F3C,
3D3E3D37,
3336404A,
43494D4C,
4744474B,
48505A5F,
61656C73,
6363625F,
5B575350,
49484646,
474B4E51,
55585D63,
696C6F70,
72716E6A,
66625F5D,
615B544E,
4A443C36,
4344484D,
4F4B4139,
323B4854,
5C646C72,
72726F6C,
6C737E87,
9CA3ACB1,
B1B0B1B2,
AFA49585,
776A5D54,
5B64717D,
87919BA2,
A7A8ABAE,
B1B2B2B2,
B4B4B5B6,
B6B7B8B8,
AEAFACA9,
A696714D,
68696E6D,
5B3E2B27,
272B2E2D,
2C2F3942,
2F343632,
2D303E4A,
3C2D252C,
302C2F39,
41504432,
322B2735,
342A3257,
613C417D,
5949362D,
34424F56,
64455869,
41283332,
2D462D22,
5A734A27,
2D39392C,
2D4B7084,
2F41443E,
3F3D455A,
584B435B,
8DA47E48,
50402C39,
544A363F,
322D2827,
2C313434,
2A282626,
272A2E31,
2827272A,
31394247,
5755555A,
5F5A4D41,
3B3C3931,
28252B31,
383D454F,
5961676A,
65697076,
7A7B7A78,
7B7C7D7F,
81838485,
84848586,
86878888,
8788898A,
89888685,
898B8D8F,
8F8D8B89,
8788898B,
8D8F9091,
8E8E8F90,
90919292,
92929292,
92929292,
92929190,
908F8E8E,
8E8E8D8C,
8C8B8A8A,
8E8E8E8E,
8E8E8E8E,
8C8C8D8E,
8E8F9090,
8F909395,
96979796,
98999A9B,
9D9E9FA0,
A3A4A7A9,
AAABABAA,
ABACAEB1,
B3B6B8B9,
BCBDBEBF,
C1C2C3C4,
C8C9CACB,
CDCECFD0,
D3D3D3D2,
D2D1D1D1,
D4D5D7D8,
D8D7D5D4,
B2764849,
57585C69,
63666868,
65646669,
69686766,
65646363,
63636362,
605E5B59,
58595B5D,
5D5D5C5C,
565A6372,
869DB0BB,
CDCFD0CC,
C3B5A89F,
7B6A564C,
4B4B4641,
41403F3F,
41454A4C,
504F4E4D,
4B4A4848,
5B5D6267,
6C6F7172,
6564625F,
5A544F4C,
49474443,
44484D50,
5C5B5D63,
6B6F6E6C,
716E6B6A,
6A67615C,
57534C45,
403D3C3C,
4245484A,
4945403D,
2E37434E,
565D656B,
68686867,
6A738089,
9CA3ACB1,
B2B1B2B3,
AEA59788,
7A6B5C52,
5B64717D,
87919BA2,
A7A8ABAE,
B1B2B2B2,
B4B4B5B6,
B6B7B8B8,
B0B0ADAA,
A7997451,
61636969,
573C2B29,
272C3132,
3032373C,
30343733,
2E313D48,
3D2F282D,
302D2F37,
4550402D,
312F2B36,
342D3554,
5A37407D,
56443029,
34445055,
6D535560,
4A2F2726,
26362B25,
4C6D5C3F,
2529333B,
3940658E,
5D333343,
3531454D,
4F5A5A5B,
799C916B,
5D492E33,
4B453B4B,
2C282424,
2A303333,
2C2B2A2A,
2A2B2C2D,
292A2B2F,
343C4246,
464A4C4B,
453E3733,
282A2B29,
26293139,
484B5259,
6065696A,
6A6D7378,
7B7C7A79,
7C7C7E7F,
81828484,
84848585,
86878788,
8788898A,
8A888786,
898B8D8E,
8E8D8B89,
88888A8B,
8D8E9090,
8E8E8F90,
90919292,
92929292,
92929292,
92929190,
908F8E8E,
8E8E8D8D,
8C8B8B8A,
8E8E8E8E,
8E8E8E8E,
8C8C8D8E,
8E8F9090,
8F909395,
96979796,
98999A9B,
9D9E9FA0,
A2A4A6A9,
AAABAAAA,
ADAEAFB1,
B3B5B6B7,
BCBDBEBF,
C1C2C3C4,
C8C9CACB,
CDCECFD0,
D3D2D2D2,
D2D2D2D1,
D4D5D7D8,
D8D7D5D4,
C185514B,
56585B63,
62656867,
64646669,
69696867,
66656464,
64646463,
615F5D5B,
5D5E6062,
63626261,
5A5C6370,
8298ACB7,
C5C8CAC6,
B9A69386,
645B5250,
55565049,
44434242,
44484B4E,
4F4E4C4B,
4A4B4C4D,
5B5F646A,
6E706F6F,
64625E5A,
55514E4C,
48464240,
43484F53,
5E5E6066,
6D71706E,
716E6B6A,
6966605B,
5A53493F,
3B3C4043,
42444747,
46413D39,
2A323D46,
4D545C62,
5D5F6062,
6772818C,
9CA4ADB2,
B3B2B3B5,
AEA6998C,
7D6C5B50,
5C65717D,
86909AA1,
A7A8ABAE,
B1B2B2B2,
B4B4B5B6,
B6B7B8B8,
B2B2AEAB,
A99C7A58,
575A6161,
50372B2C,
292E3234,
33323436,
32353733,
2F313B44,
3F332C2E,
302E2F34,
4B523B26,
2F343036,
3232384E,
4F323F7D,
543F2926,
35485355,
7167585A,
5E432729,
2A2C2F2C,
365B6B54,
231F3048,
41324F82,
8E3B2C46,
342E4242,
48697260,
678DA097,
7259332C,
3B373954,
2B272426,
2C313434,
2D2D2E2F,
2E2D2B2A,
2B2C2F32,
363A3C3E,
32393D37,
2B222327,
292C3135,
3A424D54,
5B5D6166,
696C6D6D,
7174787B,
7D7C7B79,
7C7D7E7F,
81828384,
83848485,
86868787,
8687898A,
8A898887,
898A8C8D,
8D8C8A89,
88898A8B,
8D8E8F90,
8E8E8F90,
90919292,
92929292,
92929292,
92929190,
908F8E8E,
8F8E8E8D,
8C8C8B8B,
8E8E8E8E,
8E8E8E8E,
8C8C8D8E,
8E8F9090,
8F909395,
96979796,
98999A9B,
9D9E9FA0,
A2A3A6A8,
AAAAAAA9,
AFB0B1B1,
B3B3B4B5,
BBBCBDBE,
C0C1C2C3,
C7C8C9CA,
CCCDCECF,
D2D2D2D2,
D2D2D2D2,
D4D5D7D8,
D8D7D5D4,
D3975D4C,
5458595C,
60636665,
63636669,
69696968,
67676666,
66656563,
62615F5F,
64656769,
69696868,
6060636C,
7C90A3AF,
B6B9BBB5,
A58E7768,
53505055,
5B5B534A,
49484848,
494B4E4F,
4E4C4948,
4A4E5356,
5C61686E,
71706C6A,
615E5852,
4E4B4B4B,
47443F3E,
41495258,
6362646A,
70747371,
726E6B69,
68655F59,
5951453B,
383C4349,
42434443,
413C3734,
29303940,
464D555B,
5A5C5D5F,
6571808B,
9BA2ACB1,
B3B3B4B5,
ADA69C8F,
816F5C50,
5D66727D,
869099A0,
A7A8ABAE,
B1B2B2B2,
B4B4B5B6,
B6B7B8B8,
B4B3AEAB,
AAA08161,
4C505859,
48322B30,
2E2F2F2E,
2E2E3133,
33353633,
31333A41,
3F373130,
31313031,
50563920,
2D383435,
31373C47,
4630417B,
523C2625,
384D5758,
6A77645F,
7159353D,
392C3834,
23456A5D,
2D283141,
3D2F3D5B,
93643E3E,
44393541,
4C67786E,
677A98AC,
8B70432E,
31293051,
302D292A,
2F333332,
2A2C2F31,
32302E2C,
2B2C2E30,
31302F2E,
292C2D2A,
2523272B,
393C4248,
50596268,
67686C6F,
71727373,
78797C7D,
7E7D7C7B,
7E7E7F80,
80818282,
82838384,
85858686,
85868889,
8A898888,
8A8A8B8B,
8B8B8A8A,
8A8A8B8C,
8C8D8E8E,
8E8E8F90,
90919292,
92929292,
92929292,
92929190,
908F8E8E,
908F8F8E,
8D8D8C8C,
8E8E8E8E,
8E8E8E8E,
8C8C8D8E,
8E8F9090,
8F909395,
96979796,
98999A9B,
9D9E9FA0,
A1A2A5A7,
A9A9A9A9,
B1B1B2B2,
B2B2B3B3,
BBBBBCBE,
BFC1C2C2,
C7C7C8CA,
CBCDCECE,
D1D1D1D2,
D2D3D3D3,
D4D5D7D8,
D8D7D5D4,
DBA6694C,
4E575856,
5D616464,
62626568,
6A6A6A69,
69696969,
68676664,
63636363,
68696B6D,
6E6D6D6C,
6765656A,
758798A3,
A5A5A39A,
8B766256,
53515154,
56544C45,
4E4E4E4E,
4E4F5050,
4D4A4747,
4A51595F,
5E646B71,
726E6863,
5D58514B,
47464749,
44413D3D,
424C575E,
6867686D,
74777673,
726E6A69,
67645D58,
524C443D,
3B3E4348,
4141413F,
3B373330,
2C31383E,
42485157,
5D5E5F5F,
646E7C87,
98A0A9B0,
B1B2B3B5,
ACA69C91,
83726054,
5E66727D,
868F989F,
A7A8ABAE,
B1B2B2B2,
B4B4B5B6,
B6B7B8B8,
B5B3ADA9,
AAA28669,
43495151,
412D2A33,
322E2926,
272B2F31,
32333433,
33363B3F,
3E3A3531,
3235332F,
535B3D1E,
2A393533,
313B3D41,
43354577,
4F3C2826,
384E5A5D,
627F7366,
735E3E44,
3E2C3838,
223B6563,
3A372F2A,
2F3A3C38,
6B8B5A34,
53442443,
525B6E7D,
756C7F9D,
9A865D44,
3B282A4D,
322E2B2B,
2D2F2D2A,
26292D31,
33323130,
2B2B2B2B,
29272422,
2D29272C,
353C3E3E,
4647494E,
555B6061,
6A6C7073,
76787878,
7C7C7D7E,
7E7E7D7C,
7F7F7F80,
80818181,
82828383,
84858586,
84858789,
8A8A8989,
8A8A8989,
89898A8A,
8B8B8B8C,
8C8D8D8D,
8E8E8F90,
90919292,
92929292,
92929292,
92929190,
908F8E8E,
90908F8F,
8E8D8D8C,
8E8E8E8E,
8E8E8E8E,
8C8C8D8E,
8E8F9090,
8F909395,
96979796,
98999A9B,
9D9E9FA0,
A0A2A4A6,
A8A8A8A8,
B1B1B2B2,
B2B2B3B3,
BABABBBD,
BEC0C1C1,
C6C6C7C9,
CACCCDCD,
D0D0D1D2,
D2D3D4D4,
D4D5D7D8,
D8D7D5D4,
D9B0764E,
48545854,
5A5E6162,
60616468,
6A6A6A6B,
6B6B6B6B,
6B696765,
65666768,
696B6D6E,
6F6F6E6D,
6C696769,
717D8A93,
938F897E,
72655A54,
56534F4D,
4D4D4B49,
52535353,
52525150,
4B494748,
4D555E64,
61666C70,
6F6A625D,
58534D46,
43424446,
413F3E40,
47525D64,
6B6A6B70,
76797775,
726F6A68,
66625B56,
49484543,
41414141,
403F3E3B,
3834312F,
2E32373B,
3E444C53,
5E5E5E5E,
616B7882,
949CA6AC,
AFAFB1B3,
ACA59A8F,
8375655B,
5F67737D,
868E979E,
A7A8ABAE,
B1B2B2B2,
B4B4B5B6,
B6B7B8B8,
B4B1AAA6,
A9A38A6E,
3E444D4C,
3B282A36,
322D2826,
2A2E3030,
2F303133,
363A3D40,
3B3C3731,
33393730,
52614521,
27363330,
303D3C3D,
45404C72,
493B2B27,
34475860,
627B7B6C,
685C4336,
34282D35,
3243606D,
50442B19,
253F4335,
42856A3C,
54442442,
4A52697F,
7D6C6B78,
8F8A7361,
52332C4A,
2D2A2828,
2B2C2926,
28292B2E,
2F302F2F,
2A2A2928,
28272727,
38323039,
48525350,
56545458,
5D61605F,
6D6F7276,
797B7C7C,
7D7D7D7D,
7D7E7E7E,
80808080,
80808080,
81818282,
83848485,
83848789,
8A8B8A8A,
8B8A8887,
87888A8B,
8C8C8C8C,
8C8C8C8C,
8E8E8F90,
90919292,
92929292,
92929292,
92929190,
908F8E8E,
91919090,
8F8E8E8D,
8E8E8E8E,
8E8E8E8E,
8C8C8D8E,
8E8F9090,
8F909395,
96979796,
98999A9B,
9D9E9FA0,
9FA1A3A6,
A7A8A7A7,
AFB0B1B1,
B3B3B4B5,
B9BABBBC,
BEBFC0C1,
C5C6C7C8,
CACBCCCD,
CECFD0D1,
D3D4D5D6,
D4D5D7D8,
D8D7D5D4,
D5BB8855,
444F5854,
585C5F60,
5F606467,
6B6B6B6C,
6D6D6E6E,
6D6B6866,
66686B6D,
6B6C6E70,
70706F6F,
6E6C6A6A,
6E757D82,
827D766C,
645D5957,
54514D4B,
4C505558,
55565656,
5553504F,
4949494B,
50586065,
65686B6C,
6A645C58,
524F4A46,
43414242,
3D3E4046,
4E596369,
6D6C6D71,
77797774,
736F6A67,
65615A54,
46464646,
44413E3C,
3F3D3B39,
36343231,
2E313537,
393F474E,
58585959,
5D677580,
9098A2A9,
ACADAFB1,
ACA4988D,
83776B63,
6068747E,
868E979D,
A7A8ABAE,
B1B2B2B2,
B4B4B5B6,
B6B7B8B8,
B3AFA7A3,
A7A38C72,
3D434C4A,
37252939,
2E2C2C31,
3637322D,
2C2C2E33,
383D4041,
373C3932,
353D3C31,
50664E25,
2532302D,
303D3A3B,
4A4C536D,
40372C26,
2B3C515F,
666E776F,
6366542A,
2B282231,
494E556E,
75532D1C,
21303E46,
3E576C63,
4A3E4042,
34557074,
74776952,
67737573,
653E2D45,
2B29292D,
3134322F,
2F2E2C2A,
2929292A,
2A2A292A,
2E32373A,
4142444A,
50555757,
615F5E63,
6A6E6C68,
7475787A,
7C7D7C7C,
7B7B7B7B,
7C7E7F80,
81808080,
8080807F,
80818182,
83838484,
82848689,
8A8B8B8B,
8B898786,
8687898B,
8D8C8C8C,
8C8C8C8B,
8E8E8F90,
90919292,
92929292,
92929292,
92929190,
908F8E8E,
92919190,
8F8F8E8E,
8E8E8E8E,
8E8E8E8E,
8C8C8D8E,
8E8F9090,
8F909395,
96979796,
98999A9B,
9D9E9FA0,
9FA0A3A5,
A7A7A7A6,
ADAEAFB1,
B3B5B6B7,
B8B9BABB,
BDBEBFC0,
C4C5C6C7,
C9CACBCC,
CECED0D1,
D3D4D6D6,
D4D5D7D8,
D8D7D5D4,
D4C99D61,
434C5653,
565A5E5F,
5E5F6367,
6B6B6C6D,
6E6F7070,
6F6D6967,
676A6E70,
6E6F7173,
73737272,
6F6E6D6C,
6D707374,
74726D68,
625D5856,
55555453,
54575D61,
56575858,
56524F4D,
48494B4F,
545B6063,
68686967,
635D5854,
4D4C4A47,
4542403F,
3A3D444C,
5660686C,
6E6D6D71,
77797774,
736F6A67,
65605852,
4A484542,
403E3D3D,
3D3C3A37,
36353434,
2C2F3234,
353B434A,
51525355,
5A65747F,
8E96A0A7,
AAABADAF,
ACA3968B,
82786F68,
6068747E,
868E969C,
A7A8ABAE,
B1B2B2B2,
B4B4B5B6,
B6B7B8B8,
B2AEA6A1,
A5A38D73,
3C434B48,
35242939,
2A2C323C,
4340342A,
2A2A2D32,
3A3F4242,
353B3932,
35403E32,
4E695529,
242F2D2B,
303D393A,
4E54576A,
39342C24,
24334B5D,
68617173,
67786B2B,
292D1E2E,
58544968,
98613327,
211C3255,
4F2D6A8A,
423A6146,
1F5D7B67,
6882703C,
3F586B76,
6C412B3F,
2D2D2F35,
3C403F3D,
36332E28,
24232324,
2B2A2B2E,
353E474D,
464E5555,
504D5157,
5F5C5D64,
6D72706C,
7A7B7D7E,
7E7D7C7B,
7A79797A,
7B7D8081,
81818180,
807F7F7F,
80808182,
82838484,
82838689,
8B8B8B8B,
8B898785,
8587898B,
8D8D8D8C,
8C8B8B8B,
8E8E8F90,
90919292,
92929292,
92929292,
92929190,
908F8E8E,
92929190,
908F8E8E,
8E8E8E8E,
8E8E8E8E,
8C8C8D8E,
8E8F9090,
8F909395,
96979796,
98999A9B,
9D9E9FA0,
9EA0A2A5,
A6A7A6A6,
ABACAEB1,
B3B6B8B9,
B8B9BABB,
BDBEBFC0,
C4C5C6C7,
C9CACBCC,
CDCECFD1,
D3D5D6D7,
D4D5D7D8,
D8D7D5D4,
D7D4AC6A,
43495552,
55595D5E,
5E5F6367,
6B6C6D6E,
6F707171,
706D6A67,
686B6F72,
71727475,
76767574,
6F6F6E6E,
6D6D6D6C,
6C6C6C6A,
655E5752,
5A5C5D5D,
5B5B5E61,
57585958,
56524E4B,
47494D52,
575C5F61,
6A696763,
5F5A5553,
4B4B4A49,
4643403D,
383D4651,
5C646B6E,
6E6D6D71,
76787673,
736F6A67,
645F5852,
504B443D,
3A3B3E40,
3C3B3937,
36363637,
32353737,
36373C41,
4E525454,
555E6E7C,
8E9BA6A9,
AEB5B4AE,
A9A79C8B,
8380766A,
646A737B,
828C979F,
A5A8ACB0,
B2B3B1B0,
B2B2B3B3,
B4B5B5B6,
B4B1A69E,
A2A38D70,
44464641,
3A333131,
372D2B36,
3F3D3A3A,
212A3031,
38434742,
3E434139,
36393730,
396E5C29,
303E2E27,
2D2E3544,
545A5956,
3734312E,
2C344A5E,
76574577,
876F643B,
232F2C20,
2D51635F,
6E84571F,
26312E3F,
4D553F5A,
83401867,
4A4B576A,
75726E70,
423F6778,
574D4E31,
32322E2D,
343B3222,
27272728,
28282828,
3939393C,
41474D51,
58595B5E,
61636566,
6D6E6F71,
73757677,
7878797A,
7A7B7C7C,
78797B7D,
7E7D7D7C,
87858381,
80808081,
7F808183,
85878889,
8A8A8A8A,
8A8A8A8A,
85868789,
8B8D8E8F,
908F8D8C,
8C8D8F90,
8E8E8E8E,
8E8E8E8E,
90909090,
90909090,
94918F90,
94959390,
93919092,
9595928E,
8E8F9191,
91918F8E,
8C909393,
908E8F91,
90909192,
92939494,
9395999C,
9E9D9C9B,
A0A1A2A3,
A5A6A7A8,
A8A8A8A9,
ACAFB2B3,
B6B7B8B9,
BBBCBDBE,
BFC1C4C7,
C9CACACA,
CCCDCECF,
D1D2D3D4,
D2D2D3D4,
D4D5D6D6,
DCDABB80,
534B5050,
56585A5D,
60626566,
6466686B,
6C6D6C6C,
6B6B6B6B,
6D6F7173,
74747372,
72717070,
73737271,
6E6B6866,
6B696662,
5F5D5C5C,
5A5D6164,
65656362,
625F5A55,
51505051,
54535354,
5961696D,
6766635F,
5A544F4C,
5052534F,
48434141,
3D434D58,
62696D6F,
6B757B79,
7A7C776E,
6C6C6965,
5E564F4A,
4644403C,
3A3A3C3D,
423D3A3B,
3E3D3630,
35383B3B,
393A3F43,
4B4F5151,
525B6C7A,
8D9BA7AB,
B0B7B8B2,
AFADA190,
86817567,
656B737B,
828C979F,
A5A8ACB0,
B2B3B1B0,
B3B3B4B5,
B5B6B7B7,
B1B1ACA6,
A69F8364,
41444744,
3E383535,
352C292F,
33313237,
262E3332,
3740423D,
3A403F37,
353A3932,
355C5B3A,
30342D25,
2E31333B,
4E5E5848,
33302D2B,
2930465C,
6D5E3F63,
857A6F4E,
272B2822,
2C475E66,
728D692E,
23231F2E,
3C554D58,
7B5D2F3C,
41445368,
73727277,
5F4F616C,
56514E2E,
26282728,
323C3629,
2828292B,
2C2D2E2F,
37383A3D,
43495053,
57595C60,
64686B6D,
6E6F7071,
73757677,
7879797A,
7B7B7C7C,
7A7B7D7E,
7F7F7E7D,
86858381,
80808181,
80808283,
85868888,
8A8A8A8A,
8A8A8A8A,
86868889,
8B8C8E8E,
8F8E8D8C,
8C8D8E8F,
8E8E8E8E,
8E8E8E8E,
90909090,
90909090,
94918F90,
94959390,
93919092,
9595928E,
8F909191,
9191908F,
8C909493,
908E8F91,
90919192,
93939494,
9396999C,
9D9D9C9B,
A0A1A2A3,
A5A6A7A8,
A8A8A8A9,
ACAFB2B3,
B6B7B8B9,
BBBCBDBE,
BEC0C3C6,
C9CACACA,
CCCDCECF,
D1D2D3D4,
D2D2D3D3,
D4D5D5D6,
D9DABF87,
57474B50,
5657595C,
5F626465,
6567696C,
6D6E6D6D,
6D6D6D6E,
6F717374,
74747373,
72717170,
73737271,
6F6B6866,
6D6B6764,
61605F5F,
5E606467,
68676564,
615E5954,
514F5051,
54545558,
5C62676A,
62615E5A,
56504C49,
474A4D4C,
48464749,
40464F5A,
636A6E70,
6D767A77,
7779736A,
6B6A6863,
5C544D49,
44423E3B,
39393A3B,
3A363335,
39393530,
383B3E3E,
3D3D4044,
474A4C4B,
4D576977,
8B9CABB0,
B4BCBDB9,
B7B6AB99,
8D847564,
656B747B,
838C989F,
A5A8ACB0,
B2B3B1B0,
B5B5B6B7,
B7B8B9B9,
AFB1B0AB,
A3916F50,
3B404546,
413C3939,
332D2C2F,
2D282D38,
2B333633,
363E3E38,
353B3B35,
353B3B35,
31425A54,
33282C25,
2E343030,
4A675C39,
2F2B2A2A,
262A425C,
636C3945,
7F877D67,
332A2426,
2B395571,
6D8E7941,
271E1820,
284D5B58,
6E7D5419,
32384960,
6C6D737C,
76595253,
4B4E4A2F,
22252425,
2E39352A,
2A2B2C2E,
30323334,
36383B40,
464D5457,
595B5F64,
696E7274,
6F707172,
74757676,
79797A7A,
7B7C7C7D,
7B7D7F80,
8181807F,
85848281,
80808182,
80818283,
85868788,
89898989,
89898989,
86878889,
8B8C8D8E,
8F8E8D8C,
8C8D8E8F,
8E8E8E8E,
8E8E8E8E,
90909090,
90909090,
94918F90,
94959390,
93919092,
9595928E,
91919191,
91919191,
8D919494,
918F9092,
91919292,
93949495,
9496999B,
9D9D9C9C,
A0A1A2A3,
A5A6A7A8,
A8A8A8A9,
ACAFB2B3,
B5B6B7B8,
BABBBCBD,
BEC0C3C6,
C8C9C9C9,
CBCCCDCE,
D0D1D2D3,
D1D2D2D3,
D4D4D5D5,
D6DAC795,
5E43454F,
5657595C,
5F626465,
67686B6D,
6F6F6F6E,
6F6F7072,
73757677,
75747473,
72727171,
73737372,
6F6C6A68,
6D6B6865,
63626262,
6466696B,
6C6A6866,
5F5C5853,
504F5051,
5355585C,
60626464,
5C5A5753,
4F4B4846,
45484A49,
4745484B,
454B545E,
676D7172,
70797B76,
74756F65,
6968645F,
58514B47,
403E3B39,
38373838,
322F2E30,
33353331,
373B3E3F,
3C3C3E40,
43464746,
47536675,
8A9EB0B6,
BAC1C4C1,
BFBFB6A5,
968A7663,
666C757C,
848D98A0,
A5A8ACB0,
B2B3B1B0,
B6B7B7B8,
B9B9BABA,
B3B2AEA5,
9479573E,
343A4143,
403C3939,
2E2E3438,
332B2F3B,
2B333633,
363D3E38,
31373834,
353C3D38,
312E586A,
3C242D26,
2D352E2B,
4E766534,
2E292A2D,
28284161,
617C372D,
748B867C,
4731262D,
2D2E4D77,
64817A50,
332C251D,
1F3B5B5A,
5E857629,
272A394F,
5C626B77,
775C453A,
383F4035,
292C2A26,
2B333026,
2E2E2F30,
31323233,
373A3E45,
4C53585C,
60626569,
6D717475,
71717273,
74757676,
7A7A7B7B,
7C7D7D7E,
7D7E8082,
82828181,
84838280,
80818283,
82828384,
84858686,
88888888,
88888888,
8888898A,
8A8B8C8C,
8E8D8C8B,
8B8C8D8E,
8E8E8E8E,
8E8E8E8E,
90909090,
90909090,
94918F90,
94959390,
93919092,
9595928E,
93929191,
91919293,
8E919595,
928F9092,
92929393,
94959596,
9697989A,
9B9C9D9D,
A0A1A2A3,
A5A6A7A8,
A8A8A8A9,
ACAFB2B3,
B5B5B6B8,
B9BBBCBC,
BDBFC2C5,
C7C8C9C8,
CBCBCCCE,
CFD1D2D2,
D0D1D1D2,
D3D3D4D4,
D3D8CEA5,
6B423F4F,
5556585B,
5E616364,
67696B6E,
6F706F6F,
71727476,
77787878,
76757574,
73737272,
72737372,
706E6B6A,
6B696765,
64636464,
6A6C6E70,
706E6B69,
5E5C5753,
50505152,
54575C61,
6363605F,
5553504C,
48464443,
4B4C4C49,
44414346,
4C515963,
6B707374,
767D7E76,
73736D63,
6764605A,
534D4744,
3B3A3938,
37363636,
32302F2F,
31333333,
32373B3C,
3937383A,
40424241,
43506474,
8BA2B6BD,
BFC5C9C7,
C4C6BFB0,
A1927B66,
676D757D,
858E99A1,
A5A8ACB0,
B2B3B1B0,
B6B7B7B8,
B9B9BABA,
B7B2A99B,
83644839,
31363C3E,
3B373636,
262A353D,
392E2F37,
29313533,
363F403A,
2F363834,
363F403B,
34275070,
4B2D3029,
2A322D31,
5B857039,
312A2C33,
2C294369,
67853B25,
65828986,
62422F33,
302A4570,
63737559,
4040361A,
21264D5D,
5173875E,
2A252A3B,
4B535E68,
766A4D36,
2F2E323D,
2C2F2E28,
2B323129,
31313030,
302F2F2F,
3C3F454C,
53595E60,
696A6B6D,
6F717273,
73737474,
75757676,
7A7B7B7C,
7D7D7E7E,
7D7E8082,
82828181,
83828180,
80828384,
83838384,
84858585,
88888888,
88888888,
8989898A,
8A8B8B8B,
8D8C8B8A,
8A8B8C8D,
8E8E8E8E,
8E8E8E8E,
90909090,
90909090,
94918F90,
94959390,
93919092,
9595928E,
95939190,
90919395,
8E929696,
92909193,
92939394,
95959696,
97979899,
9A9C9D9E,
A0A1A2A3,
A5A6A7A8,
A8A8A8A9,
ACAFB2B3,
B4B4B5B7,
B8BABBBB,
BCBEC1C4,
C6C8C8C8,
CACACBCD,
CED0D1D1,
D0D0D1D1,
D2D3D3D4,
D3D6D3B7,
7C473D4E,
5455575A,
5D606263,
66686A6D,
6E6F6E6E,
71737679,
7A7A7979,
76767575,
74737372,
72727373,
716F6D6C,
68676564,
64646666,
70717374,
73706C6A,
5F5C5854,
52525455,
575A6064,
64625E5B,
514E4B47,
44434344,
4B4C4B48,
4443464A,
53586068,
6F747677,
7B818077,
72726D63,
64615B55,
4E484441,
38383838,
38373635,
37373534,
33343739,
2E333839,
36333233,
3E40403E,
404E6475,
8EA7BEC4,
C4C8CCCB,
C5C9C6BA,
AC9C836B,
686E767E,
858F9AA2,
A5A8ACB0,
B2B3B1B0,
B5B5B6B7,
B7B8B9B9,
B8B0A698,
7E5F4B46,
35383A39,
34313133,
27283039,
372D2A2F,
29313533,
363E3F3A,
31383A36,
3841433E,
362A4262,
583E3029,
2A2D2E3E,
6A8A7240,
332B2F39,
31294570,
6F82422D,
5570898A,
7A573B35,
2F2A3C5A,
646B735E,
41463F18,
261B3F5A,
4A597F83,
412F242F,
404B5258,
777D6243,
392D2D45,
272C2C27,
2A333631,
31313131,
31313131,
43474D54,
5A5F6364,
6E6E6F6F,
70717172,
75757575,
75757575,
7B7C7C7D,
7E7E7F7F,
7B7D7F80,
8181807F,
82818080,
81828485,
84848484,
84848484,
87878787,
87878787,
8A8A8A8A,
8A8A8A8A,
8C8B8A89,
898A8B8C,
8E8E8E8E,
8E8E8E8E,
90909090,
90909090,
94918F90,
94959390,
93919092,
9595928E,
97959290,
90929597,
8F939796,
93919294,
93949495,
96969797,
98989797,
999B9EA0,
A0A1A2A3,
A5A6A7A8,
A8A8A8A9,
ACAFB2B3,
B3B4B5B6,
B8B9BABB,
BBBDC0C3,
C6C7C7C7,
C9CACBCC,
CECFD0D1,
CFCFD0D0,
D1D2D2D3,
D5D3D5C6,
90513F4E,
53545659,
5C5F6162,
6466686B,
6C6D6C6C,
7073777A,
7C7B7978,
77777676,
75747473,
72727373,
72716F6D,
68686766,
67686A6B,
74757676,
74706C69,
615E5A57,
55565759,
5B5E6264,
64615C59,
4F4D4845,
43444546,
44464847,
474A5157,
5A5E656D,
7377797A,
7B807E74,
6F706B62,
615D5750,
4944403F,
3637393A,
3A383736,
393A3A38,
37393F44,
2D323839,
36323031,
3E3F3E3C,
3F4E6476,
91ABC4C9,
C7CACDCD,
C3CACAC1,
B5A58A72,
686E777E,
868F9BA2,
A5A8ACB0,
B2B3B1B0,
B3B3B4B5,
B5B6B7B7,
B3ADAAA2,
8A6C5D60,
3E3E3C37,
302E3033,
3B322E33,
342D2A2D,
2E353834,
353C3B35,
343B3D39,
3B43443F,
36323149,
614E2D25,
2B292F4C,
75866A42,
332A2F3B,
32274574,
7475473C,
475D8B8D,
8B684332,
2C2A323E,
5960725F,
38404620,
261E3852,
494A687F,
6343282B,
3E4A4E4E,
6D7E674E,
4E3F3651,
272D2D25,
252D302D,
2E2F3133,
36393A3B,
4B4E545B,
61646667,
6C6C6E6F,
71737474,
76767676,
76757575,
7C7C7D7D,
7E7F7F80,
7A7B7D7E,
7F7F7E7D,
81818080,
81838586,
85848484,
84848483,
86868686,
86868686,
8B8A8A8A,
8A8A8A89,
8C8B8A89,
898A8B8C,
8E8E8E8E,
8E8E8E8E,
90909090,
90909090,
94918F90,
94959390,
93919092,
9595928E,
9896928F,
8F929698,
90949797,
94929394,
94949595,
96979798,
99989797,
989B9EA1,
A0A1A2A3,
A5A6A7A8,
A8A8A8A9,
ACAFB2B3,
B2B3B4B5,
B7B8B9BA,
BBBDC0C3,
C5C6C6C6,
C8C9CACB,
CDCECFD0,
CECFCFD0,
D1D1D2D2,
D8D0D5D1,
A15D424F,
53545659,
5C5F6162,
62636668,
6A6A6A69,
6E72767A,
7C7B7876,
78777776,
75757474,
72727374,
7372706F,
6C6C6B6C,
6D6F7172,
76777777,
74706B68,
63615D5A,
59595B5C,
60626363,
625F5C59,
504D4945,
4446484A,
46484948,
494D555C,
5F636A71,
777A7B7C,
767A786E,
696B675F,
5F5B544C,
45403E3D,
36383A3C,
3C3B3937,
33373939,
3A3F4951,
2D33393A,
37323030,
3E3F3E3C,
3F4E6577,
93AEC7CC,
C9CBCECE,
C2CACCC5,
BAAA8F77,
696F777F,
86909BA3,
A5A8ACB0,
B2B3B1B0,
B2B2B3B3,
B4B5B5B6,
ADABAEAD,
987A6E73,
46443F37,
2F2D3034,
52403231,
332F2D30,
333A3B35,
34393730,
373D3F3A,
3C444540,
34372536,
65582922,
2D273155,
7A806140,
32282E3B,
31254475,
766A4A47,
40528D8F,
9472482F,
28292A2A,
4854705E,
2F3A4D2E,
2426374B,
4B46546A,
7D542F2D,
414D4E4B,
5A715F4F,
5E50425C,
2E333024,
1F232522,
2B2D3136,
3B404345,
4F535960,
64676868,
68696B6E,
72757778,
77777776,
76767575,
7C7C7D7E,
7E7F8080,
78797B7D,
7E7D7D7C,
81808080,
81838587,
85858584,
84838383,
86868686,
86868686,
8B8B8B8A,
8A898989,
8C8B8988,
88898B8C,
8E8E8E8E,
8E8E8E8E,
90909090,
90909090,
94918F90,
94959390,
93919092,
9595928E,
9996928F,
8F929699,
90949897,
94929395,
94949596,
96979898,
99989796,
989B9FA1,
A0A1A2A3,
A5A6A7A8,
A8A8A8A9,
ACAFB2B3,
B2B3B4B5,
B7B8B9BA,
BBBCBFC2,
C5C6C6C6,
C8C9CACB,
CDCECFD0,
CECECFD0,
D0D1D2D2,
DACFD4D7,
AB64444F,
52535658,
5B5E6062,
60626466,
68686868,
6D71767A,
7B7A7775,
78787776,
76757474,
71727374,
74727170,
70707070,
72747778,
76777877,
746F6A67,
65625F5C,
5B5B5D5F,
64646362,
615E5B5A,
514E4946,
45474B4D,
4F4F4E4B,
484B5157,
62666C73,
787B7C7D,
71757269,
6567645C,
5E59524A,
433F3C3C,
36383B3D,
3E3C3A38,
2D323739,
3B43505A,
2E303234,
34343332,
3C393B3E,
404A6783,
9CC1C8BD,
C5CCCBD2,
CEC3C5C3,
B5B2A27D,
676E7880,
88909AA1,
A8AAAEB1,
B2B1AFAE,
B2B2B3B4,
B4B5B6B6,
B5AFAFA1,
8B8D8B71,
5A413339,
3C312C31,
3D322D31,
332F2E33,
4539454C,
39333C3A,
373F2C3B,
423A4939,
41352133,
6369432A,
352A2B59,
88754B43,
342E2D2F,
2E355477,
77793C3C,
5B51637F,
95805730,
252F3129,
324D667E,
5C243457,
3E2D2535,
525E4E39,
6B6B4920,
2D5A5B36,
536D6C4F,
50707660,
3123212A,
25171A2A,
29333937,
3B474F50,
55575B60,
63666768,
6A6A6B6D,
6E707171,
78787878,
78787878,
7C7C7D7E,
7E7F8080,
7C7C7D7E,
7E7F8080,
7D7E7F81,
83858687,
86868584,
84838282,
85858484,
83838383,
8A898786,
8687898A,
8D8D8D8C,
8C8C8B8B,
8C8C8C8C,
8C8C8C8C,
90909090,
90909090,
8D8E8E8F,
91929293,
92929292,
92929292,
93949495,
97989899,
92929292,
92929292,
94949596,
96979898,
99989898,
999B9D9E,
A2A2A3A4,
A4A5A6A6,
A1A3A5A8,
ACAFB1B3,
B0B1B3B5,
B7B9BBBC,
BCBDBEBF,
C1C2C3C4,
C8C9CACB,
CDCECFD0,
CFD0D2D3,
D4D4D3D2,
CCD8D7D1,
BC804C46,
474B525A,
62686D6F,
66676866,
6363666A,
70727679,
7A797776,
75767879,
7A797877,
75747372,
71706F6F,
70707071,
7375787A,
7F7D7975,
706B6866,
5B5B5C5D,
60636668,
63615E5A,
57565555,
51515050,
504F4F4F,
45494D4F,
50545B61,
6D707579,
7C7D7D7C,
7975706D,
6B665F59,
56534C45,
3D383432,
31343637,
36383E43,
34373B42,
484F5456,
32323334,
35353636,
3C393A3D,
3F496581,
9DC2C9BD,
C5CBC9D0,
CDC2C5C4,
B7B4A47F,
676E7880,
88909AA1,
A7AAADB1,
B2B1AFAE,
B2B2B3B4,
B4B5B6B6,
B4ADAE9F,
8685836B,
5D423135,
372F2D36,
3A302C32,
35302F33,
3D343E46,
39343C3E,
38423242,
49414E3E,
4A3E252D,
565F4639,
35242C63,
8B704A49,
362F2F33,
32375476,
70723637,
594B5364,
9A8E6D43,
2D2D3230,
30546774,
61302B46,
4C3C3038,
4C564D3E,
585C4829,
2C4B5443,
6279765A,
5776857B,
46352621,
2020252E,
27333A38,
3C474D4C,
55575C60,
64666868,
6B6C6D6F,
70717373,
78787878,
78787878,
7C7C7D7E,
7E7F8080,
7C7C7D7E,
7E7F8080,
7F7F8081,
83848585,
86868584,
84838282,
88888888,
87878787,
8A898786,
8687898A,
8C8C8C8C,
8C8B8B8B,
8C8C8C8C,
8C8C8C8C,
90909090,
90909090,
8F8F8F90,
90919191,
92929292,
92929292,
95959596,
96979797,
92929292,
92929292,
94949596,
96979898,
99999898,
999B9D9E,
A2A2A3A4,
A4A5A6A6,
A2A3A5A8,
ABAEB1B2,
B0B1B3B5,
B7B9BBBB,
BCBDBEBF,
C1C2C3C4,
C8C9CACB,
CDCECFD0,
CECFD1D3,
D4D4D3D2,
CDD7D5D1,
C28A5246,
4F515457,
5A5D5E5F,
63656665,
6363676C,
71737678,
79787675,
7778797A,
7A7A7878,
75757473,
72717170,
73737374,
76787A7C,
7E7C7974,
6F6A6765,
5C5C5C5D,
60626567,
605E5B58,
56555555,
52525151,
50504F4F,
464A4F51,
54586066,
6F72777B,
7E7E7E7D,
78746E6B,
68645D57,
514E4841,
3B363332,
31343636,
35373C41,
393D434A,
5055585A,
35353434,
34363839,
3C39393C,
3D46627E,
9EC3CABE,
C5CAC6CC,
CCC1C5C5,
B8B6A783,
676E7880,
88909AA1,
A7A9ADB0,
B2B2B0AF,
B2B2B3B4,
B4B5B6B6,
B2ABAC9D,
7F787663,
5D423033,
342C2E39,
352D2C34,
38333033,
3733383F,
3C373C44,
3845384B,
52485545,
52482C28,
454F474B,
381E3275,
8D65464F,
3A303139,
393A5374,
6E6F3134,
594B474C,
9192825C,
37292D32,
32616F6B,
6E4B2736,
4D41373A,
4751524E,
43484335,
2D36464F,
5B6E6E55,
4D657E84,
6A593C22,
1C262C2A,
27343D3D,
40484C49,
56585C61,
64676869,
6E6F7071,
73747576,
79797979,
79797979,
7C7C7D7E,
7E7F8080,
7C7C7D7E,
7E7F8080,
81818282,
82828383,
86868584,
84838282,
8B8B8B8B,
8B8C8C8C,
8A898786,
8687898A,
8B8B8B8B,
8B8B8B8B,
8C8C8C8C,
8C8C8C8C,
90909090,
90909090,
91919190,
908F8F8F,
92929292,
92929292,
97979796,
96959595,
93939393,
93939393,
94949596,
96979898,
9B9A9999,
9A9B9D9E,
A2A2A3A4,
A4A5A6A6,
A2A3A5A8,
ABADAFB1,
AFB0B2B4,
B6B8BABB,
BCBDBEBF,
C1C2C3C4,
C7C8C9CA,
CCCDCECF,
CECFD1D2,
D3D3D2D1,
CED5D1D1,
CC9A5D46,
4F505153,
54555657,
5E616363,
6264696E,
72737577,
77777575,
797A7B7C,
7C7B7A79,
76767575,
74747373,
7878797A,
7C7D7E7F,
7E7C7873,
6E696563,
5E5E5D5D,
5F616364,
5A595654,
53535454,
54535352,
5150504F,
484C5256,
595F676E,
73767A7E,
80807F7E,
77726B67,
645F5853,
4946423C,
38353332,
31343636,
34363B40,
40454D55,
5B5D5E5D,
34333231,
32343638,
3C38383A,
3A435E7A,
9DC3CBBF,
C5C8C4C8,
CBC1C5C5,
B9B8A986,
676E7880,
88909AA1,
A6A8ACB0,
B2B2B1B0,
B2B2B3B4,
B4B5B6B6,
B1A9AC9C,
776A695C,
553F3237,
372C2C37,
302A2C37,
3C353031,
383A363A,
423C3A48,
34443B4F,
55495748,
504D3327,
373F4354,
43214188,
8A553E4C,
3F31313F,
3F3B5173,
74722F2F,
5A514A47,
7282886F,
472B272D,
35677C6C,
7C692D2F,
3836363B,
45515A5E,
3E3A3B3D,
332A364C,
45565E51,
444D6679,
867F6035,
222A2D24,
2D3B4545,
474E4F4B,
56595D61,
65686969,
70717273,
75767778,
7A7A7A7A,
7A7A7A7A,
7C7C7D7E,
7E7F8080,
7C7C7D7E,
7E7F8080,
83838382,
82818181,
86868584,
84838282,
8A8B8B8B,
8C8C8D8D,
8A898786,
8687898A,
89898A8A,
8B8B8C8C,
8C8C8C8C,
8C8C8C8C,
90909090,
90909090,
93929291,
8F8E8E8D,
92929292,
92929292,
99989897,
95949493,
94949494,
94949494,
94949596,
96979898,
9D9C9B9A,
9A9B9D9E,
A2A2A3A4,
A4A5A6A6,
A2A3A5A7,
AAACAEAF,
AFB0B1B3,
B6B8B9BA,
BCBDBEBF,
C1C2C3C4,
C7C7C8CA,
CBCDCECE,
CDCED0D2,
D2D2D1D1,
CFD4CDD0,
D6AC6B4B,
4A4B4D50,
54595D5F,
5A5D6061,
61646A6F,
72737475,
75767675,
7C7D7E7F,
7E7D7B7A,
77777777,
77767676,
7D7E7F81,
82828282,
7E7B7772,
6C666260,
605F5D5C,
5C5D5E5F,
54535251,
51525354,
56565554,
53515050,
4A4F555A,
5F666F76,
787A7E81,
82817F7E,
76706761,
5D59524D,
413F3B37,
34323131,
31333636,
35373C40,
454B545D,
6263615F,
2F2F2F2F,
2F313233,
3B383738,
373F5975,
9BC2CABF,
C6C8C2C6,
CAC0C4C4,
B8B7A985,
676E7880,
88909AA1,
A4A7ACB0,
B3B3B2B1,
B2B2B3B4,
B4B5B6B6,
B1A9AD9E,
735E5F59,
493A3640,
3D2E2830,
2C282E3B,
40372F2D,
3E453837,
4A40364C,
30423B4E,
51455446,
474D3A2B,
33363E56,
512E5797,
80443743,
46323041,
433B4E71,
77732A24,
5253524E,
52687F7D,
613F2E2C,
32598370,
7B76312A,
262B323A,
434C555B,
49383541,
3B282B3E,
37475A5E,
4E435269,
84897850,
3634332A,
37454E4D,
4E545550,
575A5E62,
66686A6A,
71717374,
75777879,
7A7A7A7A,
7A7A7A7A,
7C7C7D7E,
7E7F8080,
7C7C7D7E,
7E7F8080,
83838382,
82818181,
86868584,
84838282,
86878888,
898A8B8B,
8A898786,
8687898A,
87878889,
8A8B8C8C,
8C8C8C8C,
8C8C8C8C,
90909090,
90909090,
93929291,
8F8E8E8D,
92929292,
92929292,
99989897,
95949493,
94949494,
94949494,
94949596,
96979898,
9F9E9C9B,
9B9B9D9D,
A2A2A3A4,
A4A5A6A6,
A2A3A5A7,
A9ABACAD,
AEAFB0B2,
B5B7B8B9,
BCBDBEBF,
C1C2C3C4,
C6C6C7C9,
CACCCDCD,
CCCDCFD1,
D2D1D1D0,
CFD5CCCF,
DCBC7B55,
4F505153,
575D6264,
575B5E5F,
6063696E,
70717172,
74767778,
80818181,
807F7C7B,
79797979,
797A7A7A,
81828586,
87868583,
7D7B7670,
6A64605D,
605E5C5A,
58585859,
4F4E4E4F,
50525556,
59595756,
54525150,
4D52595E,
636B747B,
7B7D8082,
82807E7C,
746D635C,
57524C47,
3B393634,
31303030,
30333637,
37393F44,
4B505960,
6564625F,
2A2C2E30,
31302F2E,
3B373636,
343C5570,
98BFC9BF,
C6C9C2C6,
CABFC3C2,
B6B4A581,
676E7880,
88909AA1,
A3A6ABB0,
B3B4B3B2,
B2B2B3B4,
B4B5B6B6,
B2AAB0A1,
72575B5A,
41373844,
402E262E,
2A28303F,
43372C28,
3F4C3633,
50443451,
2E413949,
4A3D4F44,
424D4031,
35353E58,
5B3D6DA0,
7038353A,
4C322C3F,
42384C71,
71702419,
464E5250,
43526D82,
7C5F4132,
303E877A,
6A6C2E23,
272C3137,
3B40464A,
543F3843,
402C2834,
2D395568,
583A3B52,
6E757261,
50473F37,
414D5452,
52585A56,
585A5E63,
67696B6B,
70717273,
75767778,
7B7B7B7B,
7B7B7B7B,
7C7C7D7E,
7E7F8080,
7C7C7D7E,
7E7F8080,
81818282,
82828383,
86868584,
84838282,
83848586,
87898A8A,
8A898786,
8687898A,
85868788,
8A8B8C8C,
8C8C8C8C,
8C8C8C8C,
90909090,
90909090,
91919190,
908F8F8F,
92929292,
92929292,
97979796,
96959595,
95959595,
95959595,
94949596,
96979898,
A09F9D9C,
9B9C9C9D,
A2A2A3A4,
A4A5A6A6,
A3A3A5A6,
A8A9AAAB,
ADAEB0B2,
B4B6B8B9,
BCBDBEBF,
C1C2C3C4,
C5C6C7C8,
CACBCCCD,
CBCDCED0,
D1D1D0CF,
CFD7CDCE,
DEC68963,
625F5C5A,
595B5D5F,
565A5D5E,
5E61676C,
6D6D6E6F,
73767A7C,
83848484,
82807E7C,
7A7A7B7B,
7C7C7D7D,
8385888A,
8A888684,
7D7A756F,
68625D5B,
5F5D5956,
53525151,
4C4C4C4E,
50545759,
5C5B5957,
55535251,
50555C61,
666D767D,
7C7E8082,
817F7C7A,
736B5F56,
514C4642,
39373532,
302F2F2F,
2F333739,
3B3F454B,
52565C62,
65656462,
282C3135,
36332F2C,
3B373535,
3239526D,
94BCC7BF,
C7CAC4C7,
CABFC2C0,
B3B0A07C,
676E7880,
88909AA1,
A3A6ABB0,
B3B4B4B3,
B2B2B3B4,
B4B5B6B6,
B4ABB3A6,
73555A5E,
41373842,
3D2B2731,
2A293342,
45372823,
384A2F2B,
53483457,
31433846,
44384C44,
45504334,
383A445F,
5E497FA2,
61323A35,
5232283C,
40354971,
6D712817,
40484F4D,
45425478,
8B785339,
3729918C,
585C2C1F,
32302E2E,
31373D41,
574A4446,
3F302C34,
2D304D6C,
5D32293F,
635A5962,
65574338,
47515551,
50575B59,
595B5F63,
676A6B6C,
6F707172,
74757677,
7C7C7C7C,
7C7C7C7C,
7C7C7D7E,
7E7F8080,
7C7C7D7E,
7E7F8080,
7F7F8081,
83848585,
86868584,
84838282,
82838486,
87898A8B,
8A898786,
8687898A,
84858687,
898B8C8D,
8C8C8C8C,
8C8C8C8C,
90909090,
90909090,
8F8F8F90,
90919191,
92929292,
92929292,
95959596,
96979797,
96969696,
96969696,
94949596,
96979898,
A2A09E9D,
9C9C9C9D,
A2A2A3A4,
A4A5A6A6,
A3A3A4A6,
A7A8A9AA,
ADADAFB1,
B3B5B7B8,
BCBDBEBF,
C1C2C3C4,
C4C5C6C7,
C9CACBCC,
CBCCCED0,
D0D0CFCF,
CED9D0CD,
DECB9571,
6E6A645E,
5A58595A,
575A5D5D,
5D5F6469,
69696A6D,
72787D81,
86868686,
84827F7D,
7B7B7C7D,
7E7F7F80,
84878A8C,
8C898683,
7C79746E,
67605B59,
5D5B5752,
4F4C4B4A,
4A4A4B4E,
52565A5C,
5E5D5B59,
56545251,
53585E62,
666D767C,
7D7E8081,
7F7C7977,
72695C52,
4C47413D,
39383531,
2F2E2E2E,
2E32383B,
3E444C52,
5B5D6063,
66676868,
282D343A,
3B36302C,
3B373534,
3137506B,
91BAC6BF,
C8CBC4C8,
CABEC1BF,
B1AE9D79,
676E7880,
88909AA1,
A2A5AAB0,
B3B4B4B3,
B2B2B3B4,
B4B5B6B6,
B5ACB5A9,
74545A62,
4438363D,
38292936,
2A2A3544,
46372620,
31462925,
5349345B,
34453944,
41354B45,
4B544535,
3A3E4A67,
5E4F88A1,
58313F34,
55312639,
3E334871,
6C76301D,
42484D4B,
4938406A,
8C835B3A,
43229C9C,
50532E1F,
38312826,
2B353F44,
55514E49,
3D30313A,
37355073,
6535263D,
654B445E,
6E5D4030,
4952544E,
4D555A59,
595B5F64,
686A6C6C,
6E6F7071,
73747576,
7C7C7C7C,
7C7C7C7C,
7C7C7D7E,
7E7F8080,
7C7C7D7E,
7E7F8080,
7D7E7F81,
83858687,
86868584,
84838282,
83848587,
898B8C8D,
8A898786,
8687898A,
83848587,
898B8C8D,
8C8C8C8C,
8C8C8C8C,
90909090,
90909090,
8D8E8E8F,
91929293,
92929292,
92929292,
93949495,
97989899,
96969696,
96969696,
94949596,
96979898,
A3A19F9D,
9C9C9C9D,
A2A2A3A4,
A4A5A6A6,
A3A4A4A5,
A6A8A8A9,
ACADAFB1,
B3B5B7B8,
BCBDBEBF,
C1C2C3C4,
C4C5C6C7,
C9CACBCC,
CACCCECF,
D0D0CFCE,
CDDBD2CD,
DCCD9B7A,
706B655E,
5A595A5B,
575A5D5D,
5C5E6368,
6767686C,
72797F84,
87888887,
85827F7E,
7B7C7D7E,
7F808181,
84878B8D,
8D8A8582,
7C79746D,
66605A58,
5C595550,
4C494746,
494A4B4E,
53575C5E,
5F5E5C59,
57545251,
54595F63,
666C757B,
7C7E7F80,
7E7B7775,
72685B50,
49443F3B,
3A383532,
2F2D2D2D,
2D32383D,
41475057,
61626365,
67696B6C;
